/*******************************************************************************
 * Size: 18 px
 * Bpp: 4
 * Opts: undefined
 ******************************************************************************/

#ifdef LV_LVGL_H_INCLUDE_SIMPLE
#include "lvgl.h"
#else
#include "lvgl.h"
#endif

#ifndef LV_FONT_HYPIXEL11PXU_2_18
#define LV_FONT_HYPIXEL11PXU_2_18 1
#endif

#if LV_FONT_HYPIXEL11PXU_2_18

/*-----------------
 *    BITMAPS
 *----------------*/

/*Store the image of the glyphs*/
static LV_ATTRIBUTE_LARGE_CONST const uint8_t glyph_bitmap[] = {
    /* U+0020 " " */

    /* U+0021 "!" */
    0xd8, 0xd8, 0xd8, 0xd8, 0xd8, 0xd8, 0xd8, 0xd8,
    0x0, 0x95, 0xd8, 0xd8,

    /* U+0022 "\"" */
    0x3f, 0x27, 0xf3, 0xf2, 0x7f, 0x3f, 0x27, 0xf3,
    0xf2, 0x7f,

    /* U+0023 "#" */
    0x0, 0x0, 0xd8, 0x1f, 0x50, 0x0, 0x0, 0xd8,
    0x1f, 0x50, 0x3, 0x55, 0xeb, 0x6f, 0x83, 0x9,
    0xff, 0xff, 0xff, 0xfb, 0x0, 0x3f, 0x27, 0xf0,
    0x0, 0x0, 0x3f, 0x27, 0xf0, 0x0, 0x0, 0x3f,
    0x27, 0xf0, 0x0, 0x0, 0x3f, 0x27, 0xf0, 0x0,
    0xff, 0xff, 0xff, 0xff, 0x50, 0x5b, 0xd5, 0xeb,
    0x55, 0x10, 0x9, 0xc0, 0xd8, 0x0, 0x0, 0x9,
    0xc0, 0xd8, 0x0, 0x0,

    /* U+0024 "$" */
    0x0, 0x6, 0x40, 0x0, 0x0, 0xd, 0x80, 0x0,
    0x3, 0xff, 0xff, 0x0, 0x69, 0x5e, 0xb5, 0xa3,
    0x9c, 0xd, 0x80, 0xa3, 0x9c, 0xd, 0x80, 0x0,
    0x3, 0xff, 0x91, 0x0, 0x1, 0x5e, 0xff, 0x0,
    0x0, 0xd, 0xa4, 0x51, 0x0, 0xd, 0x81, 0xf5,
    0x9c, 0xd, 0x81, 0xf5, 0x9c, 0xd, 0x81, 0xf5,
    0x69, 0x5e, 0xb5, 0xa3, 0x3, 0xff, 0xff, 0x0,
    0x0, 0xd, 0x80, 0x0, 0x0, 0x6, 0x40, 0x0,

    /* U+0025 "%" */
    0xff, 0xc0, 0x0, 0x1f, 0x50, 0xf9, 0x6a, 0x10,
    0x1f, 0x50, 0xaa, 0xbf, 0x24, 0xaa, 0x30, 0x6,
    0xaa, 0x17, 0xf0, 0x0, 0x0, 0x0, 0x7, 0xf0,
    0x0, 0x0, 0x0, 0x95, 0x0, 0x0, 0x0, 0x0,
    0xd8, 0x0, 0x0, 0x0, 0x0, 0xd8, 0x0, 0x0,
    0x0, 0x3f, 0x27, 0xff, 0x50, 0x0, 0x3f, 0x27,
    0xf5, 0x97, 0x3, 0x6a, 0x14, 0xa5, 0xcb, 0x9,
    0xc0, 0x0, 0x1f, 0xfb, 0x9, 0xc0, 0x0, 0x0,
    0x0, 0x3, 0x40, 0x0, 0x0, 0x0,

    /* U+0026 "&" */
    0x3, 0xff, 0x80, 0x0, 0x9d, 0x55, 0x20, 0x0,
    0x9c, 0x0, 0x25, 0x0, 0x9c, 0x0, 0x7f, 0x0,
    0x8b, 0x11, 0x7f, 0x10, 0x3, 0xff, 0xff, 0xf5,
    0x0, 0x44, 0x9f, 0x41, 0x9c, 0x0, 0x7f, 0x0,
    0x9c, 0x0, 0x7f, 0x0, 0x9c, 0x0, 0x7f, 0x0,
    0x69, 0x55, 0x7a, 0x51, 0x3, 0xff, 0x81, 0xf5,

    /* U+0027 "'" */
    0xd8, 0xd8, 0xd8, 0xd8,

    /* U+0028 "(" */
    0x0, 0x7, 0xf0, 0x9, 0x84, 0x0, 0xd8, 0x0,
    0xd, 0x80, 0x3f, 0x20, 0x3, 0xf2, 0x0, 0x3f,
    0x20, 0x3, 0xf2, 0x0, 0x3f, 0x20, 0x3, 0xf2,
    0x0, 0x2a, 0x10, 0x0, 0xd, 0x80, 0x0, 0xc8,
    0x10, 0x0, 0x7f, 0x0, 0x1, 0x30,

    /* U+0029 ")" */
    0x3f, 0x20, 0x1, 0x59, 0x50, 0x0, 0xd8, 0x0,
    0xd, 0x80, 0x0, 0x7, 0xf0, 0x0, 0x7f, 0x0,
    0x7, 0xf0, 0x0, 0x7f, 0x0, 0x7, 0xf0, 0x0,
    0x7f, 0x0, 0x4, 0xa0, 0xd, 0x80, 0x1, 0xc8,
    0x3, 0xf2, 0x0, 0x4, 0x0, 0x0,

    /* U+002A "*" */
    0x1, 0xd9, 0x3, 0xff, 0xff, 0x4, 0xea, 0x30,
    0xd, 0x80, 0x3f, 0x27, 0xf1, 0x50, 0x24,

    /* U+002B "+" */
    0x0, 0xd, 0x80, 0x0, 0x0, 0xd, 0x80, 0x0,
    0x1, 0x1d, 0x91, 0x10, 0x9f, 0xff, 0xff, 0xf5,
    0x24, 0x4e, 0xa4, 0x41, 0x0, 0xd, 0x80, 0x0,
    0x0, 0x9, 0x50, 0x0,

    /* U+002C "," */
    0x2a, 0xa5, 0x3f, 0xf8, 0x3f, 0xf8, 0x1, 0xc8,
    0x3f, 0x20, 0x4, 0x0,

    /* U+002D "-" */
    0x1, 0x11, 0x13, 0xff, 0xff, 0x4, 0x44, 0x30,

    /* U+002E "." */
    0x2a, 0xa5, 0x3f, 0xf8, 0x3f, 0xf8,

    /* U+002F "/" */
    0x0, 0x0, 0x1, 0xf5, 0x0, 0x0, 0x1, 0xf5,
    0x0, 0x0, 0x4a, 0xa3, 0x0, 0x0, 0x7f, 0x0,
    0x0, 0x0, 0x7f, 0x0, 0x0, 0x9, 0x50, 0x0,
    0x0, 0xd, 0x80, 0x0, 0x0, 0xd, 0x80, 0x0,
    0x3, 0xf2, 0x0, 0x0, 0x3, 0xf2, 0x0, 0x0,
    0x2, 0xa1, 0x0, 0x0, 0x9c, 0x0, 0x0, 0x0,
    0x9c, 0x0, 0x0, 0x0, 0x68, 0x0, 0x0, 0x0,

    /* U+0030 "0" */
    0x3, 0xff, 0x80, 0x0, 0x9d, 0x55, 0xaf, 0x0,
    0x9c, 0x0, 0x14, 0xc3, 0x9c, 0x0, 0x1, 0xf5,
    0x9c, 0x1, 0x7f, 0xf5, 0x9c, 0xd, 0xb5, 0xf5,
    0x9c, 0x13, 0x21, 0xf5, 0x9f, 0xf2, 0x1, 0xf5,
    0x8c, 0x50, 0x1, 0xf5, 0x3, 0xf2, 0x1, 0xf5,
    0x0, 0x45, 0x55, 0x41, 0x0, 0xd, 0xff, 0x0,

    /* U+0031 "1" */
    0x0, 0x1d, 0x80, 0x0, 0x3, 0xff, 0x80, 0x0,
    0x1, 0x4e, 0x80, 0x0, 0x9c, 0xd, 0x80, 0x0,
    0x23, 0xd, 0x80, 0x0, 0x0, 0xd, 0x80, 0x0,
    0x0, 0xd, 0x80, 0x0, 0x0, 0xd, 0x80, 0x0,
    0x0, 0xd, 0x80, 0x0, 0x0, 0xd, 0x80, 0x0,
    0x35, 0x5e, 0xb5, 0x51, 0x9f, 0xff, 0xff, 0xf5,

    /* U+0032 "2" */
    0x3, 0xff, 0x80, 0x0, 0x69, 0x55, 0x7a, 0x0,
    0x9c, 0x0, 0x25, 0xa3, 0x9c, 0x0, 0x1, 0xf5,
    0x0, 0x0, 0x2, 0xe4, 0x0, 0x0, 0x7f, 0x0,
    0x0, 0x0, 0x23, 0x0, 0x0, 0x1c, 0x80, 0x0,
    0x3, 0xf2, 0x0, 0x0, 0x7a, 0x40, 0x0, 0x0,
    0x9d, 0x55, 0x55, 0x51, 0x9f, 0xff, 0xff, 0xf5,

    /* U+0033 "3" */
    0x3, 0xff, 0x80, 0x0, 0x69, 0x55, 0x7a, 0x0,
    0x9c, 0x0, 0x25, 0xa3, 0x9c, 0x0, 0x1, 0xf5,
    0x0, 0x1, 0x12, 0xe4, 0x0, 0xd, 0xff, 0x0,
    0x0, 0x3, 0x44, 0x51, 0x0, 0x0, 0x1, 0xf5,
    0x9c, 0x0, 0x1, 0xf5, 0x9c, 0x0, 0x1, 0xf5,
    0x69, 0x55, 0x55, 0xa3, 0x3, 0xff, 0xff, 0x0,

    /* U+0034 "4" */
    0x0, 0xd, 0x80, 0x0, 0x0, 0xd, 0x80, 0x0,
    0x2, 0xaa, 0x50, 0x0, 0x3, 0xf2, 0x0, 0x0,
    0x3, 0xf2, 0x0, 0x0, 0x9c, 0x0, 0x7f, 0x0,
    0x9c, 0x0, 0x7f, 0x0, 0x9c, 0x11, 0x7f, 0x10,
    0x9f, 0xff, 0xff, 0xf5, 0x24, 0x44, 0x9f, 0x41,
    0x1, 0x55, 0xaf, 0x51, 0x3, 0xff, 0xff, 0xf5,

    /* U+0035 "5" */
    0x9f, 0xff, 0xff, 0x0, 0x9d, 0x55, 0x54, 0x0,
    0x9c, 0x0, 0x0, 0x0, 0x9c, 0x0, 0x0, 0x0,
    0x9f, 0xff, 0x91, 0x0, 0x35, 0x55, 0xaf, 0x0,
    0x0, 0x0, 0x14, 0xb3, 0x0, 0x0, 0x1, 0xf5,
    0x0, 0x0, 0x1, 0xf5, 0x9c, 0x0, 0x1, 0xf5,
    0x24, 0x55, 0x55, 0x41, 0x3, 0xff, 0xff, 0x0,

    /* U+0036 "6" */
    0x4, 0xff, 0x90, 0x0, 0x9d, 0x55, 0xaf, 0x0,
    0x9c, 0x0, 0x13, 0x10, 0x9c, 0x0, 0x1, 0xf5,
    0x9c, 0x11, 0x11, 0x41, 0x9f, 0xff, 0xff, 0x0,
    0x9d, 0x44, 0x43, 0x0, 0x9c, 0x0, 0x1, 0xf5,
    0x9c, 0x0, 0x1, 0xf5, 0x9c, 0x0, 0x1, 0xf5,
    0x69, 0x55, 0x55, 0xa3, 0x3, 0xff, 0xff, 0x0,

    /* U+0037 "7" */
    0x9f, 0xff, 0xff, 0xf5, 0x35, 0x55, 0x55, 0xf5,
    0x0, 0x0, 0x1, 0xf5, 0x0, 0x0, 0x1, 0xf5,
    0x0, 0x0, 0x7f, 0x0, 0x0, 0x9, 0x84, 0x0,
    0x0, 0xd, 0x80, 0x0, 0x0, 0xd, 0x80, 0x0,
    0x3, 0xf2, 0x0, 0x0, 0x3, 0xf2, 0x0, 0x0,
    0x3, 0xf2, 0x0, 0x0, 0x3, 0xf2, 0x0, 0x0,

    /* U+0038 "8" */
    0x4, 0xff, 0x90, 0x0, 0x9d, 0x55, 0xaf, 0x0,
    0x9c, 0x0, 0x14, 0xa3, 0x9c, 0x0, 0x1, 0xf5,
    0x8b, 0x11, 0x12, 0xe4, 0x3, 0xff, 0xff, 0x0,
    0x0, 0x44, 0x43, 0x0, 0x9c, 0x0, 0x1, 0xf5,
    0x9c, 0x0, 0x1, 0xf5, 0x9c, 0x0, 0x1, 0xf5,
    0x69, 0x55, 0x55, 0xa3, 0x3, 0xff, 0xff, 0x0,

    /* U+0039 "9" */
    0x3, 0xff, 0x80, 0x0, 0x9d, 0x55, 0xaf, 0x0,
    0x9c, 0x0, 0x14, 0xc3, 0x9c, 0x0, 0x1, 0xf5,
    0x8b, 0x11, 0x12, 0xf5, 0x3, 0xff, 0xff, 0xf5,
    0x0, 0x44, 0x44, 0xf5, 0x0, 0x0, 0x1, 0xf5,
    0x0, 0x0, 0x1, 0xf5, 0x9c, 0x0, 0x1, 0xf5,
    0x24, 0x55, 0x55, 0x41, 0x3, 0xff, 0xff, 0x0,

    /* U+003A ":" */
    0x3f, 0xf8, 0x3f, 0xf8, 0x2a, 0xa5, 0x0, 0x0,
    0x0, 0x0, 0x2a, 0xa5, 0x3f, 0xf8, 0x3f, 0xf8,

    /* U+003B ";" */
    0x3f, 0xf8, 0x3f, 0xf8, 0x2a, 0xa5, 0x0, 0x0,
    0x0, 0x0, 0x2a, 0xa5, 0x3f, 0xf8, 0x3f, 0xf8,
    0x1, 0xc8, 0x3f, 0x20, 0x4, 0x0,

    /* U+003C "<" */
    0x0, 0x11, 0x7f, 0xf5, 0x3, 0xff, 0xb5, 0x51,
    0x1, 0x44, 0x20, 0x0, 0x9b, 0x11, 0x0, 0x0,
    0x3, 0xee, 0x81, 0x10, 0x0, 0x0, 0x7f, 0xf5,
    0x0, 0x0, 0x14, 0x41,

    /* U+003D "=" */
    0x1, 0x11, 0x11, 0x10, 0x9f, 0xff, 0xff, 0xf5,
    0x24, 0x44, 0x44, 0x41, 0x1, 0x11, 0x11, 0x10,
    0x9f, 0xff, 0xff, 0xf5, 0x24, 0x44, 0x44, 0x41,

    /* U+003E ">" */
    0x9f, 0xf3, 0x11, 0x0, 0x35, 0x5e, 0xff, 0x0,
    0x0, 0x3, 0x44, 0x10, 0x0, 0x0, 0x11, 0xf4,
    0x1, 0x1c, 0xed, 0x0, 0x9f, 0xf2, 0x0, 0x0,
    0x24, 0x40, 0x0, 0x0,

    /* U+003F "?" */
    0x3, 0xff, 0x80, 0x0, 0x69, 0x55, 0x7a, 0x0,
    0x9c, 0x0, 0x25, 0xa3, 0x9c, 0x0, 0x1, 0xf5,
    0x0, 0x0, 0x2, 0xe4, 0x0, 0x0, 0x7f, 0x0,
    0x0, 0x0, 0x23, 0x0, 0x0, 0xd, 0x80, 0x0,
    0x0, 0x3, 0x20, 0x0, 0x0, 0x9, 0x50, 0x0,
    0x0, 0xd, 0x80, 0x0, 0x0, 0xd, 0x80, 0x0,

    /* U+0040 "@" */
    0x4, 0xff, 0x90, 0x0, 0x9d, 0x55, 0xaf, 0x0,
    0x9c, 0x0, 0x14, 0xc3, 0x9c, 0x0, 0x1, 0xf5,
    0x9c, 0x0, 0x7f, 0xf5, 0x9c, 0x9, 0x85, 0xf5,
    0x9c, 0xd, 0x81, 0xf5, 0x9c, 0xc, 0x81, 0xf5,
    0x9c, 0x0, 0x7f, 0xf5, 0x9c, 0x0, 0x14, 0x41,
    0x9c, 0x0, 0x0, 0x51, 0x9c, 0x11, 0x11, 0xf5,
    0x3, 0xff, 0xff, 0x0, 0x0, 0x44, 0x43, 0x0,

    /* U+0041 "A" */
    0x4, 0xff, 0x90, 0x0, 0x9d, 0x55, 0xaf, 0x0,
    0x9c, 0x0, 0x14, 0x51, 0x9c, 0x0, 0x1, 0xf5,
    0x9c, 0x11, 0x12, 0xf5, 0x9f, 0xff, 0xff, 0xf5,
    0x9d, 0x44, 0x44, 0xf5, 0x9c, 0x0, 0x1, 0xf5,
    0x9c, 0x0, 0x1, 0xf5, 0x9c, 0x0, 0x1, 0xf5,
    0x9c, 0x0, 0x1, 0xf5, 0x9c, 0x0, 0x1, 0xf5,

    /* U+0042 "B" */
    0x9f, 0xff, 0x90, 0x0, 0x9d, 0x55, 0xaf, 0x0,
    0x9c, 0x0, 0x14, 0xa3, 0x9c, 0x0, 0x1, 0xf5,
    0x9c, 0x11, 0x12, 0xe4, 0x9f, 0xff, 0xff, 0x0,
    0x9d, 0x44, 0x43, 0x0, 0x9c, 0x0, 0x1, 0xf5,
    0x9c, 0x0, 0x1, 0xf5, 0x9c, 0x0, 0x1, 0xf5,
    0x9d, 0x55, 0x55, 0xa3, 0x9f, 0xff, 0xff, 0x0,

    /* U+0043 "C" */
    0x3, 0xff, 0x80, 0x0, 0x9d, 0x55, 0xaf, 0x0,
    0x9c, 0x0, 0x25, 0x10, 0x9c, 0x0, 0x1, 0xf5,
    0x9c, 0x0, 0x0, 0x41, 0x9c, 0x0, 0x0, 0x0,
    0x9c, 0x0, 0x0, 0x0, 0x9c, 0x0, 0x0, 0x0,
    0x9c, 0x0, 0x0, 0x0, 0x9c, 0x0, 0x0, 0x0,
    0x35, 0x55, 0x55, 0x51, 0x3, 0xff, 0xff, 0xf5,

    /* U+0044 "D" */
    0x9f, 0xff, 0x90, 0x0, 0x9d, 0x55, 0xaf, 0x0,
    0x9c, 0x0, 0x13, 0x0, 0x9c, 0x0, 0x1, 0xf5,
    0x9c, 0x0, 0x1, 0xf5, 0x9c, 0x0, 0x1, 0xf5,
    0x9c, 0x0, 0x1, 0xf5, 0x9c, 0x0, 0x1, 0xf5,
    0x9c, 0x0, 0x1, 0xf5, 0x9c, 0x0, 0x1, 0xf5,
    0x9d, 0x55, 0x55, 0xa3, 0x9f, 0xff, 0xff, 0x0,

    /* U+0045 "E" */
    0x9f, 0xff, 0xff, 0x0, 0x9d, 0x55, 0x54, 0x0,
    0x9c, 0x0, 0x0, 0x0, 0x9c, 0x0, 0x0, 0x0,
    0x9c, 0x11, 0x11, 0x0, 0x9f, 0xff, 0xff, 0x0,
    0x9d, 0x44, 0x43, 0x0, 0x9c, 0x0, 0x0, 0x0,
    0x9c, 0x0, 0x0, 0x0, 0x9c, 0x0, 0x0, 0x0,
    0x9d, 0x55, 0x55, 0x51, 0x9f, 0xff, 0xff, 0xf5,

    /* U+0046 "F" */
    0x9f, 0xff, 0xff, 0xf5, 0x9d, 0x55, 0x55, 0x51,
    0x9c, 0x0, 0x0, 0x0, 0x9c, 0x0, 0x0, 0x0,
    0x9c, 0x11, 0x11, 0x0, 0x9f, 0xff, 0xff, 0x0,
    0x9d, 0x44, 0x43, 0x0, 0x9c, 0x0, 0x0, 0x0,
    0x9c, 0x0, 0x0, 0x0, 0x9c, 0x0, 0x0, 0x0,
    0x9c, 0x0, 0x0, 0x0, 0x9c, 0x0, 0x0, 0x0,

    /* U+0047 "G" */
    0x3, 0xff, 0x80, 0x0, 0x9d, 0x55, 0xaf, 0x0,
    0x9c, 0x0, 0x25, 0x10, 0x9c, 0x0, 0x1, 0xf5,
    0x9c, 0x0, 0x0, 0x41, 0x9c, 0x0, 0x0, 0x0,
    0x9c, 0x0, 0x11, 0x10, 0x9c, 0xd, 0xff, 0xf5,
    0x9c, 0x3, 0x44, 0xf5, 0x9c, 0x0, 0x1, 0xf5,
    0x35, 0x55, 0x55, 0xf5, 0x3, 0xff, 0xff, 0xf5,

    /* U+0048 "H" */
    0x9c, 0x0, 0x1, 0xf5, 0x9c, 0x0, 0x1, 0xf5,
    0x9c, 0x0, 0x1, 0xf5, 0x9c, 0x0, 0x1, 0xf5,
    0x9c, 0x11, 0x12, 0xf5, 0x9f, 0xff, 0xff, 0xf5,
    0x9d, 0x44, 0x44, 0xf5, 0x9c, 0x0, 0x1, 0xf5,
    0x9c, 0x0, 0x1, 0xf5, 0x9c, 0x0, 0x1, 0xf5,
    0x9c, 0x0, 0x1, 0xf5, 0x9c, 0x0, 0x1, 0xf5,

    /* U+0049 "I" */
    0x9f, 0xff, 0xff, 0xf5, 0x35, 0x5e, 0xb5, 0x51,
    0x0, 0xd, 0x80, 0x0, 0x0, 0xd, 0x80, 0x0,
    0x0, 0xd, 0x80, 0x0, 0x0, 0xd, 0x80, 0x0,
    0x0, 0xd, 0x80, 0x0, 0x0, 0xd, 0x80, 0x0,
    0x0, 0xd, 0x80, 0x0, 0x0, 0xd, 0x80, 0x0,
    0x35, 0x5e, 0xb5, 0x51, 0x9f, 0xff, 0xff, 0xf5,

    /* U+004A "J" */
    0x3, 0xff, 0xff, 0xf5, 0x1, 0x55, 0x55, 0xf5,
    0x0, 0x0, 0x1, 0xf5, 0x0, 0x0, 0x1, 0xf5,
    0x0, 0x0, 0x1, 0xf5, 0x0, 0x0, 0x1, 0xf5,
    0x78, 0x0, 0x1, 0xf5, 0x9c, 0x0, 0x1, 0xf5,
    0x9c, 0x0, 0x2, 0xe4, 0x9c, 0x0, 0x7f, 0x0,
    0x24, 0x55, 0x43, 0x0, 0x3, 0xff, 0x80, 0x0,

    /* U+004B "K" */
    0x9c, 0x0, 0x1, 0xf5, 0x9c, 0x0, 0x1, 0xf5,
    0x9c, 0x0, 0x1, 0xa3, 0x9c, 0x0, 0x7f, 0x0,
    0x9c, 0x1d, 0x80, 0x0, 0x9f, 0xf6, 0x20, 0x0,
    0x9d, 0x41, 0x0, 0x0, 0x9c, 0xc, 0x80, 0x0,
    0x9c, 0x0, 0x7f, 0x0, 0x9c, 0x0, 0x14, 0xa3,
    0x9c, 0x0, 0x1, 0xf5, 0x9c, 0x0, 0x1, 0xf5,

    /* U+004C "L" */
    0x9c, 0x0, 0x0, 0x0, 0x9c, 0x0, 0x0, 0x0,
    0x9c, 0x0, 0x0, 0x0, 0x9c, 0x0, 0x0, 0x0,
    0x9c, 0x0, 0x0, 0x0, 0x9c, 0x0, 0x0, 0x0,
    0x9c, 0x0, 0x0, 0x0, 0x9c, 0x0, 0x0, 0x0,
    0x9c, 0x0, 0x0, 0x0, 0x9c, 0x0, 0x0, 0x0,
    0x9d, 0x55, 0x55, 0x51, 0x9f, 0xff, 0xff, 0xf5,

    /* U+004D "M" */
    0x3, 0xf2, 0x7f, 0x0, 0x3, 0xf2, 0x7f, 0x0,
    0x36, 0xa6, 0x7a, 0x51, 0x9c, 0xd, 0x81, 0xf5,
    0x9c, 0xd, 0x81, 0xf5, 0x9c, 0xd, 0x81, 0xf5,
    0x9c, 0xd, 0x81, 0xf5, 0x9c, 0xd, 0x81, 0xf5,
    0x9c, 0xd, 0x81, 0xf5, 0x9c, 0x4, 0x21, 0xf5,
    0x9c, 0x0, 0x1, 0xf5, 0x9c, 0x0, 0x1, 0xf5,

    /* U+004E "N" */
    0x9c, 0x10, 0x1, 0xf5, 0x9f, 0xf2, 0x1, 0xf5,
    0x9d, 0x49, 0x51, 0xf5, 0x9c, 0xd, 0x81, 0xf5,
    0x9c, 0xc, 0x82, 0xf5, 0x9c, 0x0, 0x7f, 0xf5,
    0x9c, 0x0, 0x14, 0xf5, 0x9c, 0x0, 0x1, 0xf5,
    0x9c, 0x0, 0x1, 0xf5, 0x9c, 0x0, 0x1, 0xf5,
    0x9c, 0x0, 0x1, 0xf5, 0x9c, 0x0, 0x1, 0xf5,

    /* U+004F "O" */
    0x4, 0xff, 0x90, 0x0, 0x9d, 0x55, 0xaf, 0x0,
    0x9c, 0x0, 0x13, 0x0, 0x9c, 0x0, 0x1, 0xf5,
    0x9c, 0x0, 0x1, 0xf5, 0x9c, 0x0, 0x1, 0xf5,
    0x9c, 0x0, 0x1, 0xf5, 0x9c, 0x0, 0x1, 0xf5,
    0x9c, 0x0, 0x1, 0xf5, 0x9c, 0x0, 0x1, 0xf5,
    0x69, 0x55, 0x55, 0xa3, 0x3, 0xff, 0xff, 0x0,

    /* U+0050 "P" */
    0x9f, 0xff, 0x90, 0x0, 0x9d, 0x55, 0xaf, 0x0,
    0x9c, 0x0, 0x13, 0x0, 0x9c, 0x0, 0x1, 0xf5,
    0x9c, 0x0, 0x1, 0xf5, 0x9c, 0x0, 0x1, 0xf5,
    0x9c, 0x11, 0x11, 0xf4, 0x9f, 0xff, 0xff, 0x0,
    0x9d, 0x44, 0x43, 0x0, 0x9c, 0x0, 0x0, 0x0,
    0x9c, 0x0, 0x0, 0x0, 0x9c, 0x0, 0x0, 0x0,

    /* U+0051 "Q" */
    0x4, 0xff, 0x90, 0x0, 0x9, 0xd5, 0x5a, 0xf0,
    0x0, 0x9c, 0x0, 0x13, 0x0, 0x9, 0xc0, 0x0,
    0x1f, 0x50, 0x9c, 0x0, 0x1, 0xf5, 0x9, 0xc0,
    0x0, 0x1f, 0x50, 0x9c, 0x0, 0x1, 0xf5, 0x9,
    0xc0, 0x0, 0x1f, 0x50, 0x9c, 0x0, 0x1, 0xf5,
    0x9, 0xc0, 0x0, 0x1f, 0x50, 0x69, 0x55, 0x55,
    0xa3, 0x0, 0x3f, 0xff, 0xf1, 0x0, 0x0, 0x0,
    0x0, 0xe5, 0x0, 0x0, 0x0, 0x0, 0xbb, 0x0,
    0x0, 0x0, 0x2, 0x20,

    /* U+0052 "R" */
    0x9f, 0xff, 0x90, 0x0, 0x9d, 0x55, 0xaf, 0x0,
    0x9c, 0x0, 0x14, 0xa3, 0x9c, 0x0, 0x1, 0xf5,
    0x9c, 0x11, 0x12, 0xe4, 0x9f, 0xff, 0xff, 0x0,
    0x9d, 0x44, 0x9f, 0x0, 0x9c, 0x0, 0x7f, 0x0,
    0x9c, 0x0, 0x1, 0xf5, 0x9c, 0x0, 0x1, 0xf5,
    0x9c, 0x0, 0x1, 0xf5, 0x9c, 0x0, 0x1, 0xf5,

    /* U+0053 "S" */
    0x3, 0xff, 0x80, 0x0, 0x9d, 0x55, 0xaf, 0x0,
    0x9c, 0x0, 0x25, 0x10, 0x9c, 0x0, 0x1, 0xf5,
    0x8b, 0x11, 0x0, 0x41, 0x3, 0xff, 0x80, 0x0,
    0x0, 0x44, 0x20, 0x0, 0x0, 0x0, 0x7f, 0x0,
    0x9c, 0x0, 0x1, 0xf5, 0x9c, 0x0, 0x1, 0xf5,
    0x69, 0x55, 0x55, 0xa3, 0x3, 0xff, 0xff, 0x0,

    /* U+0054 "T" */
    0x9f, 0xff, 0xff, 0xf5, 0x35, 0x5e, 0xb5, 0x51,
    0x0, 0xd, 0x80, 0x0, 0x0, 0xd, 0x80, 0x0,
    0x0, 0xd, 0x80, 0x0, 0x0, 0xd, 0x80, 0x0,
    0x0, 0xd, 0x80, 0x0, 0x0, 0xd, 0x80, 0x0,
    0x0, 0xd, 0x80, 0x0, 0x0, 0xd, 0x80, 0x0,
    0x0, 0xd, 0x80, 0x0, 0x0, 0xd, 0x80, 0x0,

    /* U+0055 "U" */
    0x9c, 0x0, 0x1, 0xf5, 0x9c, 0x0, 0x1, 0xf5,
    0x9c, 0x0, 0x1, 0xf5, 0x9c, 0x0, 0x1, 0xf5,
    0x9c, 0x0, 0x1, 0xf5, 0x9c, 0x0, 0x1, 0xf5,
    0x9c, 0x0, 0x1, 0xf5, 0x9c, 0x0, 0x1, 0xf5,
    0x9c, 0x0, 0x1, 0xf5, 0x9c, 0x0, 0x1, 0xf5,
    0x69, 0x55, 0x55, 0xa3, 0x3, 0xff, 0xff, 0x0,

    /* U+0056 "V" */
    0x9c, 0x0, 0x1, 0xf5, 0x9c, 0x0, 0x1, 0xf5,
    0x9c, 0x0, 0x1, 0xf5, 0x9c, 0x0, 0x1, 0xf5,
    0x9c, 0x0, 0x1, 0xf5, 0x9c, 0x0, 0x1, 0xf5,
    0x9c, 0x0, 0x1, 0xf5, 0x9c, 0x0, 0x27, 0xf5,
    0x9c, 0x10, 0x7f, 0x0, 0x37, 0xf2, 0x7f, 0x0,
    0x0, 0x45, 0x43, 0x0, 0x0, 0xd, 0x80, 0x0,

    /* U+0057 "W" */
    0x9c, 0x0, 0x1, 0xf5, 0x9c, 0x0, 0x1, 0xf5,
    0x9c, 0x4, 0x31, 0xf5, 0x9c, 0xd, 0x81, 0xf5,
    0x9c, 0xd, 0x81, 0xf5, 0x9c, 0xd, 0x81, 0xf5,
    0x9c, 0xd, 0x81, 0xf5, 0x9c, 0xd, 0x81, 0xf5,
    0x9c, 0xd, 0x81, 0xf5, 0x36, 0xa6, 0x7a, 0x51,
    0x3, 0xf2, 0x7f, 0x0, 0x3, 0xf2, 0x7f, 0x0,

    /* U+0058 "X" */
    0x9c, 0x0, 0x1, 0xf5, 0x9c, 0x0, 0x1, 0xf5,
    0x68, 0x10, 0x1, 0xa3, 0x3, 0xf2, 0x7f, 0x0,
    0x0, 0xd, 0x80, 0x0, 0x0, 0xd, 0x80, 0x0,
    0x0, 0xd, 0x80, 0x0, 0x0, 0x1d, 0x90, 0x0,
    0x3, 0xf2, 0x7f, 0x0, 0x69, 0x40, 0x14, 0xa3,
    0x9c, 0x0, 0x1, 0xf5, 0x9c, 0x0, 0x1, 0xf5,

    /* U+0059 "Y" */
    0x9c, 0x0, 0x1, 0xf5, 0x9c, 0x0, 0x1, 0xf5,
    0x9c, 0x0, 0x1, 0xf5, 0x9c, 0x0, 0x1, 0xf5,
    0x9c, 0x10, 0x2, 0xf5, 0x37, 0xf2, 0x7f, 0x51,
    0x0, 0x4a, 0x83, 0x0, 0x0, 0xd, 0x80, 0x0,
    0x0, 0xd, 0x80, 0x0, 0x0, 0xd, 0x80, 0x0,
    0x35, 0x5e, 0xb5, 0x51, 0x9f, 0xff, 0xff, 0xf5,

    /* U+005A "Z" */
    0x9f, 0xff, 0xff, 0x0, 0x35, 0x55, 0xaf, 0x0,
    0x0, 0x0, 0x7f, 0x0, 0x0, 0x0, 0x7f, 0x0,
    0x0, 0xd, 0x80, 0x0, 0x0, 0xd, 0x80, 0x0,
    0x0, 0x9, 0x50, 0x0, 0x3, 0xf2, 0x0, 0x0,
    0x3, 0xf2, 0x0, 0x0, 0x69, 0x50, 0x0, 0x0,
    0x9d, 0x55, 0x55, 0x51, 0x9f, 0xff, 0xff, 0xf5,

    /* U+005B "[" */
    0x3f, 0xff, 0xf3, 0xf6, 0x54, 0x3f, 0x20, 0x3,
    0xf2, 0x0, 0x3f, 0x20, 0x3, 0xf2, 0x0, 0x3f,
    0x20, 0x3, 0xf2, 0x0, 0x3f, 0x20, 0x3, 0xf2,
    0x0, 0x3f, 0x20, 0x3, 0xf2, 0x0, 0x3f, 0x31,
    0x13, 0xff, 0xff, 0x4, 0x44, 0x30,

    /* U+005C "\\" */
    0x9c, 0x0, 0x0, 0x0, 0x9c, 0x0, 0x0, 0x0,
    0x6a, 0xa1, 0x0, 0x0, 0x3, 0xf2, 0x0, 0x0,
    0x3, 0xf2, 0x0, 0x0, 0x0, 0x9, 0x50, 0x0,
    0x0, 0xd, 0x80, 0x0, 0x0, 0xd, 0x80, 0x0,
    0x0, 0x0, 0x7f, 0x0, 0x0, 0x0, 0x7f, 0x0,
    0x0, 0x0, 0x4a, 0x0, 0x0, 0x0, 0x1, 0xf5,
    0x0, 0x0, 0x1, 0xf5, 0x0, 0x0, 0x0, 0xa3,

    /* U+005D "]" */
    0x3f, 0xff, 0xf1, 0x55, 0xaf, 0x0, 0x7, 0xf0,
    0x0, 0x7f, 0x0, 0x7, 0xf0, 0x0, 0x7f, 0x0,
    0x7, 0xf0, 0x0, 0x7f, 0x0, 0x7, 0xf0, 0x0,
    0x7f, 0x0, 0x7, 0xf0, 0x0, 0x7f, 0x1, 0x17,
    0xf3, 0xff, 0xff, 0x4, 0x44, 0x30,

    /* U+005E "^" */
    0x0, 0x0, 0x0, 0x0, 0x0, 0xd, 0x80, 0x0,
    0x0, 0x13, 0x20, 0x0, 0x4, 0xe2, 0x6d, 0x10,
    0x9c, 0x0, 0x1, 0xf5, 0x23, 0x0, 0x0, 0x41,

    /* U+005F "_" */
    0x11, 0x11, 0x11, 0x11, 0x10, 0xff, 0xff, 0xff,
    0xff, 0xfb, 0x44, 0x44, 0x44, 0x44, 0x42,

    /* U+0060 "`" */
    0x1, 0x0, 0x3e, 0x30, 0x0, 0xd8, 0x0, 0x32,

    /* U+0061 "a" */
    0x3, 0xff, 0x80, 0x0, 0x1, 0x55, 0x7a, 0x0,
    0x0, 0x11, 0x7f, 0x10, 0x3, 0xff, 0xff, 0xf5,
    0x9c, 0x0, 0x1, 0xf5, 0x9c, 0x0, 0x1, 0xf5,
    0x69, 0x55, 0x55, 0xf5, 0x3, 0xff, 0xff, 0xf5,

    /* U+0062 "b" */
    0x9c, 0x0, 0x0, 0x0, 0x9c, 0x0, 0x0, 0x0,
    0x9c, 0x0, 0x0, 0x0, 0x9c, 0x0, 0x0, 0x0,
    0x9f, 0xff, 0x91, 0x0, 0x9d, 0x55, 0xaf, 0x0,
    0x9c, 0x0, 0x14, 0x51, 0x9c, 0x0, 0x1, 0xf5,
    0x9c, 0x0, 0x1, 0xf5, 0x9c, 0x0, 0x1, 0xf5,
    0x69, 0x55, 0x55, 0xa3, 0x3, 0xff, 0xff, 0x0,

    /* U+0063 "c" */
    0x3, 0xff, 0x80, 0x0, 0x9d, 0x55, 0xaf, 0x0,
    0x9c, 0x0, 0x25, 0x10, 0x9c, 0x0, 0x1, 0xf5,
    0x9c, 0x0, 0x0, 0x41, 0x9c, 0x0, 0x0, 0x0,
    0x35, 0x55, 0x55, 0x51, 0x3, 0xff, 0xff, 0xf5,

    /* U+0064 "d" */
    0x0, 0x0, 0x1, 0xf5, 0x0, 0x0, 0x1, 0xf5,
    0x0, 0x0, 0x1, 0xf5, 0x0, 0x0, 0x1, 0xf5,
    0x3, 0xff, 0x81, 0xf5, 0x9d, 0x55, 0xaf, 0xf5,
    0x9c, 0x0, 0x26, 0xf5, 0x9c, 0x0, 0x1, 0xf5,
    0x9c, 0x0, 0x1, 0xf5, 0x9c, 0x0, 0x1, 0xf5,
    0x35, 0x55, 0x55, 0xf5, 0x3, 0xff, 0xff, 0xf5,

    /* U+0065 "e" */
    0x3, 0xff, 0x80, 0x0, 0x9d, 0x55, 0xaf, 0x0,
    0x9c, 0x11, 0x7f, 0x10, 0x9f, 0xff, 0xff, 0xf5,
    0x9d, 0x44, 0x44, 0x41, 0x9c, 0x0, 0x0, 0x0,
    0x35, 0x55, 0x55, 0x51, 0x3, 0xff, 0xff, 0xf5,

    /* U+0066 "f" */
    0x0, 0xd, 0xff, 0x0, 0x2, 0xa6, 0x54, 0x0,
    0x3, 0xf2, 0x0, 0x0, 0x3, 0xf2, 0x0, 0x0,
    0x9f, 0xff, 0xff, 0xf5, 0x37, 0xf6, 0x55, 0x51,
    0x3, 0xf2, 0x0, 0x0, 0x3, 0xf2, 0x0, 0x0,
    0x3, 0xf2, 0x0, 0x0, 0x3, 0xf2, 0x0, 0x0,
    0x3, 0xf2, 0x0, 0x0, 0x3, 0xf2, 0x0, 0x0,

    /* U+0067 "g" */
    0x0, 0x0, 0x4a, 0x0, 0x0, 0x0, 0x7f, 0x0,
    0x0, 0x0, 0x7f, 0x0, 0x4, 0xff, 0x91, 0x0,
    0x9d, 0x55, 0xaf, 0x0, 0x9c, 0x0, 0x14, 0x10,
    0x9b, 0x11, 0x11, 0xf4, 0x3, 0xff, 0xff, 0x0,
    0x69, 0x44, 0x43, 0x0, 0x9d, 0x55, 0x54, 0x0,
    0x9f, 0xff, 0xff, 0x0, 0x9c, 0x0, 0x1, 0xf5,
    0x9c, 0x0, 0x1, 0xf5, 0x69, 0x55, 0x55, 0xa3,
    0x3, 0xff, 0xff, 0x0,

    /* U+0068 "h" */
    0x9c, 0x0, 0x0, 0x0, 0x9c, 0x0, 0x0, 0x0,
    0x9c, 0x0, 0x0, 0x0, 0x9c, 0x0, 0x0, 0x0,
    0x9f, 0xff, 0x91, 0x0, 0x9d, 0x55, 0xaf, 0x0,
    0x9c, 0x0, 0x14, 0x51, 0x9c, 0x0, 0x1, 0xf5,
    0x9c, 0x0, 0x1, 0xf5, 0x9c, 0x0, 0x1, 0xf5,
    0x9c, 0x0, 0x1, 0xf5, 0x9c, 0x0, 0x1, 0xf5,

    /* U+0069 "i" */
    0x0, 0xd, 0x80, 0x0, 0x0, 0xd, 0x80, 0x0,
    0x0, 0x8, 0x50, 0x0, 0x0, 0x0, 0x0, 0x0,
    0x9f, 0xff, 0x80, 0x0, 0x35, 0x5e, 0x80, 0x0,
    0x0, 0xd, 0x80, 0x0, 0x0, 0xd, 0x80, 0x0,
    0x0, 0xd, 0x80, 0x0, 0x0, 0xd, 0x80, 0x0,
    0x35, 0x5e, 0xb5, 0x51, 0x9f, 0xff, 0xff, 0xf5,

    /* U+006A "j" */
    0x0, 0x0, 0x7f, 0x0, 0x0, 0x7f, 0x0, 0x0,
    0x49, 0x0, 0x0, 0x0, 0x9f, 0xff, 0xff, 0x35,
    0x55, 0xaf, 0x0, 0x0, 0x7f, 0x0, 0x0, 0x7f,
    0x0, 0x0, 0x7f, 0x0, 0x0, 0x7f, 0x0, 0x0,
    0x7f, 0x0, 0x0, 0x7f, 0x9c, 0x0, 0x7f, 0x9c,
    0x0, 0x7f, 0x69, 0x55, 0x7a, 0x3, 0xff, 0x80,

    /* U+006B "k" */
    0x9c, 0x0, 0x0, 0x0, 0x9c, 0x0, 0x0, 0x0,
    0x9c, 0x0, 0x0, 0x0, 0x9c, 0x0, 0x0, 0x0,
    0x9c, 0x0, 0x2, 0xf5, 0x9c, 0x0, 0x7f, 0x51,
    0x9c, 0x11, 0x23, 0x0, 0x9f, 0xff, 0x80, 0x0,
    0x9c, 0x0, 0x7f, 0x0, 0x9c, 0x0, 0x14, 0xa3,
    0x9c, 0x0, 0x1, 0xf5, 0x9c, 0x0, 0x1, 0xf5,

    /* U+006C "l" */
    0x9f, 0xff, 0x80, 0x0, 0x35, 0x5e, 0x80, 0x0,
    0x0, 0xd, 0x80, 0x0, 0x0, 0xd, 0x80, 0x0,
    0x0, 0xd, 0x80, 0x0, 0x0, 0xd, 0x80, 0x0,
    0x0, 0xd, 0x80, 0x0, 0x0, 0xd, 0x80, 0x0,
    0x0, 0xd, 0x80, 0x0, 0x0, 0xd, 0x80, 0x0,
    0x35, 0x5e, 0xb5, 0x51, 0x9f, 0xff, 0xff, 0xf5,

    /* U+006D "m" */
    0x3, 0xf2, 0x7f, 0x0, 0x69, 0x59, 0x85, 0xa3,
    0x9c, 0xd, 0x81, 0xf5, 0x9c, 0xd, 0x81, 0xf5,
    0x9c, 0xd, 0x81, 0xf5, 0x9c, 0xd, 0x81, 0xf5,
    0x9c, 0x9, 0x51, 0xf5, 0x9c, 0x0, 0x1, 0xf5,

    /* U+006E "n" */
    0x4, 0xff, 0x91, 0x0, 0x9d, 0x55, 0xaf, 0x0,
    0x9c, 0x0, 0x14, 0x51, 0x9c, 0x0, 0x1, 0xf5,
    0x9c, 0x0, 0x1, 0xf5, 0x9c, 0x0, 0x1, 0xf5,
    0x9c, 0x0, 0x1, 0xf5, 0x9c, 0x0, 0x1, 0xf5,

    /* U+006F "o" */
    0x4, 0xff, 0x91, 0x0, 0x9d, 0x55, 0xaf, 0x0,
    0x9c, 0x0, 0x13, 0x0, 0x9c, 0x0, 0x1, 0xf5,
    0x9c, 0x0, 0x1, 0xf5, 0x9c, 0x0, 0x1, 0xf5,
    0x69, 0x55, 0x55, 0xa3, 0x3, 0xff, 0xff, 0x0,

    /* U+0070 "p" */
    0x3, 0xff, 0x80, 0x0, 0x69, 0x55, 0x7a, 0x0,
    0x9c, 0x0, 0x4a, 0x0, 0x9c, 0x0, 0x1, 0xf5,
    0x9c, 0x0, 0x1, 0xf5, 0x9c, 0x0, 0x1, 0xf5,
    0x9d, 0x55, 0x55, 0xa3, 0x9f, 0xff, 0xff, 0x0,
    0x9c, 0x0, 0x0, 0x0, 0x9c, 0x0, 0x0, 0x0,
    0x9c, 0x0, 0x0, 0x0, 0x9c, 0x0, 0x0, 0x0,

    /* U+0071 "q" */
    0x3, 0xff, 0x80, 0x0, 0x9d, 0x55, 0xaf, 0x0,
    0x9c, 0x0, 0x25, 0x51, 0x9c, 0x0, 0x1, 0xf5,
    0x9c, 0x0, 0x1, 0xf5, 0x9c, 0x0, 0x1, 0xf5,
    0x35, 0x55, 0x55, 0xf5, 0x3, 0xff, 0xff, 0xf5,
    0x0, 0x0, 0x1, 0xf5, 0x0, 0x0, 0x1, 0xf5,
    0x0, 0x0, 0x1, 0xf5, 0x0, 0x0, 0x1, 0xf5,

    /* U+0072 "r" */
    0x3, 0xff, 0xff, 0xf5, 0x69, 0x55, 0x55, 0x51,
    0x9c, 0x0, 0x0, 0x0, 0x9c, 0x0, 0x0, 0x0,
    0x9c, 0x0, 0x0, 0x0, 0x9c, 0x0, 0x0, 0x0,
    0x9c, 0x0, 0x0, 0x0, 0x9c, 0x0, 0x0, 0x0,

    /* U+0073 "s" */
    0x4, 0xff, 0xff, 0x0, 0x9d, 0x55, 0x54, 0x0,
    0x23, 0x11, 0x10, 0x0, 0x3, 0xff, 0xff, 0x0,
    0x0, 0x0, 0x1, 0xf5, 0x0, 0x0, 0x1, 0xf5,
    0x35, 0x55, 0x55, 0xa3, 0x9f, 0xff, 0xff, 0x0,

    /* U+0074 "t" */
    0x2, 0xa1, 0x0, 0x0, 0x3, 0xf2, 0x0, 0x0,
    0x3, 0xf2, 0x0, 0x0, 0x9f, 0xff, 0xff, 0xf5,
    0x37, 0xf6, 0x55, 0x51, 0x3, 0xf2, 0x0, 0x0,
    0x3, 0xf2, 0x0, 0x0, 0x3, 0xf2, 0x1, 0xf5,
    0x3, 0xf2, 0x1, 0xf5, 0x2, 0xa6, 0x55, 0xa3,
    0x0, 0xd, 0xff, 0x0,

    /* U+0075 "u" */
    0x9c, 0x0, 0x1, 0xf5, 0x9c, 0x0, 0x1, 0xf5,
    0x9c, 0x0, 0x1, 0xf5, 0x9c, 0x0, 0x1, 0xf5,
    0x9c, 0x0, 0x1, 0xf5, 0x9c, 0x0, 0x1, 0xf5,
    0x69, 0x55, 0x55, 0xa3, 0x3, 0xff, 0xff, 0x0,

    /* U+0076 "v" */
    0x9c, 0x0, 0x1, 0xf5, 0x9c, 0x0, 0x1, 0xf5,
    0x9c, 0x0, 0x1, 0xf5, 0x9c, 0x0, 0x1, 0xf5,
    0x3, 0xf2, 0x7f, 0x0, 0x3, 0xf2, 0x7f, 0x0,
    0x2, 0xa6, 0x7a, 0x0, 0x0, 0xd, 0x80, 0x0,

    /* U+0077 "w" */
    0x9c, 0x0, 0x1, 0xf5, 0x9c, 0x9, 0x51, 0xf5,
    0x9c, 0xd, 0x81, 0xf5, 0x9c, 0xd, 0x81, 0xf5,
    0x9c, 0xd, 0x81, 0xf5, 0x9c, 0xd, 0x81, 0xf5,
    0x69, 0x59, 0x85, 0xa3, 0x3, 0xf2, 0x7f, 0x0,

    /* U+0078 "x" */
    0x9c, 0x10, 0x2, 0xf5, 0x37, 0xf2, 0x7f, 0x51,
    0x0, 0x40, 0x13, 0x0, 0x0, 0xd, 0x80, 0x0,
    0x0, 0x1c, 0x81, 0x0, 0x3, 0xf2, 0x7f, 0x0,
    0x35, 0x40, 0x14, 0x51, 0x9c, 0x0, 0x1, 0xf5,

    /* U+0079 "y" */
    0x9c, 0x0, 0x1, 0xf5, 0x9c, 0x0, 0x1, 0xf5,
    0x9c, 0x0, 0x1, 0xf5, 0x9c, 0x0, 0x1, 0xf5,
    0x9c, 0x0, 0x1, 0xf5, 0x36, 0xa1, 0x4a, 0x51,
    0x3, 0xf2, 0x7f, 0x0, 0x3, 0xf2, 0x7f, 0x0,
    0x0, 0xd, 0x80, 0x0, 0x0, 0xd, 0x80, 0x0,
    0x35, 0x5e, 0x80, 0x0, 0x9f, 0xff, 0x80, 0x0,

    /* U+007A "z" */
    0x9f, 0xff, 0xff, 0x0, 0x35, 0x55, 0xaf, 0x0,
    0x0, 0x0, 0x7e, 0x0, 0x0, 0x1c, 0x80, 0x0,
    0x3, 0xf2, 0x0, 0x0, 0x7a, 0x40, 0x0, 0x0,
    0x9d, 0x55, 0x55, 0x51, 0x9f, 0xff, 0xff, 0xf5,

    /* U+007B "{" */
    0x0, 0xd, 0xff, 0x3, 0xf6, 0x54, 0x3, 0xf2,
    0x0, 0x3, 0xf2, 0x0, 0x3, 0xf2, 0x0, 0x3,
    0xf2, 0x0, 0x2, 0x50, 0x0, 0x9c, 0x0, 0x0,
    0x3, 0xf2, 0x0, 0x3, 0xf2, 0x0, 0x3, 0xf2,
    0x0, 0x3, 0xf2, 0x0, 0x3, 0xe3, 0x11, 0x0,
    0xd, 0xff, 0x0, 0x3, 0x43,

    /* U+007C "|" */
    0xd8, 0xd8, 0xd8, 0xd8, 0xd8, 0xd8, 0xd8, 0xd8,
    0xd8, 0xd8, 0xd8, 0xd8, 0xd8, 0xd8, 0xd8, 0xd8,

    /* U+007D "}" */
    0x9f, 0xf2, 0x0, 0x35, 0x5e, 0x80, 0x0, 0xd,
    0x80, 0x0, 0xd, 0x80, 0x0, 0xd, 0x80, 0x0,
    0xd, 0x80, 0x0, 0x4, 0x30, 0x0, 0x0, 0x7f,
    0x0, 0xd, 0x80, 0x0, 0xd, 0x80, 0x0, 0xd,
    0x80, 0x0, 0xd, 0x80, 0x1, 0x1c, 0x80, 0x9f,
    0xf2, 0x0, 0x24, 0x40, 0x0,

    /* U+007E "~" */
    0x0, 0x10, 0x0, 0x10, 0x3, 0xf2, 0x1, 0xf5,
    0x1, 0x41, 0x1, 0xf5, 0x9c, 0xc, 0x82, 0xe4,
    0x9c, 0x0, 0x7f, 0x0, 0x23, 0x0, 0x13, 0x0,

    /* U+56DE "回" */
    0x7f, 0xff, 0xff, 0xff, 0xff, 0xff, 0xff, 0xfe,
    0x7f, 0x66, 0x66, 0x66, 0x66, 0x66, 0x66, 0xae,
    0x7e, 0x0, 0x0, 0x0, 0x0, 0x0, 0x0, 0x7e,
    0x7e, 0x0, 0x0, 0x0, 0x0, 0x0, 0x0, 0x7e,
    0x7e, 0x0, 0x4f, 0xff, 0xff, 0xf6, 0x0, 0x7e,
    0x7e, 0x0, 0x4f, 0x76, 0x66, 0xf7, 0x0, 0x7e,
    0x7e, 0x0, 0x4f, 0x10, 0x0, 0xe7, 0x0, 0x7e,
    0x7e, 0x0, 0x4f, 0x10, 0x0, 0xe7, 0x0, 0x7e,
    0x7e, 0x0, 0x4f, 0x10, 0x0, 0xe7, 0x0, 0x7e,
    0x7e, 0x0, 0x4f, 0x43, 0x33, 0xf7, 0x0, 0x7e,
    0x7e, 0x0, 0x4f, 0xff, 0xff, 0xf7, 0x0, 0x7e,
    0x7e, 0x0, 0x2, 0x22, 0x22, 0x21, 0x0, 0x7e,
    0x7e, 0x0, 0x0, 0x0, 0x0, 0x0, 0x0, 0x7e,
    0x7f, 0x66, 0x66, 0x66, 0x66, 0x66, 0x66, 0xae,
    0x7f, 0xff, 0xff, 0xff, 0xff, 0xff, 0xff, 0xfe,

    /* U+7EC6 "细" */
    0x0, 0x1f, 0x50, 0x0, 0x0, 0x0, 0x0, 0x0,
    0x0, 0x1f, 0x52, 0xaa, 0xaa, 0xaa, 0xaa, 0xa4,
    0x1, 0x4c, 0x44, 0xfc, 0xcc, 0xfd, 0xcc, 0xf6,
    0x7, 0xf0, 0x4, 0xf1, 0x2, 0xf4, 0x0, 0xf6,
    0x9d, 0xfc, 0x34, 0xf1, 0x2, 0xf4, 0x0, 0xf6,
    0x8a, 0xaf, 0x54, 0xf1, 0x2, 0xf4, 0x0, 0xf6,
    0x0, 0x1f, 0x54, 0xf1, 0x2, 0xf4, 0x0, 0xf6,
    0x6, 0xe0, 0x4, 0xff, 0xff, 0xff, 0xff, 0xf6,
    0x5a, 0xf6, 0x24, 0xf9, 0x9a, 0xfa, 0x99, 0xf6,
    0xcf, 0xff, 0x54, 0xf1, 0x2, 0xf4, 0x0, 0xf6,
    0x0, 0x0, 0x4, 0xf1, 0x2, 0xf4, 0x0, 0xf6,
    0x0, 0xc, 0x34, 0xf1, 0x2, 0xf4, 0x0, 0xf6,
    0x57, 0x79, 0x24, 0xf1, 0x2, 0xf4, 0x0, 0xf6,
    0xcf, 0xe0, 0x4, 0xf6, 0x67, 0xf8, 0x66, 0xf6,
    0x0, 0x0, 0x4, 0xff, 0xff, 0xff, 0xff, 0xf6,

    /* U+7F6E "置" */
    0x0, 0xff, 0xff, 0xff, 0xff, 0xff, 0xff, 0x70,
    0x0, 0xf9, 0x66, 0xeb, 0x6f, 0x86, 0x6f, 0x70,
    0x0, 0xf7, 0x22, 0xd9, 0x3f, 0x62, 0x2e, 0x70,
    0x0, 0xff, 0xff, 0xff, 0xff, 0xff, 0xff, 0x70,
    0x0, 0x44, 0x44, 0x49, 0xf4, 0x44, 0x44, 0x10,
    0x26, 0x66, 0x66, 0x6a, 0xf6, 0x66, 0x66, 0x65,
    0x6f, 0xff, 0xff, 0xff, 0xff, 0xff, 0xff, 0xfd,
    0x0, 0xa, 0xc0, 0x0, 0x0, 0x5, 0xf1, 0x0,
    0x0, 0xa, 0xd6, 0x66, 0x66, 0x69, 0xf1, 0x0,
    0x0, 0xa, 0xff, 0xff, 0xff, 0xff, 0xf1, 0x0,
    0x0, 0xa, 0xc0, 0x0, 0x0, 0x5, 0xf1, 0x0,
    0x0, 0xa, 0xff, 0xff, 0xff, 0xff, 0xf1, 0x0,
    0x0, 0xa, 0xd7, 0x77, 0x77, 0x79, 0xf1, 0x0,
    0x26, 0x6c, 0xd6, 0x66, 0x66, 0x69, 0xf6, 0x65,
    0x6f, 0xff, 0xff, 0xff, 0xff, 0xff, 0xff, 0xfd,

    /* U+8BBE "设" */
    0x3, 0xf2, 0x0, 0xe, 0xff, 0xff, 0xe0, 0x0,
    0x1, 0x66, 0x20, 0xe, 0xf6, 0x69, 0xe0, 0x0,
    0x0, 0xc, 0x50, 0xe, 0xe0, 0x5, 0xe0, 0x0,
    0x0, 0x0, 0x0, 0xe, 0xe0, 0x5, 0xe0, 0x0,
    0x0, 0x0, 0x4, 0xf3, 0x20, 0x5, 0xff, 0xfa,
    0x59, 0x91, 0x68, 0x60, 0x0, 0x2, 0x66, 0x64,
    0x9f, 0xf2, 0xab, 0x0, 0x0, 0x0, 0x0, 0x0,
    0x3, 0xf2, 0x4, 0xff, 0xff, 0xff, 0xff, 0x40,
    0x3, 0xf2, 0x4, 0xf7, 0x66, 0x66, 0x7f, 0x50,
    0x3, 0xf2, 0x3, 0xc4, 0x30, 0x1, 0x4c, 0x30,
    0x3, 0xf2, 0x0, 0xe, 0xe0, 0x5, 0xe0, 0x0,
    0x3, 0xfd, 0x40, 0x2, 0x3d, 0xd9, 0x20, 0x0,
    0x3, 0xfa, 0x20, 0x6, 0x79, 0x98, 0x60, 0x0,
    0x3, 0xf2, 0x46, 0x6e, 0xe0, 0x4, 0xe6, 0x64,
    0x0, 0x0, 0xaf, 0xf1, 0x0, 0x0, 0x1f, 0xfb,

    /* U+8BE6 "详" */
    0x3, 0xf2, 0x0, 0xa, 0xb0, 0x0, 0x2f, 0x30,
    0x1, 0x69, 0x50, 0x4, 0x7a, 0x5, 0x96, 0x10,
    0x0, 0x7, 0x40, 0x22, 0x6f, 0x8c, 0xe2, 0x21,
    0x0, 0x0, 0x1, 0xff, 0xff, 0xff, 0xff, 0xfa,
    0x0, 0x0, 0x0, 0x44, 0x44, 0xe9, 0x44, 0x42,
    0x36, 0x66, 0x30, 0x0, 0x0, 0xe7, 0x0, 0x0,
    0x9f, 0xff, 0x80, 0x0, 0x0, 0xe7, 0x0, 0x0,
    0x0, 0xd, 0x80, 0xff, 0xff, 0xff, 0xff, 0x30,
    0x0, 0xd, 0x80, 0x66, 0x66, 0xfa, 0x66, 0x10,
    0x0, 0xd, 0x80, 0x0, 0x0, 0xe7, 0x0, 0x0,
    0x0, 0xd, 0x80, 0x0, 0x0, 0xe7, 0x0, 0x0,
    0x0, 0xd, 0x80, 0xdd, 0xdd, 0xfe, 0xdd, 0xd8,
    0x0, 0xd, 0xb7, 0x99, 0x99, 0xfc, 0x99, 0x95,
    0x0, 0xd, 0xfe, 0x0, 0x0, 0xe7, 0x0, 0x0,
    0x0, 0xd, 0x80, 0x0, 0x0, 0xe7, 0x0, 0x0,

    /* U+8FD4 "返" */
    0x1, 0xf8, 0x0, 0x0, 0x0, 0x0, 0xf, 0xfe,
    0x0, 0x66, 0x60, 0x3, 0x77, 0x77, 0x76, 0x65,
    0x0, 0x7, 0xe0, 0x8, 0xff, 0xff, 0xf0, 0x0,
    0x0, 0x0, 0x0, 0x8, 0xd0, 0x0, 0x0, 0x0,
    0x0, 0x0, 0x0, 0x8, 0xfb, 0xbb, 0xbb, 0xba,
    0x26, 0x66, 0x50, 0x8, 0xfa, 0xaa, 0xaa, 0xce,
    0x7f, 0xff, 0xe0, 0x8, 0xd0, 0x0, 0x0, 0x7e,
    0x0, 0x7, 0xe0, 0x8, 0xd0, 0xb9, 0xf, 0x80,
    0x0, 0x7, 0xe0, 0x8, 0xd0, 0x68, 0x69, 0x50,
    0x0, 0x7, 0xe0, 0x8, 0xd0, 0x6, 0xf0, 0x0,
    0x0, 0x7, 0xe0, 0xe7, 0x0, 0xca, 0xf, 0x80,
    0x0, 0x7, 0xe0, 0xe7, 0x1c, 0x62, 0x3, 0x7b,
    0x0, 0x77, 0x87, 0x84, 0x19, 0x20, 0x0, 0x48,
    0x26, 0xf8, 0x1f, 0x66, 0x66, 0x66, 0x66, 0x65,
    0x7e, 0x0, 0x0, 0xef, 0xff, 0xff, 0xff, 0xfe,

    /* U+F001 "" */
    0x0, 0x0, 0x0, 0x0, 0x0, 0x0, 0x0, 0x27,
    0xba, 0x0, 0x0, 0x0, 0x0, 0x0, 0x0, 0x48,
    0xdf, 0xff, 0xf2, 0x0, 0x0, 0x0, 0x1, 0x6a,
    0xff, 0xff, 0xff, 0xff, 0x20, 0x0, 0x0, 0x7c,
    0xff, 0xff, 0xff, 0xff, 0xff, 0xf2, 0x0, 0x0,
    0x4f, 0xff, 0xff, 0xff, 0xff, 0xff, 0xff, 0x20,
    0x0, 0x5, 0xff, 0xff, 0xff, 0xff, 0xb7, 0x3f,
    0xf2, 0x0, 0x0, 0x5f, 0xff, 0xfe, 0x95, 0x0,
    0x1, 0xff, 0x20, 0x0, 0x5, 0xff, 0x73, 0x0,
    0x0, 0x0, 0x1f, 0xf2, 0x0, 0x0, 0x5f, 0xe0,
    0x0, 0x0, 0x0, 0x1, 0xff, 0x20, 0x0, 0x5,
    0xfe, 0x0, 0x0, 0x0, 0x0, 0x1f, 0xf2, 0x0,
    0x0, 0x5f, 0xe0, 0x0, 0x0, 0x0, 0x1, 0xff,
    0x20, 0x0, 0x5, 0xfe, 0x0, 0x0, 0x0, 0x69,
    0x8f, 0xf2, 0x0, 0x0, 0x5f, 0xe0, 0x0, 0x2,
    0xef, 0xff, 0xff, 0x20, 0x3, 0x58, 0xfe, 0x0,
    0x0, 0x8f, 0xff, 0xff, 0xf2, 0x2d, 0xff, 0xff,
    0xe0, 0x0, 0x4, 0xff, 0xff, 0xfd, 0xb, 0xff,
    0xff, 0xfe, 0x0, 0x0, 0x4, 0xbd, 0xc8, 0x10,
    0xaf, 0xff, 0xff, 0xb0, 0x0, 0x0, 0x0, 0x0,
    0x0, 0x0, 0xaf, 0xff, 0xb1, 0x0, 0x0, 0x0,
    0x0, 0x0, 0x0, 0x0, 0x1, 0x0, 0x0, 0x0,
    0x0, 0x0, 0x0, 0x0, 0x0,

    /* U+F008 "" */
    0x51, 0x6, 0x88, 0x88, 0x88, 0x88, 0x88, 0x30,
    0x15, 0xf7, 0x6e, 0xff, 0xff, 0xff, 0xff, 0xff,
    0xb6, 0x8f, 0xfd, 0xcf, 0xf3, 0x33, 0x33, 0x33,
    0x6f, 0xec, 0xdf, 0xf2, 0xc, 0xe0, 0x0, 0x0,
    0x0, 0x3f, 0x70, 0x2f, 0xf2, 0xc, 0xe0, 0x0,
    0x0, 0x0, 0x3f, 0x80, 0x2f, 0xff, 0xff, 0xe0,
    0x0, 0x0, 0x0, 0x3f, 0xff, 0xff, 0xf4, 0x2d,
    0xf9, 0x99, 0x99, 0x99, 0xbf, 0x92, 0x4f, 0xf2,
    0xc, 0xff, 0xff, 0xff, 0xff, 0xff, 0x70, 0x2f,
    0xfb, 0xaf, 0xf1, 0x11, 0x11, 0x11, 0x5f, 0xda,
    0xbf, 0xf9, 0x8e, 0xe0, 0x0, 0x0, 0x0, 0x3f,
    0xc8, 0x9f, 0xf2, 0xc, 0xe0, 0x0, 0x0, 0x0,
    0x3f, 0x70, 0x2f, 0xf6, 0x4d, 0xe0, 0x0, 0x0,
    0x0, 0x3f, 0xa4, 0x6f, 0xfe, 0xef, 0xfb, 0xbb,
    0xbb, 0xbb, 0xcf, 0xfe, 0xef, 0xc2, 0xc, 0xff,
    0xff, 0xff, 0xff, 0xff, 0x80, 0x2c,

    /* U+F00B "" */
    0x58, 0x88, 0x70, 0x28, 0x88, 0x88, 0x88, 0x88,
    0x85, 0xff, 0xff, 0xf3, 0x9f, 0xff, 0xff, 0xff,
    0xff, 0xff, 0xff, 0xff, 0xf3, 0xaf, 0xff, 0xff,
    0xff, 0xff, 0xff, 0xff, 0xff, 0xf3, 0xaf, 0xff,
    0xff, 0xff, 0xff, 0xff, 0xbf, 0xff, 0xd1, 0x6f,
    0xff, 0xff, 0xff, 0xff, 0xfb, 0x0, 0x0, 0x0,
    0x0, 0x0, 0x0, 0x0, 0x0, 0x0, 0xcf, 0xff,
    0xe1, 0x7f, 0xff, 0xff, 0xff, 0xff, 0xfc, 0xff,
    0xff, 0xf3, 0xaf, 0xff, 0xff, 0xff, 0xff, 0xff,
    0xff, 0xff, 0xf3, 0xaf, 0xff, 0xff, 0xff, 0xff,
    0xff, 0xff, 0xff, 0xf3, 0x9f, 0xff, 0xff, 0xff,
    0xff, 0xff, 0x58, 0x88, 0x60, 0x27, 0x88, 0x88,
    0x88, 0x88, 0x85, 0x47, 0x77, 0x50, 0x17, 0x77,
    0x77, 0x77, 0x77, 0x74, 0xff, 0xff, 0xf3, 0x9f,
    0xff, 0xff, 0xff, 0xff, 0xff, 0xff, 0xff, 0xf3,
    0xaf, 0xff, 0xff, 0xff, 0xff, 0xff, 0xff, 0xff,
    0xf3, 0xaf, 0xff, 0xff, 0xff, 0xff, 0xff, 0xdf,
    0xff, 0xf1, 0x7f, 0xff, 0xff, 0xff, 0xff, 0xfd,
    0x0, 0x0, 0x0, 0x0, 0x0, 0x0, 0x0, 0x0,
    0x0,

    /* U+F00C "" */
    0x0, 0x0, 0x0, 0x0, 0x0, 0x0, 0x0, 0x5,
    0x20, 0x0, 0x0, 0x0, 0x0, 0x0, 0x0, 0x0,
    0x7f, 0xf3, 0x0, 0x0, 0x0, 0x0, 0x0, 0x0,
    0x7, 0xff, 0xfe, 0x0, 0x0, 0x0, 0x0, 0x0,
    0x0, 0x7f, 0xff, 0xf8, 0x0, 0x0, 0x0, 0x0,
    0x0, 0x7, 0xff, 0xff, 0x90, 0x9, 0xd1, 0x0,
    0x0, 0x0, 0x7f, 0xff, 0xf9, 0x0, 0x9f, 0xfd,
    0x10, 0x0, 0x7, 0xff, 0xff, 0x90, 0x0, 0xdf,
    0xff, 0xd1, 0x0, 0x7f, 0xff, 0xf9, 0x0, 0x0,
    0x2e, 0xff, 0xfd, 0x17, 0xff, 0xff, 0x90, 0x0,
    0x0, 0x2, 0xef, 0xff, 0xef, 0xff, 0xf9, 0x0,
    0x0, 0x0, 0x0, 0x2e, 0xff, 0xff, 0xff, 0x90,
    0x0, 0x0, 0x0, 0x0, 0x2, 0xef, 0xff, 0xf9,
    0x0, 0x0, 0x0, 0x0, 0x0, 0x0, 0x2e, 0xff,
    0x90, 0x0, 0x0, 0x0, 0x0, 0x0, 0x0, 0x2,
    0xd8, 0x0, 0x0, 0x0, 0x0, 0x0,

    /* U+F00D "" */
    0x2d, 0xb0, 0x0, 0x0, 0x6, 0xe6, 0xd, 0xff,
    0xc0, 0x0, 0x6, 0xff, 0xf3, 0xcf, 0xff, 0xc0,
    0x6, 0xff, 0xff, 0x31, 0xdf, 0xff, 0xc7, 0xff,
    0xff, 0x50, 0x1, 0xdf, 0xff, 0xff, 0xff, 0x50,
    0x0, 0x1, 0xdf, 0xff, 0xff, 0x50, 0x0, 0x0,
    0x7, 0xff, 0xff, 0xd0, 0x0, 0x0, 0x6, 0xff,
    0xff, 0xff, 0xc0, 0x0, 0x6, 0xff, 0xff, 0xdf,
    0xff, 0xc0, 0x6, 0xff, 0xff, 0x51, 0xdf, 0xff,
    0xc0, 0xff, 0xff, 0x50, 0x1, 0xdf, 0xff, 0x58,
    0xff, 0x50, 0x0, 0x1, 0xdf, 0xd0, 0x5, 0x30,
    0x0, 0x0, 0x1, 0x61, 0x0,

    /* U+F011 "" */
    0x0, 0x0, 0x0, 0x0, 0xcd, 0x50, 0x0, 0x0,
    0x0, 0x0, 0x0, 0x0, 0x0, 0x3f, 0xfa, 0x0,
    0x0, 0x0, 0x0, 0x0, 0x7, 0xe3, 0x3, 0xff,
    0xa0, 0xb, 0xc1, 0x0, 0x0, 0x8, 0xff, 0xb0,
    0x3f, 0xfa, 0x4, 0xff, 0xd1, 0x0, 0x4, 0xff,
    0xf6, 0x3, 0xff, 0xa0, 0x1e, 0xff, 0xa0, 0x0,
    0xdf, 0xf7, 0x0, 0x3f, 0xfa, 0x0, 0x2e, 0xff,
    0x40, 0x3f, 0xfc, 0x0, 0x3, 0xff, 0xa0, 0x0,
    0x6f, 0xfa, 0x8, 0xff, 0x60, 0x0, 0x3f, 0xfa,
    0x0, 0x0, 0xef, 0xf0, 0xaf, 0xf2, 0x0, 0x3,
    0xff, 0xa0, 0x0, 0xb, 0xff, 0x1b, 0xff, 0x10,
    0x0, 0x1f, 0xf8, 0x0, 0x0, 0xbf, 0xf1, 0x9f,
    0xf3, 0x0, 0x0, 0x24, 0x0, 0x0, 0xd, 0xff,
    0x6, 0xff, 0x90, 0x0, 0x0, 0x0, 0x0, 0x2,
    0xff, 0xd0, 0x1f, 0xff, 0x20, 0x0, 0x0, 0x0,
    0x0, 0xbf, 0xf8, 0x0, 0x9f, 0xfd, 0x20, 0x0,
    0x0, 0x0, 0x9f, 0xfe, 0x10, 0x0, 0xcf, 0xfe,
    0x71, 0x0, 0x4, 0xcf, 0xff, 0x50, 0x0, 0x1,
    0xdf, 0xff, 0xfe, 0xdf, 0xff, 0xff, 0x60, 0x0,
    0x0, 0x0, 0x9f, 0xff, 0xff, 0xff, 0xfd, 0x40,
    0x0, 0x0, 0x0, 0x0, 0x28, 0xce, 0xfd, 0xa5,
    0x0, 0x0, 0x0,

    /* U+F013 "" */
    0x0, 0x0, 0x0, 0x4, 0x66, 0x40, 0x0, 0x0,
    0x0, 0x0, 0x0, 0x0, 0x3f, 0xff, 0xf3, 0x0,
    0x0, 0x0, 0x0, 0x0, 0x0, 0x4f, 0xff, 0xf4,
    0x0, 0x0, 0x0, 0x0, 0x78, 0x17, 0xff, 0xff,
    0xff, 0x71, 0x87, 0x0, 0x4, 0xff, 0xff, 0xff,
    0xff, 0xff, 0xff, 0xff, 0x40, 0xd, 0xff, 0xff,
    0xff, 0xff, 0xff, 0xff, 0xff, 0xd0, 0x3f, 0xff,
    0xff, 0xfe, 0x88, 0xef, 0xff, 0xff, 0xf3, 0x8,
    0xff, 0xff, 0xd0, 0x0, 0xd, 0xff, 0xff, 0x80,
    0x0, 0xaf, 0xff, 0x50, 0x0, 0x5, 0xff, 0xfa,
    0x0, 0x0, 0xbf, 0xff, 0x30, 0x0, 0x3, 0xff,
    0xfb, 0x0, 0x1, 0xcf, 0xff, 0x80, 0x0, 0x8,
    0xff, 0xfc, 0x10, 0x3e, 0xff, 0xff, 0xf6, 0x0,
    0x6f, 0xff, 0xff, 0xe3, 0x1f, 0xff, 0xff, 0xff,
    0xff, 0xff, 0xff, 0xff, 0xf1, 0x9, 0xff, 0xff,
    0xff, 0xff, 0xff, 0xff, 0xff, 0x90, 0x0, 0xdf,
    0x8e, 0xff, 0xff, 0xff, 0xe8, 0xfd, 0x0, 0x0,
    0x11, 0x1, 0x9f, 0xff, 0xf9, 0x10, 0x11, 0x0,
    0x0, 0x0, 0x0, 0x4f, 0xff, 0xf4, 0x0, 0x0,
    0x0, 0x0, 0x0, 0x0, 0x2c, 0xee, 0xd2, 0x0,
    0x0, 0x0, 0x0, 0x0, 0x0, 0x0, 0x0, 0x0,
    0x0, 0x0, 0x0,

    /* U+F015 "" */
    0x0, 0x0, 0x0, 0x0, 0x8, 0x92, 0x0, 0x6b,
    0xb1, 0x0, 0x0, 0x0, 0x0, 0x0, 0x2d, 0xff,
    0xe4, 0xa, 0xff, 0x20, 0x0, 0x0, 0x0, 0x0,
    0x4e, 0xff, 0xff, 0xf6, 0xaf, 0xf2, 0x0, 0x0,
    0x0, 0x0, 0x6f, 0xfe, 0x31, 0xcf, 0xff, 0xff,
    0x20, 0x0, 0x0, 0x0, 0x9f, 0xfd, 0x25, 0x70,
    0xaf, 0xff, 0xf2, 0x0, 0x0, 0x1, 0xbf, 0xfa,
    0x8, 0xff, 0xb0, 0x7f, 0xff, 0x40, 0x0, 0x2,
    0xdf, 0xf8, 0xa, 0xff, 0xff, 0xd2, 0x5f, 0xff,
    0x50, 0x4, 0xff, 0xf5, 0x1d, 0xff, 0xff, 0xff,
    0xe4, 0x2e, 0xff, 0x70, 0xdf, 0xe3, 0x3e, 0xff,
    0xff, 0xff, 0xff, 0xf6, 0x1c, 0xff, 0x13, 0xb1,
    0x5f, 0xff, 0xff, 0xff, 0xff, 0xff, 0xf8, 0x9,
    0x60, 0x0, 0xa, 0xff, 0xff, 0xff, 0xff, 0xff,
    0xff, 0xe0, 0x0, 0x0, 0x0, 0xaf, 0xff, 0xfd,
    0x88, 0xbf, 0xff, 0xfe, 0x0, 0x0, 0x0, 0xa,
    0xff, 0xff, 0x70, 0x3, 0xff, 0xff, 0xe0, 0x0,
    0x0, 0x0, 0xaf, 0xff, 0xf7, 0x0, 0x3f, 0xff,
    0xfe, 0x0, 0x0, 0x0, 0xa, 0xff, 0xff, 0x70,
    0x3, 0xff, 0xff, 0xe0, 0x0, 0x0, 0x0, 0x8f,
    0xff, 0xf5, 0x0, 0x2f, 0xff, 0xfc, 0x0, 0x0,
    0x0, 0x0, 0x0, 0x0, 0x0, 0x0, 0x0, 0x0,
    0x0, 0x0, 0x0,

    /* U+F019 "" */
    0x0, 0x0, 0x0, 0x9, 0xaa, 0x90, 0x0, 0x0,
    0x0, 0x0, 0x0, 0x0, 0x3f, 0xff, 0xf3, 0x0,
    0x0, 0x0, 0x0, 0x0, 0x0, 0x4f, 0xff, 0xf4,
    0x0, 0x0, 0x0, 0x0, 0x0, 0x0, 0x4f, 0xff,
    0xf4, 0x0, 0x0, 0x0, 0x0, 0x0, 0x0, 0x4f,
    0xff, 0xf4, 0x0, 0x0, 0x0, 0x0, 0x0, 0x0,
    0x4f, 0xff, 0xf4, 0x0, 0x0, 0x0, 0x0, 0x0,
    0x0, 0x4f, 0xff, 0xf4, 0x0, 0x0, 0x0, 0x0,
    0xc, 0xee, 0xef, 0xff, 0xfe, 0xee, 0xc0, 0x0,
    0x0, 0x8, 0xff, 0xff, 0xff, 0xff, 0xff, 0x90,
    0x0, 0x0, 0x0, 0x8f, 0xff, 0xff, 0xff, 0xf8,
    0x0, 0x0, 0x0, 0x0, 0x8, 0xff, 0xff, 0xff,
    0x80, 0x0, 0x0, 0x0, 0x0, 0x0, 0x8f, 0xff,
    0xf8, 0x0, 0x0, 0x0, 0x24, 0x44, 0x44, 0x7,
    0xff, 0x70, 0x44, 0x44, 0x42, 0xff, 0xff, 0xff,
    0xc1, 0x66, 0x1d, 0xff, 0xff, 0xff, 0xff, 0xff,
    0xff, 0xfe, 0x66, 0xef, 0xff, 0xff, 0xff, 0xff,
    0xff, 0xff, 0xff, 0xff, 0xff, 0xff, 0xff, 0xff,
    0xff, 0xff, 0xff, 0xff, 0xff, 0xff, 0x66, 0xc4,
    0xff, 0xdf, 0xff, 0xff, 0xff, 0xff, 0xff, 0xff,
    0xff, 0xfd, 0x0, 0x0, 0x0, 0x0, 0x0, 0x0,
    0x0, 0x0, 0x0,

    /* U+F01C "" */
    0x0, 0x0, 0x4, 0x44, 0x44, 0x44, 0x44, 0x41,
    0x0, 0x0, 0x0, 0x0, 0x1e, 0xff, 0xff, 0xff,
    0xff, 0xff, 0xf4, 0x0, 0x0, 0x0, 0xb, 0xff,
    0xff, 0xff, 0xff, 0xff, 0xff, 0xe1, 0x0, 0x0,
    0x6, 0xff, 0x50, 0x0, 0x0, 0x0, 0x1, 0xff,
    0xa0, 0x0, 0x1, 0xff, 0x90, 0x0, 0x0, 0x0,
    0x0, 0x5, 0xff, 0x50, 0x0, 0xbf, 0xd0, 0x0,
    0x0, 0x0, 0x0, 0x0, 0xa, 0xfe, 0x10, 0x6f,
    0xf3, 0x0, 0x0, 0x0, 0x0, 0x0, 0x0, 0x1e,
    0xfa, 0xe, 0xff, 0xcc, 0xcc, 0x20, 0x0, 0x0,
    0xbc, 0xcc, 0xef, 0xf2, 0xff, 0xff, 0xff, 0xfa,
    0x0, 0x0, 0x6f, 0xff, 0xff, 0xff, 0x4f, 0xff,
    0xff, 0xff, 0xf8, 0x88, 0x8e, 0xff, 0xff, 0xff,
    0xf4, 0xff, 0xff, 0xff, 0xff, 0xff, 0xff, 0xff,
    0xff, 0xff, 0xff, 0x4f, 0xff, 0xff, 0xff, 0xff,
    0xff, 0xff, 0xff, 0xff, 0xff, 0xf4, 0xff, 0xff,
    0xff, 0xff, 0xff, 0xff, 0xff, 0xff, 0xff, 0xff,
    0x37, 0xff, 0xff, 0xff, 0xff, 0xff, 0xff, 0xff,
    0xff, 0xff, 0xa0,

    /* U+F021 "" */
    0x0, 0x0, 0x0, 0x15, 0x66, 0x40, 0x0, 0x5,
    0xcb, 0x0, 0x0, 0x3b, 0xff, 0xff, 0xff, 0x92,
    0x7, 0xff, 0x0, 0x7, 0xff, 0xff, 0xff, 0xff,
    0xff, 0x66, 0xff, 0x0, 0x8f, 0xff, 0xa4, 0x12,
    0x5b, 0xff, 0xfd, 0xff, 0x4, 0xff, 0xe4, 0x0,
    0x0, 0x0, 0x4e, 0xff, 0xff, 0xd, 0xff, 0x30,
    0x0, 0x0, 0x45, 0x46, 0xff, 0xff, 0x4f, 0xf7,
    0x0, 0x0, 0x0, 0xdf, 0xff, 0xff, 0xff, 0x8f,
    0xf1, 0x0, 0x0, 0x0, 0xdf, 0xff, 0xff, 0xff,
    0x2, 0x10, 0x0, 0x0, 0x0, 0x12, 0x22, 0x22,
    0x21, 0x0, 0x0, 0x0, 0x0, 0x0, 0x0, 0x0,
    0x0, 0x0, 0x67, 0x77, 0x77, 0x75, 0x0, 0x0,
    0x0, 0x6, 0x73, 0xff, 0xff, 0xff, 0xfe, 0x0,
    0x0, 0x0, 0x3f, 0xf6, 0xff, 0xff, 0xee, 0xfd,
    0x0, 0x0, 0x0, 0xcf, 0xf1, 0xff, 0xff, 0x70,
    0x0, 0x0, 0x0, 0x9, 0xff, 0xa0, 0xff, 0xff,
    0xfb, 0x20, 0x0, 0x2, 0xbf, 0xfe, 0x10, 0xff,
    0x8d, 0xff, 0xfc, 0xa9, 0xcf, 0xff, 0xe2, 0x0,
    0xff, 0x61, 0x9f, 0xff, 0xff, 0xff, 0xfb, 0x10,
    0x0, 0xff, 0x70, 0x1, 0x7c, 0xee, 0xd9, 0x30,
    0x0, 0x0, 0x56, 0x20, 0x0, 0x0, 0x0, 0x0,
    0x0, 0x0, 0x0,

    /* U+F026 "" */
    0x0, 0x0, 0x0, 0x2, 0x40, 0x0, 0x0, 0x2,
    0xef, 0x0, 0x0, 0x2, 0xef, 0xf0, 0x0, 0x3,
    0xef, 0xff, 0xdf, 0xff, 0xff, 0xff, 0xff, 0xff,
    0xff, 0xff, 0xff, 0xff, 0xff, 0xff, 0xff, 0xff,
    0xff, 0xff, 0xff, 0xff, 0xff, 0xff, 0xff, 0xff,
    0xff, 0xff, 0xff, 0xff, 0xff, 0x7b, 0xbb, 0xdf,
    0xff, 0xf0, 0x0, 0x0, 0xbf, 0xff, 0x0, 0x0,
    0x0, 0xbf, 0xf0, 0x0, 0x0, 0x0, 0xbe, 0x0,
    0x0, 0x0, 0x0, 0x0,

    /* U+F027 "" */
    0x0, 0x0, 0x0, 0x2, 0x40, 0x0, 0x0, 0x0,
    0x0, 0x0, 0x2e, 0xf0, 0x0, 0x0, 0x0, 0x0,
    0x2, 0xef, 0xf0, 0x0, 0x0, 0x0, 0x0, 0x3e,
    0xff, 0xf0, 0x0, 0x0, 0xdf, 0xff, 0xff, 0xff,
    0xf0, 0x7, 0x10, 0xff, 0xff, 0xff, 0xff, 0xf0,
    0x3f, 0xd0, 0xff, 0xff, 0xff, 0xff, 0xf0, 0x8,
    0xf5, 0xff, 0xff, 0xff, 0xff, 0xf0, 0x4, 0xf7,
    0xff, 0xff, 0xff, 0xff, 0xf0, 0xd, 0xf3, 0xff,
    0xff, 0xff, 0xff, 0xf0, 0x3f, 0x70, 0x8b, 0xbb,
    0xdf, 0xff, 0xf0, 0x0, 0x0, 0x0, 0x0, 0xb,
    0xff, 0xf0, 0x0, 0x0, 0x0, 0x0, 0x0, 0xbf,
    0xf0, 0x0, 0x0, 0x0, 0x0, 0x0, 0xb, 0xe0,
    0x0, 0x0, 0x0, 0x0, 0x0, 0x0, 0x0, 0x0,
    0x0,

    /* U+F028 "" */
    0x0, 0x0, 0x0, 0x0, 0x0, 0x0, 0x0, 0x1,
    0x0, 0x0, 0x0, 0x0, 0x0, 0x0, 0x0, 0x0,
    0x0, 0x7, 0xf6, 0x0, 0x0, 0x0, 0x0, 0x0,
    0x2, 0x40, 0x0, 0x0, 0x2d, 0xf8, 0x0, 0x0,
    0x0, 0x0, 0x2, 0xef, 0x0, 0x0, 0x40, 0x1c,
    0xf4, 0x0, 0x0, 0x0, 0x2, 0xef, 0xf0, 0x0,
    0x5f, 0xb0, 0x1e, 0xe1, 0x0, 0x0, 0x3, 0xef,
    0xff, 0x0, 0x0, 0xaf, 0xa0, 0x6f, 0x70, 0xdf,
    0xff, 0xff, 0xff, 0xf0, 0x7, 0x10, 0xbf, 0x30,
    0xfd, 0xf, 0xff, 0xff, 0xff, 0xff, 0x3, 0xfd,
    0x3, 0xf9, 0xa, 0xf0, 0xff, 0xff, 0xff, 0xff,
    0xf0, 0x7, 0xf5, 0xe, 0xc0, 0x8f, 0x2f, 0xff,
    0xff, 0xff, 0xff, 0x0, 0x4f, 0x70, 0xdd, 0x7,
    0xf3, 0xff, 0xff, 0xff, 0xff, 0xf0, 0x1d, 0xf3,
    0xf, 0xb0, 0x9f, 0x2f, 0xff, 0xff, 0xff, 0xff,
    0x3, 0xf7, 0x7, 0xf6, 0xc, 0xf0, 0x7b, 0xbb,
    0xdf, 0xff, 0xf0, 0x0, 0x3, 0xfe, 0x12, 0xfa,
    0x0, 0x0, 0x0, 0xbf, 0xff, 0x0, 0x3, 0xff,
    0x40, 0xaf, 0x30, 0x0, 0x0, 0x0, 0xbf, 0xf0,
    0x0, 0x3c, 0x30, 0x6f, 0xa0, 0x0, 0x0, 0x0,
    0x0, 0xbe, 0x0, 0x0, 0x0, 0x6f, 0xe1, 0x0,
    0x0, 0x0, 0x0, 0x0, 0x0, 0x0, 0x0, 0x6f,
    0xd2, 0x0, 0x0, 0x0, 0x0, 0x0, 0x0, 0x0,
    0x0, 0x3, 0x90, 0x0, 0x0,

    /* U+F03E "" */
    0x3a, 0xbb, 0xbb, 0xbb, 0xbb, 0xbb, 0xbb, 0xbb,
    0xa3, 0xef, 0xff, 0xff, 0xff, 0xff, 0xff, 0xff,
    0xff, 0xfe, 0xff, 0xd5, 0x6e, 0xff, 0xff, 0xff,
    0xff, 0xff, 0xff, 0xff, 0x20, 0x4, 0xff, 0xff,
    0xff, 0xff, 0xff, 0xff, 0xff, 0x0, 0x2, 0xff,
    0xff, 0xff, 0xbf, 0xff, 0xff, 0xff, 0x50, 0x7,
    0xff, 0xff, 0xf5, 0x9, 0xff, 0xff, 0xff, 0xfb,
    0xbf, 0xff, 0xff, 0x50, 0x0, 0x9f, 0xff, 0xff,
    0xff, 0xcb, 0xff, 0xf5, 0x0, 0x0, 0x9, 0xff,
    0xff, 0xfc, 0x0, 0xaf, 0x50, 0x0, 0x0, 0x4,
    0xff, 0xff, 0xc0, 0x0, 0x3, 0x0, 0x0, 0x0,
    0x4, 0xff, 0xff, 0x40, 0x0, 0x0, 0x0, 0x0,
    0x0, 0x4, 0xff, 0xff, 0x74, 0x44, 0x44, 0x44,
    0x44, 0x44, 0x47, 0xff, 0xff, 0xff, 0xff, 0xff,
    0xff, 0xff, 0xff, 0xff, 0xff, 0x6f, 0xff, 0xff,
    0xff, 0xff, 0xff, 0xff, 0xff, 0xf6,

    /* U+F043 "" */
    0x0, 0x0, 0x6, 0x90, 0x0, 0x0, 0x0, 0x0,
    0x1, 0xff, 0x40, 0x0, 0x0, 0x0, 0x0, 0x6f,
    0xfa, 0x0, 0x0, 0x0, 0x0, 0xd, 0xff, 0xf2,
    0x0, 0x0, 0x0, 0x5, 0xff, 0xff, 0x90, 0x0,
    0x0, 0x0, 0xef, 0xff, 0xff, 0x30, 0x0, 0x0,
    0x9f, 0xff, 0xff, 0xfd, 0x0, 0x0, 0x5f, 0xff,
    0xff, 0xff, 0xf9, 0x0, 0xe, 0xff, 0xff, 0xff,
    0xff, 0xf3, 0x7, 0xff, 0xff, 0xff, 0xff, 0xff,
    0xa0, 0xcf, 0xff, 0xff, 0xff, 0xff, 0xff, 0xf,
    0xfb, 0xff, 0xff, 0xff, 0xff, 0xf2, 0xff, 0x4a,
    0xff, 0xff, 0xff, 0xff, 0x2c, 0xf8, 0x4f, 0xff,
    0xff, 0xff, 0xf0, 0x7f, 0xf2, 0x5c, 0xff, 0xff,
    0xfb, 0x0, 0xef, 0xe5, 0x8, 0xff, 0xff, 0x30,
    0x2, 0xef, 0xff, 0xff, 0xff, 0x50, 0x0, 0x1,
    0xaf, 0xff, 0xfb, 0x30, 0x0, 0x0, 0x0, 0x3,
    0x31, 0x0, 0x0, 0x0,

    /* U+F048 "" */
    0x6b, 0x90, 0x0, 0x0, 0x3, 0xa2, 0x9f, 0xe0,
    0x0, 0x0, 0x4f, 0xf9, 0x9f, 0xe0, 0x0, 0x5,
    0xff, 0xfa, 0x9f, 0xe0, 0x0, 0x6f, 0xff, 0xfa,
    0x9f, 0xe0, 0x7, 0xff, 0xff, 0xfa, 0x9f, 0xe0,
    0x8f, 0xff, 0xff, 0xfa, 0x9f, 0xe9, 0xff, 0xff,
    0xff, 0xfa, 0x9f, 0xff, 0xff, 0xff, 0xff, 0xfa,
    0x9f, 0xff, 0xff, 0xff, 0xff, 0xfa, 0x9f, 0xfe,
    0xff, 0xff, 0xff, 0xfa, 0x9f, 0xe1, 0xdf, 0xff,
    0xff, 0xfa, 0x9f, 0xe0, 0x1c, 0xff, 0xff, 0xfa,
    0x9f, 0xe0, 0x0, 0xbf, 0xff, 0xfa, 0x9f, 0xe0,
    0x0, 0xa, 0xff, 0xfa, 0x9f, 0xe0, 0x0, 0x0,
    0x9f, 0xfa, 0x9f, 0xe0, 0x0, 0x0, 0x8, 0xf6,
    0x0, 0x0, 0x0, 0x0, 0x0, 0x0,

    /* U+F04B "" */
    0x3a, 0x70, 0x0, 0x0, 0x0, 0x0, 0x0, 0x0,
    0xef, 0xfe, 0x50, 0x0, 0x0, 0x0, 0x0, 0x0,
    0xff, 0xff, 0xfb, 0x20, 0x0, 0x0, 0x0, 0x0,
    0xff, 0xff, 0xff, 0xf8, 0x0, 0x0, 0x0, 0x0,
    0xff, 0xff, 0xff, 0xff, 0xe6, 0x0, 0x0, 0x0,
    0xff, 0xff, 0xff, 0xff, 0xff, 0xc3, 0x0, 0x0,
    0xff, 0xff, 0xff, 0xff, 0xff, 0xff, 0x91, 0x0,
    0xff, 0xff, 0xff, 0xff, 0xff, 0xff, 0xfe, 0x60,
    0xff, 0xff, 0xff, 0xff, 0xff, 0xff, 0xff, 0xf7,
    0xff, 0xff, 0xff, 0xff, 0xff, 0xff, 0xff, 0xfa,
    0xff, 0xff, 0xff, 0xff, 0xff, 0xff, 0xff, 0xe2,
    0xff, 0xff, 0xff, 0xff, 0xff, 0xff, 0xf8, 0x0,
    0xff, 0xff, 0xff, 0xff, 0xff, 0xfb, 0x20, 0x0,
    0xff, 0xff, 0xff, 0xff, 0xfd, 0x40, 0x0, 0x0,
    0xff, 0xff, 0xff, 0xff, 0x70, 0x0, 0x0, 0x0,
    0xff, 0xff, 0xff, 0xa1, 0x0, 0x0, 0x0, 0x0,
    0xff, 0xff, 0xd3, 0x0, 0x0, 0x0, 0x0, 0x0,
    0xaf, 0xe6, 0x0, 0x0, 0x0, 0x0, 0x0, 0x0,
    0x2, 0x0, 0x0, 0x0, 0x0, 0x0, 0x0, 0x0,

    /* U+F04C "" */
    0x3a, 0xbb, 0xb9, 0x10, 0x3, 0xab, 0xbb, 0x91,
    0xef, 0xff, 0xff, 0xa0, 0xe, 0xff, 0xff, 0xfa,
    0xff, 0xff, 0xff, 0xc0, 0xf, 0xff, 0xff, 0xfc,
    0xff, 0xff, 0xff, 0xc0, 0xf, 0xff, 0xff, 0xfc,
    0xff, 0xff, 0xff, 0xc0, 0xf, 0xff, 0xff, 0xfc,
    0xff, 0xff, 0xff, 0xc0, 0xf, 0xff, 0xff, 0xfc,
    0xff, 0xff, 0xff, 0xc0, 0xf, 0xff, 0xff, 0xfc,
    0xff, 0xff, 0xff, 0xc0, 0xf, 0xff, 0xff, 0xfc,
    0xff, 0xff, 0xff, 0xc0, 0xf, 0xff, 0xff, 0xfc,
    0xff, 0xff, 0xff, 0xc0, 0xf, 0xff, 0xff, 0xfc,
    0xff, 0xff, 0xff, 0xc0, 0xf, 0xff, 0xff, 0xfc,
    0xff, 0xff, 0xff, 0xc0, 0xf, 0xff, 0xff, 0xfc,
    0xff, 0xff, 0xff, 0xc0, 0xf, 0xff, 0xff, 0xfc,
    0xff, 0xff, 0xff, 0xc0, 0xf, 0xff, 0xff, 0xfc,
    0xff, 0xff, 0xff, 0xb0, 0xf, 0xff, 0xff, 0xfb,
    0x7f, 0xff, 0xfe, 0x40, 0x7, 0xff, 0xff, 0xe4,
    0x0, 0x0, 0x0, 0x0, 0x0, 0x0, 0x0, 0x0,

    /* U+F04D "" */
    0x3a, 0xbb, 0xbb, 0xbb, 0xbb, 0xbb, 0xbb, 0x91,
    0xef, 0xff, 0xff, 0xff, 0xff, 0xff, 0xff, 0xfa,
    0xff, 0xff, 0xff, 0xff, 0xff, 0xff, 0xff, 0xfc,
    0xff, 0xff, 0xff, 0xff, 0xff, 0xff, 0xff, 0xfc,
    0xff, 0xff, 0xff, 0xff, 0xff, 0xff, 0xff, 0xfc,
    0xff, 0xff, 0xff, 0xff, 0xff, 0xff, 0xff, 0xfc,
    0xff, 0xff, 0xff, 0xff, 0xff, 0xff, 0xff, 0xfc,
    0xff, 0xff, 0xff, 0xff, 0xff, 0xff, 0xff, 0xfc,
    0xff, 0xff, 0xff, 0xff, 0xff, 0xff, 0xff, 0xfc,
    0xff, 0xff, 0xff, 0xff, 0xff, 0xff, 0xff, 0xfc,
    0xff, 0xff, 0xff, 0xff, 0xff, 0xff, 0xff, 0xfc,
    0xff, 0xff, 0xff, 0xff, 0xff, 0xff, 0xff, 0xfc,
    0xff, 0xff, 0xff, 0xff, 0xff, 0xff, 0xff, 0xfc,
    0xff, 0xff, 0xff, 0xff, 0xff, 0xff, 0xff, 0xfc,
    0xff, 0xff, 0xff, 0xff, 0xff, 0xff, 0xff, 0xfb,
    0x7f, 0xff, 0xff, 0xff, 0xff, 0xff, 0xff, 0xe4,
    0x0, 0x0, 0x0, 0x0, 0x0, 0x0, 0x0, 0x0,

    /* U+F051 "" */
    0x4a, 0x20, 0x0, 0x0, 0xa, 0xb4, 0xbf, 0xe3,
    0x0, 0x0, 0xf, 0xf8, 0xcf, 0xff, 0x40, 0x0,
    0xf, 0xf8, 0xcf, 0xff, 0xf5, 0x0, 0xf, 0xf8,
    0xcf, 0xff, 0xff, 0x60, 0xf, 0xf8, 0xcf, 0xff,
    0xff, 0xf7, 0xf, 0xf8, 0xcf, 0xff, 0xff, 0xff,
    0x9f, 0xf8, 0xcf, 0xff, 0xff, 0xff, 0xff, 0xf8,
    0xcf, 0xff, 0xff, 0xff, 0xff, 0xf8, 0xcf, 0xff,
    0xff, 0xff, 0xdf, 0xf8, 0xcf, 0xff, 0xff, 0xfc,
    0x1f, 0xf8, 0xcf, 0xff, 0xff, 0xb0, 0xf, 0xf8,
    0xcf, 0xff, 0xfa, 0x0, 0xf, 0xf8, 0xcf, 0xff,
    0x80, 0x0, 0xf, 0xf8, 0xbf, 0xf7, 0x0, 0x0,
    0xf, 0xf8, 0x7f, 0x60, 0x0, 0x0, 0xf, 0xf7,
    0x0, 0x0, 0x0, 0x0, 0x0, 0x0,

    /* U+F052 "" */
    0x0, 0x0, 0x0, 0x2, 0xca, 0x10, 0x0, 0x0,
    0x0, 0x0, 0x0, 0x0, 0x2e, 0xff, 0xc0, 0x0,
    0x0, 0x0, 0x0, 0x0, 0x1, 0xef, 0xff, 0xfb,
    0x0, 0x0, 0x0, 0x0, 0x0, 0x1d, 0xff, 0xff,
    0xff, 0xa0, 0x0, 0x0, 0x0, 0x0, 0xcf, 0xff,
    0xff, 0xff, 0xf9, 0x0, 0x0, 0x0, 0xb, 0xff,
    0xff, 0xff, 0xff, 0xff, 0x70, 0x0, 0x0, 0xaf,
    0xff, 0xff, 0xff, 0xff, 0xff, 0xf6, 0x0, 0x8,
    0xff, 0xff, 0xff, 0xff, 0xff, 0xff, 0xff, 0x40,
    0xf, 0xff, 0xff, 0xff, 0xff, 0xff, 0xff, 0xff,
    0xb0, 0xa, 0xff, 0xff, 0xff, 0xff, 0xff, 0xff,
    0xff, 0x60, 0x0, 0x34, 0x44, 0x44, 0x44, 0x44,
    0x44, 0x42, 0x0, 0x3, 0x77, 0x77, 0x77, 0x77,
    0x77, 0x77, 0x77, 0x10, 0xf, 0xff, 0xff, 0xff,
    0xff, 0xff, 0xff, 0xff, 0xb0, 0xf, 0xff, 0xff,
    0xff, 0xff, 0xff, 0xff, 0xff, 0xc0, 0xf, 0xff,
    0xff, 0xff, 0xff, 0xff, 0xff, 0xff, 0xb0, 0xc,
    0xff, 0xff, 0xff, 0xff, 0xff, 0xff, 0xff, 0x70,
    0x0, 0x0, 0x0, 0x0, 0x0, 0x0, 0x0, 0x0,
    0x0,

    /* U+F053 "" */
    0x0, 0x0, 0x0, 0x0, 0x41, 0x0, 0x0, 0x0,
    0x0, 0x9f, 0xd0, 0x0, 0x0, 0x0, 0x9f, 0xff,
    0x20, 0x0, 0x0, 0x9f, 0xff, 0x50, 0x0, 0x0,
    0x9f, 0xff, 0x50, 0x0, 0x0, 0x9f, 0xff, 0x50,
    0x0, 0x0, 0x9f, 0xff, 0x50, 0x0, 0x0, 0x9f,
    0xff, 0x50, 0x0, 0x0, 0xe, 0xff, 0xd1, 0x0,
    0x0, 0x0, 0x3e, 0xff, 0xc1, 0x0, 0x0, 0x0,
    0x3e, 0xff, 0xc1, 0x0, 0x0, 0x0, 0x3e, 0xff,
    0xc1, 0x0, 0x0, 0x0, 0x3e, 0xff, 0xc1, 0x0,
    0x0, 0x0, 0x3e, 0xff, 0xc0, 0x0, 0x0, 0x0,
    0x3e, 0xff, 0x20, 0x0, 0x0, 0x0, 0x3c, 0x60,

    /* U+F054 "" */
    0x0, 0x50, 0x0, 0x0, 0x0, 0x0, 0x9f, 0xc1,
    0x0, 0x0, 0x0, 0xe, 0xff, 0xc1, 0x0, 0x0,
    0x0, 0x2e, 0xff, 0xc1, 0x0, 0x0, 0x0, 0x2e,
    0xff, 0xc1, 0x0, 0x0, 0x0, 0x2e, 0xff, 0xc1,
    0x0, 0x0, 0x0, 0x2e, 0xff, 0xc1, 0x0, 0x0,
    0x0, 0x2e, 0xff, 0xc0, 0x0, 0x0, 0x0, 0xaf,
    0xff, 0x20, 0x0, 0x0, 0x9f, 0xff, 0x50, 0x0,
    0x0, 0x9f, 0xff, 0x50, 0x0, 0x0, 0x9f, 0xff,
    0x50, 0x0, 0x0, 0x9f, 0xff, 0x60, 0x0, 0x0,
    0x9f, 0xff, 0x60, 0x0, 0x0, 0xe, 0xff, 0x60,
    0x0, 0x0, 0x0, 0x3d, 0x50, 0x0, 0x0, 0x0,

    /* U+F067 "" */
    0x0, 0x0, 0x0, 0x39, 0x91, 0x0, 0x0, 0x0,
    0x0, 0x0, 0x0, 0xcf, 0xf8, 0x0, 0x0, 0x0,
    0x0, 0x0, 0x0, 0xdf, 0xf9, 0x0, 0x0, 0x0,
    0x0, 0x0, 0x0, 0xdf, 0xf9, 0x0, 0x0, 0x0,
    0x0, 0x0, 0x0, 0xdf, 0xf9, 0x0, 0x0, 0x0,
    0x0, 0x0, 0x0, 0xdf, 0xf9, 0x0, 0x0, 0x0,
    0x36, 0x77, 0x77, 0xef, 0xfc, 0x77, 0x77, 0x61,
    0xef, 0xff, 0xff, 0xff, 0xff, 0xff, 0xff, 0xfa,
    0xff, 0xff, 0xff, 0xff, 0xff, 0xff, 0xff, 0xfb,
    0xae, 0xff, 0xff, 0xff, 0xff, 0xff, 0xff, 0xe6,
    0x0, 0x0, 0x0, 0xdf, 0xf9, 0x0, 0x0, 0x0,
    0x0, 0x0, 0x0, 0xdf, 0xf9, 0x0, 0x0, 0x0,
    0x0, 0x0, 0x0, 0xdf, 0xf9, 0x0, 0x0, 0x0,
    0x0, 0x0, 0x0, 0xdf, 0xf9, 0x0, 0x0, 0x0,
    0x0, 0x0, 0x0, 0xdf, 0xf9, 0x0, 0x0, 0x0,
    0x0, 0x0, 0x0, 0x9f, 0xf5, 0x0, 0x0, 0x0,
    0x0, 0x0, 0x0, 0x1, 0x10, 0x0, 0x0, 0x0,

    /* U+F068 "" */
    0x36, 0x66, 0x66, 0x66, 0x66, 0x66, 0x66, 0x61,
    0xef, 0xff, 0xff, 0xff, 0xff, 0xff, 0xff, 0xfa,
    0xff, 0xff, 0xff, 0xff, 0xff, 0xff, 0xff, 0xfb,
    0xaf, 0xff, 0xff, 0xff, 0xff, 0xff, 0xff, 0xf6,

    /* U+F06E "" */
    0x0, 0x0, 0x0, 0x3, 0x68, 0x87, 0x40, 0x0,
    0x0, 0x0, 0x0, 0x0, 0x0, 0x8e, 0xff, 0xff,
    0xff, 0xf9, 0x20, 0x0, 0x0, 0x0, 0x4, 0xef,
    0xfd, 0x63, 0x25, 0xbf, 0xff, 0x70, 0x0, 0x0,
    0x7, 0xff, 0xfa, 0x0, 0x0, 0x0, 0x7f, 0xff,
    0xa0, 0x0, 0x6, 0xff, 0xfd, 0x0, 0x8, 0xfc,
    0x20, 0x9f, 0xff, 0xa0, 0x2, 0xff, 0xff, 0x50,
    0x0, 0x8f, 0xfe, 0x12, 0xff, 0xff, 0x60, 0xcf,
    0xff, 0xf2, 0x16, 0x7f, 0xff, 0xf5, 0xe, 0xff,
    0xfe, 0x1e, 0xff, 0xff, 0x12, 0xff, 0xff, 0xff,
    0x70, 0xdf, 0xff, 0xf2, 0x6f, 0xff, 0xf3, 0xe,
    0xff, 0xff, 0xf3, 0xf, 0xff, 0xfb, 0x0, 0xbf,
    0xff, 0x90, 0x4f, 0xff, 0xf8, 0x5, 0xff, 0xfe,
    0x10, 0x1, 0xdf, 0xff, 0x40, 0x28, 0x84, 0x1,
    0xef, 0xff, 0x30, 0x0, 0x1, 0xbf, 0xff, 0x60,
    0x0, 0x4, 0xef, 0xfd, 0x30, 0x0, 0x0, 0x0,
    0x6e, 0xff, 0xfb, 0xbe, 0xff, 0xf9, 0x0, 0x0,
    0x0, 0x0, 0x0, 0x5, 0xad, 0xff, 0xeb, 0x71,
    0x0, 0x0, 0x0,

    /* U+F070 "" */
    0x4a, 0x10, 0x0, 0x0, 0x0, 0x0, 0x0, 0x0,
    0x0, 0x0, 0x0, 0xe, 0xfe, 0x30, 0x0, 0x0,
    0x0, 0x0, 0x0, 0x0, 0x0, 0x0, 0x0, 0x5f,
    0xff, 0x60, 0x0, 0x15, 0x78, 0x74, 0x0, 0x0,
    0x0, 0x0, 0x0, 0x2d, 0xff, 0xa6, 0xdf, 0xff,
    0xff, 0xff, 0xa2, 0x0, 0x0, 0x0, 0x0, 0xa,
    0xff, 0xff, 0xe8, 0x32, 0x5b, 0xff, 0xf8, 0x0,
    0x0, 0x0, 0x0, 0x6, 0xff, 0xf6, 0x0, 0x10,
    0x6, 0xff, 0xfb, 0x0, 0x0, 0x0, 0x0, 0x3,
    0xef, 0xf8, 0x7f, 0xd3, 0x9, 0xff, 0xfb, 0x0,
    0x0, 0x1e, 0x70, 0x1, 0xbf, 0xfe, 0xff, 0xf2,
    0x1f, 0xff, 0xf7, 0x0, 0x9, 0xff, 0xa0, 0x0,
    0x8f, 0xff, 0xff, 0x70, 0xdf, 0xff, 0xf1, 0x0,
    0xcf, 0xff, 0xd1, 0x0, 0x5f, 0xff, 0xf9, 0xc,
    0xff, 0xff, 0x30, 0x5, 0xff, 0xff, 0x60, 0x0,
    0x2d, 0xff, 0xb0, 0xef, 0xff, 0xb0, 0x0, 0xa,
    0xff, 0xfc, 0x0, 0x0, 0xa, 0xff, 0xef, 0xff,
    0xe1, 0x0, 0x0, 0xc, 0xff, 0xf6, 0x0, 0x0,
    0x6, 0xff, 0xff, 0xf3, 0x0, 0x0, 0x0, 0xa,
    0xff, 0xf8, 0x10, 0x0, 0x3, 0xef, 0xfa, 0x0,
    0x0, 0x0, 0x0, 0x5, 0xef, 0xff, 0xcb, 0x80,
    0x1, 0xbf, 0xfb, 0x10, 0x0, 0x0, 0x0, 0x0,
    0x5a, 0xdf, 0xfe, 0x70, 0x0, 0x8f, 0xfe, 0x30,
    0x0, 0x0, 0x0, 0x0, 0x0, 0x0, 0x0, 0x0,
    0x0, 0x5f, 0xff, 0x30, 0x0, 0x0, 0x0, 0x0,
    0x0, 0x0, 0x0, 0x0, 0x0, 0x2d, 0xe1, 0x0,
    0x0, 0x0, 0x0, 0x0, 0x0, 0x0, 0x0, 0x0,
    0x0, 0x1, 0x0,

    /* U+F071 "" */
    0x0, 0x0, 0x0, 0x0, 0x1, 0xcd, 0x40, 0x0,
    0x0, 0x0, 0x0, 0x0, 0x0, 0x0, 0x0, 0xa,
    0xff, 0xe0, 0x0, 0x0, 0x0, 0x0, 0x0, 0x0,
    0x0, 0x0, 0x4f, 0xff, 0xf8, 0x0, 0x0, 0x0,
    0x0, 0x0, 0x0, 0x0, 0x0, 0xdf, 0xff, 0xff,
    0x10, 0x0, 0x0, 0x0, 0x0, 0x0, 0x0, 0x6,
    0xff, 0xff, 0xff, 0xa0, 0x0, 0x0, 0x0, 0x0,
    0x0, 0x0, 0xe, 0xff, 0xff, 0xff, 0xf3, 0x0,
    0x0, 0x0, 0x0, 0x0, 0x0, 0x8f, 0xfb, 0x33,
    0x8f, 0xfc, 0x0, 0x0, 0x0, 0x0, 0x0, 0x2,
    0xff, 0xf9, 0x0, 0x6f, 0xff, 0x60, 0x0, 0x0,
    0x0, 0x0, 0xa, 0xff, 0xfa, 0x0, 0x6f, 0xff,
    0xe0, 0x0, 0x0, 0x0, 0x0, 0x4f, 0xff, 0xfb,
    0x0, 0x7f, 0xff, 0xf8, 0x0, 0x0, 0x0, 0x0,
    0xdf, 0xff, 0xfc, 0x0, 0x8f, 0xff, 0xff, 0x10,
    0x0, 0x0, 0x6, 0xff, 0xff, 0xfd, 0x0, 0x9f,
    0xff, 0xff, 0xa0, 0x0, 0x0, 0xe, 0xff, 0xff,
    0xff, 0xcb, 0xff, 0xff, 0xff, 0xf3, 0x0, 0x0,
    0x8f, 0xff, 0xff, 0xfc, 0x0, 0x8f, 0xff, 0xff,
    0xfc, 0x0, 0x2, 0xff, 0xff, 0xff, 0xf9, 0x0,
    0x4f, 0xff, 0xff, 0xff, 0x60, 0xa, 0xff, 0xff,
    0xff, 0xfe, 0x42, 0xcf, 0xff, 0xff, 0xff, 0xe0,
    0xf, 0xff, 0xff, 0xff, 0xff, 0xff, 0xff, 0xff,
    0xff, 0xff, 0xf3, 0x9, 0xff, 0xff, 0xff, 0xff,
    0xff, 0xff, 0xff, 0xff, 0xff, 0xd0, 0x0, 0x23,
    0x33, 0x33, 0x33, 0x33, 0x33, 0x33, 0x33, 0x33,
    0x0,

    /* U+F074 "" */
    0x0, 0x0, 0x0, 0x0, 0x0, 0x0, 0x1, 0x40,
    0x0, 0x0, 0x0, 0x0, 0x0, 0x0, 0x0, 0x7,
    0xf9, 0x0, 0x12, 0x22, 0x10, 0x0, 0x0, 0x1,
    0x29, 0xff, 0x90, 0xff, 0xff, 0xe2, 0x0, 0x0,
    0x6f, 0xff, 0xff, 0xf8, 0xff, 0xff, 0xfe, 0x20,
    0x5, 0xff, 0xff, 0xff, 0xfd, 0x9a, 0xad, 0xff,
    0xd0, 0x5f, 0xff, 0xbd, 0xff, 0xe2, 0x0, 0x0,
    0xcf, 0x44, 0xff, 0xf9, 0x8, 0xfe, 0x20, 0x0,
    0x0, 0x4, 0x4f, 0xff, 0x90, 0x4, 0xd2, 0x0,
    0x0, 0x0, 0x3, 0xff, 0xfa, 0x0, 0x0, 0x10,
    0x0, 0x0, 0x0, 0x3f, 0xff, 0xa1, 0x91, 0x6,
    0xf6, 0x0, 0x0, 0x2, 0xef, 0xfb, 0xc, 0xfc,
    0x8, 0xff, 0x60, 0xef, 0xff, 0xff, 0xb0, 0x1d,
    0xff, 0xff, 0xff, 0xf6, 0xff, 0xff, 0xfc, 0x0,
    0x2, 0xef, 0xff, 0xff, 0xfe, 0xdd, 0xdd, 0xb0,
    0x0, 0x0, 0x2d, 0xde, 0xff, 0xf5, 0x0, 0x0,
    0x0, 0x0, 0x0, 0x0, 0x8, 0xff, 0x50, 0x0,
    0x0, 0x0, 0x0, 0x0, 0x0, 0x6, 0xf5, 0x0,
    0x0, 0x0, 0x0, 0x0, 0x0, 0x0, 0x0, 0x0,
    0x0,

    /* U+F077 "" */
    0x0, 0x0, 0x0, 0x4, 0x20, 0x0, 0x0, 0x0,
    0x0, 0x0, 0x0, 0x5f, 0xe2, 0x0, 0x0, 0x0,
    0x0, 0x0, 0x5, 0xff, 0xfe, 0x20, 0x0, 0x0,
    0x0, 0x0, 0x5f, 0xff, 0xff, 0xe3, 0x0, 0x0,
    0x0, 0x6, 0xff, 0xfa, 0xcf, 0xfe, 0x30, 0x0,
    0x0, 0x6f, 0xff, 0x90, 0xc, 0xff, 0xe3, 0x0,
    0x6, 0xff, 0xf9, 0x0, 0x0, 0xcf, 0xfe, 0x30,
    0x5f, 0xff, 0x90, 0x0, 0x0, 0xc, 0xff, 0xe2,
    0xaf, 0xf9, 0x0, 0x0, 0x0, 0x0, 0xcf, 0xf6,
    0x1b, 0x80, 0x0, 0x0, 0x0, 0x0, 0xb, 0x90,

    /* U+F078 "" */
    0x3, 0x20, 0x0, 0x0, 0x0, 0x0, 0x3, 0x20,
    0x6f, 0xe2, 0x0, 0x0, 0x0, 0x0, 0x5f, 0xf2,
    0xaf, 0xfe, 0x30, 0x0, 0x0, 0x5, 0xff, 0xf6,
    0x1c, 0xff, 0xe3, 0x0, 0x0, 0x5f, 0xff, 0x90,
    0x1, 0xcf, 0xfe, 0x30, 0x5, 0xff, 0xf9, 0x0,
    0x0, 0x1c, 0xff, 0xe3, 0x5f, 0xff, 0x90, 0x0,
    0x0, 0x1, 0xcf, 0xff, 0xff, 0xf9, 0x0, 0x0,
    0x0, 0x0, 0x1c, 0xff, 0xff, 0x90, 0x0, 0x0,
    0x0, 0x0, 0x1, 0xcf, 0xf9, 0x0, 0x0, 0x0,
    0x0, 0x0, 0x0, 0x1b, 0x90, 0x0, 0x0, 0x0,

    /* U+F079 "" */
    0x0, 0x0, 0x26, 0x0, 0x0, 0x0, 0x0, 0x0,
    0x0, 0x0, 0x0, 0x0, 0x0, 0x2, 0xef, 0xa0,
    0x0, 0x44, 0x44, 0x44, 0x44, 0x42, 0x0, 0x0,
    0x0, 0x2e, 0xff, 0xfa, 0x4, 0xff, 0xff, 0xff,
    0xff, 0xfd, 0x0, 0x0, 0x3, 0xef, 0xff, 0xff,
    0xa0, 0xaf, 0xff, 0xff, 0xff, 0xfe, 0x0, 0x0,
    0xe, 0xfd, 0xef, 0xcf, 0xf8, 0x0, 0x0, 0x0,
    0x5, 0xfe, 0x0, 0x0, 0xb, 0xe2, 0xdf, 0x67,
    0xf5, 0x0, 0x0, 0x0, 0x5, 0xfe, 0x0, 0x0,
    0x0, 0x0, 0xdf, 0x60, 0x0, 0x0, 0x0, 0x0,
    0x5, 0xfe, 0x0, 0x0, 0x0, 0x0, 0xdf, 0x60,
    0x0, 0x0, 0x0, 0x0, 0x5, 0xfe, 0x0, 0x0,
    0x0, 0x0, 0xdf, 0x60, 0x0, 0x0, 0x0, 0x4,
    0x15, 0xfe, 0x3, 0x20, 0x0, 0x0, 0xdf, 0x60,
    0x0, 0x0, 0x0, 0x6f, 0xd6, 0xfe, 0x4f, 0xf1,
    0x0, 0x0, 0xdf, 0x94, 0x44, 0x44, 0x41, 0x3f,
    0xff, 0xff, 0xff, 0xc0, 0x0, 0x0, 0xdf, 0xff,
    0xff, 0xff, 0xff, 0x24, 0xff, 0xff, 0xfc, 0x10,
    0x0, 0x0, 0x9f, 0xff, 0xff, 0xff, 0xfe, 0x30,
    0x4f, 0xff, 0xc0, 0x0, 0x0, 0x0, 0x0, 0x0,
    0x0, 0x0, 0x0, 0x0, 0x4, 0xfc, 0x0, 0x0,
    0x0, 0x0, 0x0, 0x0, 0x0, 0x0, 0x0, 0x0,
    0x0, 0x10, 0x0, 0x0,

    /* U+F07B "" */
    0x17, 0x88, 0x88, 0x84, 0x0, 0x0, 0x0, 0x0,
    0x0, 0xcf, 0xff, 0xff, 0xff, 0x50, 0x0, 0x0,
    0x0, 0x0, 0xff, 0xff, 0xff, 0xff, 0xf6, 0x44,
    0x44, 0x44, 0x30, 0xff, 0xff, 0xff, 0xff, 0xff,
    0xff, 0xff, 0xff, 0xfa, 0xff, 0xff, 0xff, 0xff,
    0xff, 0xff, 0xff, 0xff, 0xff, 0xff, 0xff, 0xff,
    0xff, 0xff, 0xff, 0xff, 0xff, 0xff, 0xff, 0xff,
    0xff, 0xff, 0xff, 0xff, 0xff, 0xff, 0xff, 0xff,
    0xff, 0xff, 0xff, 0xff, 0xff, 0xff, 0xff, 0xff,
    0xff, 0xff, 0xff, 0xff, 0xff, 0xff, 0xff, 0xff,
    0xff, 0xff, 0xff, 0xff, 0xff, 0xff, 0xff, 0xff,
    0xff, 0xff, 0xff, 0xff, 0xff, 0xff, 0xff, 0xff,
    0xff, 0xff, 0xff, 0xff, 0xff, 0xff, 0xff, 0xff,
    0xff, 0xff, 0xff, 0xff, 0xff, 0xff, 0xff, 0xff,
    0xff, 0xff, 0xff, 0xff, 0xff, 0x7f, 0xff, 0xff,
    0xff, 0xff, 0xff, 0xff, 0xff, 0xf6,

    /* U+F093 "" */
    0x0, 0x0, 0x0, 0x0, 0x47, 0x0, 0x0, 0x0,
    0x0, 0x0, 0x0, 0x0, 0x4, 0xff, 0x90, 0x0,
    0x0, 0x0, 0x0, 0x0, 0x0, 0x4f, 0xff, 0xf9,
    0x0, 0x0, 0x0, 0x0, 0x0, 0x4, 0xff, 0xff,
    0xff, 0x90, 0x0, 0x0, 0x0, 0x0, 0x4f, 0xff,
    0xff, 0xff, 0xf9, 0x0, 0x0, 0x0, 0x4, 0xff,
    0xff, 0xff, 0xff, 0xff, 0x90, 0x0, 0x0, 0xc,
    0xff, 0xff, 0xff, 0xff, 0xff, 0xf1, 0x0, 0x0,
    0x0, 0x11, 0x2f, 0xff, 0xf7, 0x11, 0x10, 0x0,
    0x0, 0x0, 0x0, 0x1f, 0xff, 0xf6, 0x0, 0x0,
    0x0, 0x0, 0x0, 0x0, 0x1f, 0xff, 0xf6, 0x0,
    0x0, 0x0, 0x0, 0x0, 0x0, 0x1f, 0xff, 0xf6,
    0x0, 0x0, 0x0, 0x0, 0x0, 0x0, 0x1f, 0xff,
    0xf6, 0x0, 0x0, 0x0, 0x24, 0x44, 0x42, 0x1f,
    0xff, 0xf6, 0x24, 0x44, 0x42, 0xff, 0xff, 0xfc,
    0x8, 0xbb, 0xa2, 0xcf, 0xff, 0xff, 0xff, 0xff,
    0xff, 0xa5, 0x55, 0x5a, 0xff, 0xff, 0xff, 0xff,
    0xff, 0xff, 0xff, 0xff, 0xff, 0xff, 0xff, 0xff,
    0xff, 0xff, 0xff, 0xff, 0xff, 0xff, 0x66, 0xc4,
    0xff, 0xdf, 0xff, 0xff, 0xff, 0xff, 0xff, 0xff,
    0xff, 0xfd, 0x0, 0x0, 0x0, 0x0, 0x0, 0x0,
    0x0, 0x0, 0x0,

    /* U+F095 "" */
    0x0, 0x0, 0x0, 0x0, 0x0, 0x0, 0x2, 0xb8,
    0x41, 0x0, 0x0, 0x0, 0x0, 0x0, 0x0, 0x0,
    0x9f, 0xff, 0xfb, 0x0, 0x0, 0x0, 0x0, 0x0,
    0x0, 0x1f, 0xff, 0xff, 0xf0, 0x0, 0x0, 0x0,
    0x0, 0x0, 0x7, 0xff, 0xff, 0xfe, 0x0, 0x0,
    0x0, 0x0, 0x0, 0x0, 0xdf, 0xff, 0xff, 0xc0,
    0x0, 0x0, 0x0, 0x0, 0x0, 0xc, 0xff, 0xff,
    0xf9, 0x0, 0x0, 0x0, 0x0, 0x0, 0x0, 0xa,
    0xff, 0xff, 0x50, 0x0, 0x0, 0x0, 0x0, 0x0,
    0x0, 0xc, 0xff, 0xf1, 0x0, 0x0, 0x0, 0x0,
    0x0, 0x0, 0x3, 0xff, 0xfa, 0x0, 0x0, 0x0,
    0x0, 0x0, 0x0, 0x0, 0xdf, 0xff, 0x20, 0x0,
    0x0, 0x0, 0x0, 0x0, 0x0, 0xaf, 0xff, 0x90,
    0x0, 0x0, 0x4, 0xa5, 0x0, 0x0, 0xaf, 0xff,
    0xd0, 0x0, 0x0, 0x7d, 0xff, 0xf4, 0x2, 0xcf,
    0xff, 0xe2, 0x0, 0x0, 0xdf, 0xff, 0xff, 0xe9,
    0xff, 0xff, 0xf3, 0x0, 0x0, 0xd, 0xff, 0xff,
    0xff, 0xff, 0xff, 0xe2, 0x0, 0x0, 0x0, 0x9f,
    0xff, 0xff, 0xff, 0xff, 0xa1, 0x0, 0x0, 0x0,
    0x6, 0xff, 0xff, 0xff, 0xfc, 0x40, 0x0, 0x0,
    0x0, 0x0, 0x2f, 0xff, 0xfd, 0x83, 0x0, 0x0,
    0x0, 0x0, 0x0, 0x0, 0x23, 0x20, 0x0, 0x0,
    0x0, 0x0, 0x0, 0x0, 0x0,

    /* U+F0C4 "" */
    0x0, 0x35, 0x20, 0x0, 0x0, 0x0, 0x0, 0x0,
    0x1c, 0xff, 0xfa, 0x0, 0x0, 0x1, 0x9c, 0xa1,
    0xaf, 0xfe, 0xff, 0x60, 0x0, 0x2e, 0xff, 0xf9,
    0xef, 0x60, 0xaf, 0xb0, 0x3, 0xef, 0xff, 0xb0,
    0xef, 0x92, 0xcf, 0x90, 0x3e, 0xff, 0xfa, 0x0,
    0x7f, 0xff, 0xff, 0xe6, 0xff, 0xff, 0xa0, 0x0,
    0x8, 0xff, 0xff, 0xff, 0xff, 0xfa, 0x0, 0x0,
    0x0, 0x1, 0xcf, 0xff, 0xff, 0xa0, 0x0, 0x0,
    0x0, 0x0, 0x3f, 0xff, 0xff, 0x10, 0x0, 0x0,
    0x0, 0x36, 0xef, 0xff, 0xff, 0xd1, 0x0, 0x0,
    0x1c, 0xff, 0xff, 0xff, 0xff, 0xfd, 0x10, 0x0,
    0xaf, 0xfe, 0xff, 0xc2, 0xdf, 0xff, 0xd1, 0x0,
    0xef, 0x60, 0xaf, 0xa0, 0x1c, 0xff, 0xfe, 0x20,
    0xef, 0x92, 0xcf, 0xa0, 0x0, 0xcf, 0xff, 0xe2,
    0x7f, 0xff, 0xff, 0x40, 0x0, 0xb, 0xff, 0xf9,
    0x8, 0xff, 0xe5, 0x0, 0x0, 0x0, 0x58, 0x50,
    0x0, 0x1, 0x0, 0x0, 0x0, 0x0, 0x0, 0x0,

    /* U+F0C5 "" */
    0x0, 0x0, 0x6f, 0xff, 0xff, 0xf1, 0x68, 0x0,
    0x0, 0x0, 0xaf, 0xff, 0xff, 0xf1, 0x7f, 0x80,
    0x0, 0x0, 0xaf, 0xff, 0xff, 0xf1, 0x7f, 0xf8,
    0x36, 0x62, 0xaf, 0xff, 0xff, 0xf1, 0x36, 0x66,
    0xff, 0xf6, 0xaf, 0xff, 0xff, 0xf6, 0x22, 0x22,
    0xff, 0xf6, 0xaf, 0xff, 0xff, 0xff, 0xff, 0xfe,
    0xff, 0xf6, 0xaf, 0xff, 0xff, 0xff, 0xff, 0xfe,
    0xff, 0xf6, 0xaf, 0xff, 0xff, 0xff, 0xff, 0xfe,
    0xff, 0xf6, 0xaf, 0xff, 0xff, 0xff, 0xff, 0xfe,
    0xff, 0xf6, 0xaf, 0xff, 0xff, 0xff, 0xff, 0xfe,
    0xff, 0xf6, 0xaf, 0xff, 0xff, 0xff, 0xff, 0xfe,
    0xff, 0xf6, 0xaf, 0xff, 0xff, 0xff, 0xff, 0xfe,
    0xff, 0xf6, 0xaf, 0xff, 0xff, 0xff, 0xff, 0xfe,
    0xff, 0xf6, 0xaf, 0xff, 0xff, 0xff, 0xff, 0xfe,
    0xff, 0xf7, 0x6f, 0xff, 0xff, 0xff, 0xff, 0xfa,
    0xff, 0xfe, 0x30, 0x0, 0x0, 0x0, 0x0, 0x0,
    0xff, 0xff, 0xff, 0xff, 0xff, 0xf1, 0x0, 0x0,
    0xef, 0xff, 0xff, 0xff, 0xff, 0xf0, 0x0, 0x0,
    0x14, 0x44, 0x44, 0x44, 0x44, 0x20, 0x0, 0x0,

    /* U+F0C7 "" */
    0x5, 0x66, 0x66, 0x66, 0x66, 0x64, 0x0, 0x0,
    0xcf, 0xff, 0xff, 0xff, 0xff, 0xff, 0x90, 0x0,
    0xff, 0xed, 0xdd, 0xdd, 0xdd, 0xef, 0xf9, 0x0,
    0xff, 0x40, 0x0, 0x0, 0x0, 0xf, 0xff, 0x90,
    0xff, 0x40, 0x0, 0x0, 0x0, 0xe, 0xff, 0xf6,
    0xff, 0x40, 0x0, 0x0, 0x0, 0xe, 0xff, 0xf9,
    0xff, 0x40, 0x0, 0x0, 0x0, 0xf, 0xff, 0xf9,
    0xff, 0xff, 0xff, 0xff, 0xff, 0xff, 0xff, 0xf9,
    0xff, 0xff, 0xff, 0xff, 0xff, 0xff, 0xff, 0xf9,
    0xff, 0xff, 0xff, 0xc5, 0x7f, 0xff, 0xff, 0xf9,
    0xff, 0xff, 0xfe, 0x0, 0x5, 0xff, 0xff, 0xf9,
    0xff, 0xff, 0xfa, 0x0, 0x1, 0xff, 0xff, 0xf9,
    0xff, 0xff, 0xfd, 0x0, 0x4, 0xff, 0xff, 0xf9,
    0xff, 0xff, 0xff, 0x93, 0x4d, 0xff, 0xff, 0xf9,
    0xff, 0xff, 0xff, 0xff, 0xff, 0xff, 0xff, 0xf8,
    0x8f, 0xff, 0xff, 0xff, 0xff, 0xff, 0xff, 0xe3,
    0x1, 0x22, 0x22, 0x22, 0x22, 0x22, 0x21, 0x0,

    /* U+F0C9 "" */
    0x79, 0x99, 0x99, 0x99, 0x99, 0x99, 0x99, 0x95,
    0xff, 0xff, 0xff, 0xff, 0xff, 0xff, 0xff, 0xfc,
    0xdf, 0xff, 0xff, 0xff, 0xff, 0xff, 0xff, 0xfa,
    0x0, 0x0, 0x0, 0x0, 0x0, 0x0, 0x0, 0x0,
    0x0, 0x0, 0x0, 0x0, 0x0, 0x0, 0x0, 0x0,
    0x0, 0x0, 0x0, 0x0, 0x0, 0x0, 0x0, 0x0,
    0xef, 0xff, 0xff, 0xff, 0xff, 0xff, 0xff, 0xfa,
    0xff, 0xff, 0xff, 0xff, 0xff, 0xff, 0xff, 0xfb,
    0x68, 0x88, 0x88, 0x88, 0x88, 0x88, 0x88, 0x84,
    0x0, 0x0, 0x0, 0x0, 0x0, 0x0, 0x0, 0x0,
    0x0, 0x0, 0x0, 0x0, 0x0, 0x0, 0x0, 0x0,
    0x67, 0x77, 0x77, 0x77, 0x77, 0x77, 0x77, 0x74,
    0xff, 0xff, 0xff, 0xff, 0xff, 0xff, 0xff, 0xfb,
    0xef, 0xff, 0xff, 0xff, 0xff, 0xff, 0xff, 0xfa,
    0x0, 0x0, 0x0, 0x0, 0x0, 0x0, 0x0, 0x0,

    /* U+F0E0 "" */
    0x3, 0x44, 0x44, 0x44, 0x44, 0x44, 0x44, 0x44,
    0x30, 0xaf, 0xff, 0xff, 0xff, 0xff, 0xff, 0xff,
    0xff, 0xfa, 0xff, 0xff, 0xff, 0xff, 0xff, 0xff,
    0xff, 0xff, 0xff, 0xcf, 0xff, 0xff, 0xff, 0xff,
    0xff, 0xff, 0xff, 0xfc, 0xa, 0xff, 0xff, 0xff,
    0xff, 0xff, 0xff, 0xff, 0xa0, 0xa1, 0x6f, 0xff,
    0xff, 0xff, 0xff, 0xff, 0xf6, 0x3d, 0xfe, 0x42,
    0xdf, 0xff, 0xff, 0xff, 0xfd, 0x26, 0xff, 0xff,
    0xf9, 0x19, 0xff, 0xff, 0xff, 0x91, 0xbf, 0xff,
    0xff, 0xff, 0xd3, 0x5f, 0xff, 0xe5, 0x4e, 0xff,
    0xff, 0xff, 0xff, 0xff, 0x71, 0x99, 0x17, 0xff,
    0xff, 0xff, 0xff, 0xff, 0xff, 0xfd, 0x77, 0xdf,
    0xff, 0xff, 0xff, 0xff, 0xff, 0xff, 0xff, 0xff,
    0xff, 0xff, 0xff, 0xff, 0xff, 0xff, 0xff, 0xff,
    0xff, 0xff, 0xff, 0xff, 0xff, 0x7f, 0xff, 0xff,
    0xff, 0xff, 0xff, 0xff, 0xff, 0xf6,

    /* U+F0E7 "" */
    0x0, 0xaf, 0xff, 0xff, 0xa0, 0x0, 0x0, 0xf,
    0xff, 0xff, 0xfb, 0x0, 0x0, 0x1, 0xff, 0xff,
    0xff, 0x60, 0x0, 0x0, 0x3f, 0xff, 0xff, 0xf1,
    0x0, 0x0, 0x5, 0xff, 0xff, 0xfb, 0x0, 0x0,
    0x0, 0x8f, 0xff, 0xff, 0xa5, 0x55, 0x40, 0xa,
    0xff, 0xff, 0xff, 0xff, 0xff, 0x30, 0xcf, 0xff,
    0xff, 0xff, 0xff, 0xc0, 0xe, 0xff, 0xff, 0xff,
    0xff, 0xf3, 0x0, 0xef, 0xff, 0xff, 0xff, 0xfa,
    0x0, 0x1, 0x22, 0x23, 0xff, 0xff, 0x10, 0x0,
    0x0, 0x0, 0x4f, 0xff, 0x70, 0x0, 0x0, 0x0,
    0x8, 0xff, 0xe0, 0x0, 0x0, 0x0, 0x0, 0xcf,
    0xf5, 0x0, 0x0, 0x0, 0x0, 0xf, 0xfc, 0x0,
    0x0, 0x0, 0x0, 0x3, 0xff, 0x30, 0x0, 0x0,
    0x0, 0x0, 0x7f, 0x90, 0x0, 0x0, 0x0, 0x0,
    0x7, 0xe1, 0x0, 0x0, 0x0, 0x0, 0x0, 0x0,
    0x0, 0x0, 0x0, 0x0,

    /* U+F0EA "" */
    0x0, 0x0, 0x8d, 0x90, 0x0, 0x0, 0x0, 0x0,
    0x8b, 0xbc, 0xfa, 0xfd, 0xbb, 0x90, 0x0, 0x0,
    0xff, 0xff, 0xd0, 0xcf, 0xff, 0xf1, 0x0, 0x0,
    0xff, 0xff, 0xf8, 0xff, 0xff, 0xf1, 0x0, 0x0,
    0xff, 0xff, 0xff, 0xff, 0xff, 0xf1, 0x0, 0x0,
    0xff, 0xff, 0xf3, 0x0, 0x0, 0x0, 0x0, 0x0,
    0xff, 0xff, 0x95, 0xff, 0xff, 0xf1, 0x79, 0x0,
    0xff, 0xff, 0x88, 0xff, 0xff, 0xf1, 0x7f, 0xb0,
    0xff, 0xff, 0x88, 0xff, 0xff, 0xf1, 0x7f, 0xfa,
    0xff, 0xff, 0x88, 0xff, 0xff, 0xf2, 0x2, 0x21,
    0xff, 0xff, 0x88, 0xff, 0xff, 0xff, 0xdd, 0xdc,
    0xff, 0xff, 0x88, 0xff, 0xff, 0xff, 0xff, 0xfe,
    0xff, 0xff, 0x88, 0xff, 0xff, 0xff, 0xff, 0xfe,
    0xff, 0xff, 0x88, 0xff, 0xff, 0xff, 0xff, 0xfe,
    0x7a, 0xaa, 0x58, 0xff, 0xff, 0xff, 0xff, 0xfe,
    0x0, 0x0, 0x8, 0xff, 0xff, 0xff, 0xff, 0xfe,
    0x0, 0x0, 0x8, 0xff, 0xff, 0xff, 0xff, 0xfe,
    0x0, 0x0, 0x6, 0xff, 0xff, 0xff, 0xff, 0xfc,
    0x0, 0x0, 0x0, 0x0, 0x0, 0x0, 0x0, 0x0,

    /* U+F0F3 "" */
    0x0, 0x0, 0x0, 0x8, 0x60, 0x0, 0x0, 0x0,
    0x0, 0x0, 0x0, 0x3f, 0xf0, 0x0, 0x0, 0x0,
    0x0, 0x0, 0x6, 0xcf, 0xfa, 0x40, 0x0, 0x0,
    0x0, 0x1, 0xcf, 0xff, 0xff, 0xf9, 0x0, 0x0,
    0x0, 0xc, 0xff, 0xff, 0xff, 0xff, 0x80, 0x0,
    0x0, 0x5f, 0xff, 0xff, 0xff, 0xff, 0xf1, 0x0,
    0x0, 0x9f, 0xff, 0xff, 0xff, 0xff, 0xf5, 0x0,
    0x0, 0xbf, 0xff, 0xff, 0xff, 0xff, 0xf7, 0x0,
    0x0, 0xcf, 0xff, 0xff, 0xff, 0xff, 0xf8, 0x0,
    0x0, 0xef, 0xff, 0xff, 0xff, 0xff, 0xfa, 0x0,
    0x2, 0xff, 0xff, 0xff, 0xff, 0xff, 0xfe, 0x0,
    0x8, 0xff, 0xff, 0xff, 0xff, 0xff, 0xff, 0x40,
    0x3f, 0xff, 0xff, 0xff, 0xff, 0xff, 0xff, 0xd1,
    0xef, 0xff, 0xff, 0xff, 0xff, 0xff, 0xff, 0xfa,
    0xaf, 0xff, 0xff, 0xff, 0xff, 0xff, 0xff, 0xf7,
    0x0, 0x0, 0x0, 0x0, 0x0, 0x0, 0x0, 0x0,
    0x0, 0x0, 0x4, 0xff, 0xff, 0x0, 0x0, 0x0,
    0x0, 0x0, 0x0, 0xbf, 0xf7, 0x0, 0x0, 0x0,
    0x0, 0x0, 0x0, 0x2, 0x10, 0x0, 0x0, 0x0,

    /* U+F11C "" */
    0x4, 0x44, 0x44, 0x44, 0x44, 0x44, 0x44, 0x44,
    0x44, 0x41, 0xb, 0xff, 0xff, 0xff, 0xff, 0xff,
    0xff, 0xff, 0xff, 0xff, 0xe0, 0xff, 0xff, 0xff,
    0xff, 0xff, 0xff, 0xff, 0xff, 0xff, 0xff, 0x3f,
    0xf4, 0x4, 0xd0, 0x2f, 0x0, 0xf3, 0x3, 0xf0,
    0xf, 0xf4, 0xff, 0x40, 0x5d, 0x2, 0xf0, 0xf,
    0x40, 0x4f, 0x0, 0xff, 0x4f, 0xff, 0xff, 0xff,
    0xff, 0xff, 0xff, 0xff, 0xff, 0xff, 0xf4, 0xff,
    0xff, 0x22, 0xb7, 0x29, 0xa2, 0x4f, 0x42, 0xcf,
    0xff, 0x4f, 0xff, 0xf0, 0xa, 0x60, 0x79, 0x2,
    0xf2, 0xb, 0xff, 0xf4, 0xff, 0xff, 0xdd, 0xfe,
    0xdf, 0xfd, 0xef, 0xed, 0xff, 0xff, 0x4f, 0xf8,
    0x48, 0xe4, 0x44, 0x44, 0x44, 0x47, 0xf4, 0x5f,
    0xf4, 0xff, 0x40, 0x4d, 0x0, 0x0, 0x0, 0x0,
    0x3e, 0x0, 0xff, 0x4f, 0xf7, 0x48, 0xe4, 0x44,
    0x44, 0x44, 0x47, 0xf4, 0x4f, 0xf4, 0xff, 0xff,
    0xff, 0xff, 0xff, 0xff, 0xff, 0xff, 0xff, 0xff,
    0x37, 0xff, 0xff, 0xff, 0xff, 0xff, 0xff, 0xff,
    0xff, 0xff, 0xa0,

    /* U+F124 "" */
    0x0, 0x0, 0x0, 0x0, 0x0, 0x0, 0x0, 0x0,
    0x0, 0x0, 0x0, 0x0, 0x0, 0x0, 0x0, 0x0,
    0x0, 0x1, 0x8b, 0x30, 0x0, 0x0, 0x0, 0x0,
    0x0, 0x0, 0x2, 0xaf, 0xff, 0xd0, 0x0, 0x0,
    0x0, 0x0, 0x0, 0x3, 0xbf, 0xff, 0xff, 0xd0,
    0x0, 0x0, 0x0, 0x0, 0x5, 0xcf, 0xff, 0xff,
    0xff, 0x70, 0x0, 0x0, 0x0, 0x6, 0xdf, 0xff,
    0xff, 0xff, 0xfe, 0x0, 0x0, 0x0, 0x17, 0xef,
    0xff, 0xff, 0xff, 0xff, 0xf8, 0x0, 0x0, 0x29,
    0xff, 0xff, 0xff, 0xff, 0xff, 0xff, 0xf1, 0x0,
    0x7, 0xff, 0xff, 0xff, 0xff, 0xff, 0xff, 0xff,
    0x90, 0x0, 0xf, 0xff, 0xff, 0xff, 0xff, 0xff,
    0xff, 0xff, 0x20, 0x0, 0xb, 0xff, 0xff, 0xff,
    0xff, 0xff, 0xff, 0xfb, 0x0, 0x0, 0x0, 0x56,
    0x66, 0x66, 0x7f, 0xff, 0xff, 0xf3, 0x0, 0x0,
    0x0, 0x0, 0x0, 0x0, 0x2f, 0xff, 0xff, 0xc0,
    0x0, 0x0, 0x0, 0x0, 0x0, 0x0, 0x2f, 0xff,
    0xff, 0x50, 0x0, 0x0, 0x0, 0x0, 0x0, 0x0,
    0x2f, 0xff, 0xfd, 0x0, 0x0, 0x0, 0x0, 0x0,
    0x0, 0x0, 0x2f, 0xff, 0xf6, 0x0, 0x0, 0x0,
    0x0, 0x0, 0x0, 0x0, 0x2f, 0xff, 0xe0, 0x0,
    0x0, 0x0, 0x0, 0x0, 0x0, 0x0, 0x1f, 0xff,
    0x70, 0x0, 0x0, 0x0, 0x0, 0x0, 0x0, 0x0,
    0xc, 0xfd, 0x0, 0x0, 0x0, 0x0, 0x0, 0x0,
    0x0, 0x0, 0x0, 0x30, 0x0, 0x0, 0x0, 0x0,

    /* U+F15B "" */
    0x58, 0x88, 0x88, 0x87, 0x6, 0x0, 0x0, 0xff,
    0xff, 0xff, 0xfe, 0xf, 0x90, 0x0, 0xff, 0xff,
    0xff, 0xfe, 0xf, 0xf9, 0x0, 0xff, 0xff, 0xff,
    0xfe, 0xf, 0xff, 0x90, 0xff, 0xff, 0xff, 0xfe,
    0xf, 0xff, 0xf5, 0xff, 0xff, 0xff, 0xff, 0x32,
    0x22, 0x21, 0xff, 0xff, 0xff, 0xff, 0xff, 0xff,
    0xf8, 0xff, 0xff, 0xff, 0xff, 0xff, 0xff, 0xf8,
    0xff, 0xff, 0xff, 0xff, 0xff, 0xff, 0xf8, 0xff,
    0xff, 0xff, 0xff, 0xff, 0xff, 0xf8, 0xff, 0xff,
    0xff, 0xff, 0xff, 0xff, 0xf8, 0xff, 0xff, 0xff,
    0xff, 0xff, 0xff, 0xf8, 0xff, 0xff, 0xff, 0xff,
    0xff, 0xff, 0xf8, 0xff, 0xff, 0xff, 0xff, 0xff,
    0xff, 0xf8, 0xff, 0xff, 0xff, 0xff, 0xff, 0xff,
    0xf8, 0xff, 0xff, 0xff, 0xff, 0xff, 0xff, 0xf8,
    0xff, 0xff, 0xff, 0xff, 0xff, 0xff, 0xf8, 0xef,
    0xff, 0xff, 0xff, 0xff, 0xff, 0xf6, 0x14, 0x44,
    0x44, 0x44, 0x44, 0x44, 0x30,

    /* U+F1EB "" */
    0x0, 0x0, 0x0, 0x0, 0x0, 0x0, 0x0, 0x0,
    0x0, 0x0, 0x0, 0x0, 0x0, 0x0, 0x0, 0x36,
    0x89, 0xa9, 0x74, 0x10, 0x0, 0x0, 0x0, 0x0,
    0x0, 0x29, 0xef, 0xff, 0xff, 0xff, 0xff, 0xc6,
    0x0, 0x0, 0x0, 0x1, 0xaf, 0xff, 0xff, 0xff,
    0xff, 0xff, 0xff, 0xfe, 0x60, 0x0, 0x6, 0xff,
    0xff, 0xfc, 0x75, 0x43, 0x46, 0x9e, 0xff, 0xff,
    0xb1, 0x8, 0xff, 0xfe, 0x71, 0x0, 0x0, 0x0,
    0x0, 0x3, 0xcf, 0xff, 0xe2, 0xcf, 0xfa, 0x10,
    0x0, 0x0, 0x0, 0x0, 0x0, 0x0, 0x4e, 0xff,
    0x40, 0xb6, 0x0, 0x0, 0x59, 0xde, 0xfe, 0xc7,
    0x20, 0x0, 0x1b, 0x50, 0x0, 0x0, 0x5, 0xdf,
    0xff, 0xff, 0xff, 0xff, 0xa1, 0x0, 0x0, 0x0,
    0x0, 0x9, 0xff, 0xff, 0xfe, 0xde, 0xff, 0xff,
    0xe3, 0x0, 0x0, 0x0, 0x0, 0xdf, 0xfc, 0x40,
    0x0, 0x2, 0x8f, 0xff, 0x50, 0x0, 0x0, 0x0,
    0x1, 0xb6, 0x0, 0x0, 0x0, 0x0, 0x1b, 0x60,
    0x0, 0x0, 0x0, 0x0, 0x0, 0x0, 0x0, 0x35,
    0x0, 0x0, 0x0, 0x0, 0x0, 0x0, 0x0, 0x0,
    0x0, 0x0, 0x7f, 0xfe, 0x10, 0x0, 0x0, 0x0,
    0x0, 0x0, 0x0, 0x0, 0x0, 0xe, 0xff, 0xf6,
    0x0, 0x0, 0x0, 0x0, 0x0, 0x0, 0x0, 0x0,
    0x0, 0xdf, 0xff, 0x50, 0x0, 0x0, 0x0, 0x0,
    0x0, 0x0, 0x0, 0x0, 0x4, 0xff, 0xb0, 0x0,
    0x0, 0x0, 0x0, 0x0, 0x0, 0x0, 0x0, 0x0,
    0x0, 0x10, 0x0, 0x0, 0x0, 0x0, 0x0,

    /* U+F240 "" */
    0x4, 0x44, 0x44, 0x44, 0x44, 0x44, 0x44, 0x44,
    0x44, 0x44, 0x10, 0xa, 0xff, 0xff, 0xff, 0xff,
    0xff, 0xff, 0xff, 0xff, 0xff, 0xfe, 0x10, 0xff,
    0xff, 0xff, 0xff, 0xff, 0xff, 0xff, 0xff, 0xff,
    0xff, 0xf5, 0xf, 0xf4, 0x0, 0x0, 0x0, 0x0,
    0x0, 0x0, 0x0, 0x0, 0xff, 0xf3, 0xff, 0x4a,
    0xff, 0xff, 0xff, 0xff, 0xff, 0xff, 0xff, 0xf,
    0xff, 0x5f, 0xf4, 0xaf, 0xff, 0xff, 0xff, 0xff,
    0xff, 0xff, 0xf0, 0x3f, 0xf5, 0xff, 0x4a, 0xff,
    0xff, 0xff, 0xff, 0xff, 0xff, 0xff, 0x0, 0xef,
    0x5f, 0xf4, 0xaf, 0xff, 0xff, 0xff, 0xff, 0xff,
    0xff, 0xf0, 0x8f, 0xf5, 0xff, 0x45, 0x88, 0x88,
    0x88, 0x88, 0x88, 0x88, 0x88, 0xf, 0xff, 0x5f,
    0xf7, 0x44, 0x44, 0x44, 0x44, 0x44, 0x44, 0x44,
    0x45, 0xff, 0xc1, 0xff, 0xff, 0xff, 0xff, 0xff,
    0xff, 0xff, 0xff, 0xff, 0xff, 0xf5, 0x6, 0xef,
    0xff, 0xff, 0xff, 0xff, 0xff, 0xff, 0xff, 0xff,
    0xfb, 0x0,

    /* U+F241 "" */
    0x4, 0x44, 0x44, 0x44, 0x44, 0x44, 0x44, 0x44,
    0x44, 0x44, 0x10, 0xa, 0xff, 0xff, 0xff, 0xff,
    0xff, 0xff, 0xff, 0xff, 0xff, 0xfe, 0x10, 0xff,
    0xff, 0xff, 0xff, 0xff, 0xff, 0xff, 0xff, 0xff,
    0xff, 0xf5, 0xf, 0xf4, 0x0, 0x0, 0x0, 0x0,
    0x0, 0x0, 0x0, 0x0, 0xff, 0xf3, 0xff, 0x4d,
    0xff, 0xff, 0xff, 0xff, 0xff, 0x60, 0x0, 0xf,
    0xff, 0x5f, 0xf4, 0xdf, 0xff, 0xff, 0xff, 0xff,
    0xf6, 0x0, 0x0, 0x3f, 0xf5, 0xff, 0x4d, 0xff,
    0xff, 0xff, 0xff, 0xff, 0x60, 0x0, 0x0, 0xef,
    0x5f, 0xf4, 0xdf, 0xff, 0xff, 0xff, 0xff, 0xf6,
    0x0, 0x0, 0x8f, 0xf5, 0xff, 0x46, 0x88, 0x88,
    0x88, 0x88, 0x88, 0x30, 0x0, 0xf, 0xff, 0x5f,
    0xf7, 0x44, 0x44, 0x44, 0x44, 0x44, 0x44, 0x44,
    0x45, 0xff, 0xc1, 0xff, 0xff, 0xff, 0xff, 0xff,
    0xff, 0xff, 0xff, 0xff, 0xff, 0xf5, 0x6, 0xef,
    0xff, 0xff, 0xff, 0xff, 0xff, 0xff, 0xff, 0xff,
    0xfb, 0x0,

    /* U+F242 "" */
    0x4, 0x44, 0x44, 0x44, 0x44, 0x44, 0x44, 0x44,
    0x44, 0x44, 0x10, 0xa, 0xff, 0xff, 0xff, 0xff,
    0xff, 0xff, 0xff, 0xff, 0xff, 0xfe, 0x10, 0xff,
    0xff, 0xff, 0xff, 0xff, 0xff, 0xff, 0xff, 0xff,
    0xff, 0xf5, 0xf, 0xf4, 0x0, 0x0, 0x0, 0x0,
    0x0, 0x0, 0x0, 0x0, 0xff, 0xf3, 0xff, 0x4c,
    0xff, 0xff, 0xff, 0xf1, 0x0, 0x0, 0x0, 0xf,
    0xff, 0x5f, 0xf4, 0xcf, 0xff, 0xff, 0xff, 0x10,
    0x0, 0x0, 0x0, 0x3f, 0xf5, 0xff, 0x4c, 0xff,
    0xff, 0xff, 0xf1, 0x0, 0x0, 0x0, 0x0, 0xef,
    0x5f, 0xf4, 0xcf, 0xff, 0xff, 0xff, 0x10, 0x0,
    0x0, 0x0, 0x8f, 0xf5, 0xff, 0x46, 0x88, 0x88,
    0x88, 0x80, 0x0, 0x0, 0x0, 0xf, 0xff, 0x5f,
    0xf7, 0x44, 0x44, 0x44, 0x44, 0x44, 0x44, 0x44,
    0x45, 0xff, 0xc1, 0xff, 0xff, 0xff, 0xff, 0xff,
    0xff, 0xff, 0xff, 0xff, 0xff, 0xf5, 0x6, 0xef,
    0xff, 0xff, 0xff, 0xff, 0xff, 0xff, 0xff, 0xff,
    0xfb, 0x0,

    /* U+F243 "" */
    0x4, 0x44, 0x44, 0x44, 0x44, 0x44, 0x44, 0x44,
    0x44, 0x44, 0x10, 0xa, 0xff, 0xff, 0xff, 0xff,
    0xff, 0xff, 0xff, 0xff, 0xff, 0xfe, 0x10, 0xff,
    0xff, 0xff, 0xff, 0xff, 0xff, 0xff, 0xff, 0xff,
    0xff, 0xf5, 0xf, 0xf4, 0x0, 0x0, 0x0, 0x0,
    0x0, 0x0, 0x0, 0x0, 0xff, 0xf3, 0xff, 0x49,
    0xff, 0xfe, 0x0, 0x0, 0x0, 0x0, 0x0, 0xf,
    0xff, 0x5f, 0xf4, 0x9f, 0xff, 0xe0, 0x0, 0x0,
    0x0, 0x0, 0x0, 0x3f, 0xf5, 0xff, 0x49, 0xff,
    0xfe, 0x0, 0x0, 0x0, 0x0, 0x0, 0x0, 0xef,
    0x5f, 0xf4, 0x9f, 0xff, 0xe0, 0x0, 0x0, 0x0,
    0x0, 0x0, 0x8f, 0xf5, 0xff, 0x44, 0x88, 0x87,
    0x0, 0x0, 0x0, 0x0, 0x0, 0xf, 0xff, 0x5f,
    0xf7, 0x44, 0x44, 0x44, 0x44, 0x44, 0x44, 0x44,
    0x45, 0xff, 0xc1, 0xff, 0xff, 0xff, 0xff, 0xff,
    0xff, 0xff, 0xff, 0xff, 0xff, 0xf5, 0x6, 0xef,
    0xff, 0xff, 0xff, 0xff, 0xff, 0xff, 0xff, 0xff,
    0xfb, 0x0,

    /* U+F244 "" */
    0x4, 0x44, 0x44, 0x44, 0x44, 0x44, 0x44, 0x44,
    0x44, 0x44, 0x10, 0xa, 0xff, 0xff, 0xff, 0xff,
    0xff, 0xff, 0xff, 0xff, 0xff, 0xfe, 0x10, 0xff,
    0xff, 0xff, 0xff, 0xff, 0xff, 0xff, 0xff, 0xff,
    0xff, 0xf5, 0xf, 0xf4, 0x0, 0x0, 0x0, 0x0,
    0x0, 0x0, 0x0, 0x0, 0xff, 0xf3, 0xff, 0x40,
    0x0, 0x0, 0x0, 0x0, 0x0, 0x0, 0x0, 0xf,
    0xff, 0x5f, 0xf4, 0x0, 0x0, 0x0, 0x0, 0x0,
    0x0, 0x0, 0x0, 0x3f, 0xf5, 0xff, 0x40, 0x0,
    0x0, 0x0, 0x0, 0x0, 0x0, 0x0, 0x0, 0xef,
    0x5f, 0xf4, 0x0, 0x0, 0x0, 0x0, 0x0, 0x0,
    0x0, 0x0, 0x8f, 0xf5, 0xff, 0x40, 0x0, 0x0,
    0x0, 0x0, 0x0, 0x0, 0x0, 0xf, 0xff, 0x5f,
    0xf7, 0x44, 0x44, 0x44, 0x44, 0x44, 0x44, 0x44,
    0x45, 0xff, 0xc1, 0xff, 0xff, 0xff, 0xff, 0xff,
    0xff, 0xff, 0xff, 0xff, 0xff, 0xf5, 0x6, 0xef,
    0xff, 0xff, 0xff, 0xff, 0xff, 0xff, 0xff, 0xff,
    0xfb, 0x0,

    /* U+F287 "" */
    0x0, 0x0, 0x0, 0x0, 0x0, 0x0, 0x78, 0x10,
    0x0, 0x0, 0x0, 0x0, 0x0, 0x0, 0x0, 0x0,
    0x26, 0x9f, 0xfd, 0x0, 0x0, 0x0, 0x0, 0x0,
    0x0, 0x0, 0x0, 0x4f, 0xef, 0xff, 0xf0, 0x0,
    0x0, 0x0, 0x0, 0x0, 0x0, 0x0, 0xe, 0x80,
    0x2e, 0xf7, 0x0, 0x0, 0x0, 0x0, 0x0, 0x20,
    0x0, 0x6, 0xe0, 0x0, 0x0, 0x0, 0x0, 0x0,
    0x0, 0x3, 0xef, 0xe3, 0x0, 0xd7, 0x0, 0x0,
    0x0, 0x0, 0x2, 0xa1, 0x0, 0xcf, 0xff, 0xd4,
    0x9f, 0x55, 0x55, 0x55, 0x55, 0x55, 0x7f, 0xf7,
    0xf, 0xff, 0xff, 0xff, 0xff, 0xff, 0xff, 0xff,
    0xff, 0xff, 0xff, 0xf5, 0xaf, 0xff, 0xa0, 0x0,
    0xb, 0xb0, 0x0, 0x0, 0x0, 0x3f, 0xb2, 0x0,
    0x9c, 0x90, 0x0, 0x0, 0x3f, 0x30, 0x0, 0x0,
    0x1, 0x50, 0x0, 0x0, 0x0, 0x0, 0x0, 0x0,
    0xbb, 0x2, 0xbb, 0xb5, 0x0, 0x0, 0x0, 0x0,
    0x0, 0x0, 0x0, 0x2, 0xf9, 0x9f, 0xff, 0x80,
    0x0, 0x0, 0x0, 0x0, 0x0, 0x0, 0x0, 0x3,
    0xbd, 0xff, 0xf8, 0x0, 0x0, 0x0, 0x0, 0x0,
    0x0, 0x0, 0x0, 0x0, 0x3f, 0xff, 0x80, 0x0,
    0x0, 0x0, 0x0, 0x0, 0x0, 0x0, 0x0, 0x0,
    0x0, 0x0, 0x0, 0x0, 0x0,

    /* U+F293 "" */
    0x0, 0x1, 0x7b, 0xdd, 0xb8, 0x20, 0x0, 0x0,
    0x5f, 0xff, 0xdf, 0xff, 0xf6, 0x0, 0x4, 0xff,
    0xff, 0x68, 0xff, 0xff, 0x40, 0xe, 0xff, 0xff,
    0x60, 0x8f, 0xff, 0xd0, 0x4f, 0xff, 0xff, 0x60,
    0x9, 0xff, 0xf3, 0x8f, 0xf6, 0xbf, 0x61, 0xc0,
    0x9f, 0xf7, 0xbf, 0xf6, 0xb, 0x60, 0xe2, 0x5f,
    0xf9, 0xdf, 0xff, 0x50, 0x20, 0x33, 0xff, 0xfb,
    0xef, 0xff, 0xf5, 0x0, 0x2e, 0xff, 0xfc, 0xef,
    0xff, 0xfc, 0x0, 0x7f, 0xff, 0xfc, 0xdf, 0xff,
    0xd1, 0x0, 0x9, 0xff, 0xfc, 0xcf, 0xfc, 0x13,
    0x50, 0x90, 0xaf, 0xfb, 0xaf, 0xf2, 0x4f, 0x60,
    0xf3, 0x2f, 0xf9, 0x6f, 0xfd, 0xff, 0x70, 0x52,
    0xef, 0xf6, 0x1f, 0xff, 0xff, 0x70, 0x2e, 0xff,
    0xf1, 0x9, 0xff, 0xff, 0x72, 0xef, 0xff, 0x90,
    0x0, 0xbf, 0xff, 0xae, 0xff, 0xfd, 0x10, 0x0,
    0x5, 0xcf, 0xff, 0xfd, 0x80, 0x0, 0x0, 0x0,
    0x0, 0x11, 0x0, 0x0, 0x0,

    /* U+F2ED "" */
    0x0, 0x0, 0x5, 0x88, 0x88, 0x30, 0x0, 0x0,
    0x56, 0x66, 0x7f, 0xff, 0xff, 0xe6, 0x66, 0x63,
    0xff, 0xff, 0xff, 0xff, 0xff, 0xff, 0xff, 0xfb,
    0xcd, 0xdd, 0xdd, 0xdd, 0xdd, 0xdd, 0xdd, 0xd8,
    0x3, 0x44, 0x44, 0x44, 0x44, 0x44, 0x44, 0x20,
    0xe, 0xff, 0xff, 0xff, 0xff, 0xff, 0xff, 0xa0,
    0xe, 0xff, 0xff, 0xff, 0xff, 0xff, 0xff, 0xa0,
    0xe, 0xff, 0x1f, 0xf6, 0xaf, 0xc4, 0xff, 0xa0,
    0xe, 0xff, 0xf, 0xf5, 0x9f, 0xb3, 0xff, 0xa0,
    0xe, 0xff, 0xf, 0xf5, 0x9f, 0xb3, 0xff, 0xa0,
    0xe, 0xff, 0xf, 0xf5, 0x9f, 0xb3, 0xff, 0xa0,
    0xe, 0xff, 0xf, 0xf5, 0x9f, 0xb3, 0xff, 0xa0,
    0xe, 0xff, 0xf, 0xf5, 0x9f, 0xb3, 0xff, 0xa0,
    0xe, 0xff, 0xf, 0xf5, 0x9f, 0xb3, 0xff, 0xa0,
    0xe, 0xff, 0xf, 0xf5, 0x9f, 0xb3, 0xff, 0xa0,
    0xe, 0xff, 0x1f, 0xf6, 0xaf, 0xc4, 0xff, 0xa0,
    0xd, 0xff, 0xff, 0xff, 0xff, 0xff, 0xff, 0x90,
    0x8, 0xff, 0xff, 0xff, 0xff, 0xff, 0xff, 0x40,
    0x0, 0x24, 0x44, 0x44, 0x44, 0x44, 0x31, 0x0,

    /* U+F304 "" */
    0x0, 0x0, 0x0, 0x0, 0x0, 0x0, 0x0, 0x8a,
    0x30, 0x0, 0x0, 0x0, 0x0, 0x0, 0x0, 0x0,
    0xbf, 0xff, 0x30, 0x0, 0x0, 0x0, 0x0, 0x0,
    0x0, 0xbf, 0xff, 0xff, 0x30, 0x0, 0x0, 0x0,
    0x0, 0x0, 0x34, 0xff, 0xff, 0xfd, 0x0, 0x0,
    0x0, 0x0, 0x0, 0xbf, 0x44, 0xff, 0xff, 0xe0,
    0x0, 0x0, 0x0, 0x0, 0xbf, 0xff, 0x44, 0xff,
    0xf4, 0x0, 0x0, 0x0, 0x0, 0xbf, 0xff, 0xff,
    0x44, 0xf4, 0x0, 0x0, 0x0, 0x0, 0xbf, 0xff,
    0xff, 0xff, 0x41, 0x0, 0x0, 0x0, 0x0, 0xbf,
    0xff, 0xff, 0xff, 0xf4, 0x0, 0x0, 0x0, 0x0,
    0xbf, 0xff, 0xff, 0xff, 0xf4, 0x0, 0x0, 0x0,
    0x0, 0xbf, 0xff, 0xff, 0xff, 0xf4, 0x0, 0x0,
    0x0, 0x0, 0xbf, 0xff, 0xff, 0xff, 0xf4, 0x0,
    0x0, 0x0, 0x0, 0xbf, 0xff, 0xff, 0xff, 0xf4,
    0x0, 0x0, 0x0, 0x0, 0x8f, 0xff, 0xff, 0xff,
    0xf4, 0x0, 0x0, 0x0, 0x0, 0xa, 0xff, 0xff,
    0xff, 0xf4, 0x0, 0x0, 0x0, 0x0, 0x0, 0xcf,
    0xff, 0xff, 0xf4, 0x0, 0x0, 0x0, 0x0, 0x0,
    0xe, 0xff, 0xff, 0xf4, 0x0, 0x0, 0x0, 0x0,
    0x0, 0x0, 0xff, 0xff, 0xd4, 0x0, 0x0, 0x0,
    0x0, 0x0, 0x0, 0x2, 0x31, 0x0, 0x0, 0x0,
    0x0, 0x0, 0x0, 0x0, 0x0,

    /* U+F55A "" */
    0x0, 0x0, 0x0, 0x57, 0x88, 0x88, 0x88, 0x88,
    0x88, 0x88, 0x72, 0x0, 0x0, 0x0, 0xaf, 0xff,
    0xff, 0xff, 0xff, 0xff, 0xff, 0xff, 0xf2, 0x0,
    0x0, 0xbf, 0xff, 0xff, 0xff, 0xff, 0xff, 0xff,
    0xff, 0xff, 0x70, 0x0, 0xbf, 0xff, 0xff, 0xf8,
    0xaf, 0xff, 0xa8, 0xff, 0xff, 0xf8, 0x0, 0xbf,
    0xff, 0xff, 0xfa, 0x0, 0xaf, 0xa0, 0xa, 0xff,
    0xff, 0x80, 0xbf, 0xff, 0xff, 0xff, 0xf3, 0x0,
    0x60, 0x3, 0xff, 0xff, 0xf8, 0xaf, 0xff, 0xff,
    0xff, 0xff, 0xf3, 0x0, 0x3, 0xff, 0xff, 0xff,
    0x8e, 0xff, 0xff, 0xff, 0xff, 0xff, 0x90, 0x0,
    0x9f, 0xff, 0xff, 0xf8, 0x4f, 0xff, 0xff, 0xff,
    0xff, 0xa0, 0x0, 0x0, 0xaf, 0xff, 0xff, 0x80,
    0x4f, 0xff, 0xff, 0xff, 0xb0, 0x3, 0xe3, 0x0,
    0xbf, 0xff, 0xf8, 0x0, 0x4f, 0xff, 0xff, 0xfe,
    0x13, 0xff, 0xf3, 0x1e, 0xff, 0xff, 0x80, 0x0,
    0x4f, 0xff, 0xff, 0xfe, 0xff, 0xff, 0xfe, 0xff,
    0xff, 0xf7, 0x0, 0x0, 0x4f, 0xff, 0xff, 0xff,
    0xff, 0xff, 0xff, 0xff, 0xff, 0x50, 0x0, 0x0,
    0x3d, 0xff, 0xff, 0xff, 0xff, 0xff, 0xff, 0xff,
    0x90,

    /* U+F7C2 "" */
    0x0, 0x1, 0xcf, 0xff, 0xff, 0xfe, 0x60, 0x0,
    0x1c, 0xff, 0xff, 0xff, 0xff, 0xf2, 0x0, 0xcf,
    0x47, 0xf4, 0xd8, 0x4f, 0xf5, 0xc, 0xff, 0x3,
    0xe0, 0xc5, 0xe, 0xf5, 0xcf, 0xff, 0x3, 0xe0,
    0xc5, 0xe, 0xf5, 0xff, 0xff, 0x24, 0xe2, 0xc6,
    0x2e, 0xf5, 0xff, 0xff, 0xff, 0xff, 0xff, 0xff,
    0xf5, 0xff, 0xff, 0xff, 0xff, 0xff, 0xff, 0xf5,
    0xff, 0xff, 0xff, 0xff, 0xff, 0xff, 0xf5, 0xff,
    0xff, 0xff, 0xff, 0xff, 0xff, 0xf5, 0xff, 0xff,
    0xff, 0xff, 0xff, 0xff, 0xf5, 0xff, 0xff, 0xff,
    0xff, 0xff, 0xff, 0xf5, 0xff, 0xff, 0xff, 0xff,
    0xff, 0xff, 0xf5, 0xff, 0xff, 0xff, 0xff, 0xff,
    0xff, 0xf5, 0xff, 0xff, 0xff, 0xff, 0xff, 0xff,
    0xf5, 0xff, 0xff, 0xff, 0xff, 0xff, 0xff, 0xf5,
    0xef, 0xff, 0xff, 0xff, 0xff, 0xff, 0xf3, 0x5f,
    0xff, 0xff, 0xff, 0xff, 0xff, 0xa0, 0x1, 0x34,
    0x44, 0x44, 0x44, 0x42, 0x0,

    /* U+F8A2 "" */
    0x0, 0x0, 0x0, 0x0, 0x0, 0x0, 0x0, 0x0,
    0x3, 0x0, 0x0, 0x0, 0x0, 0x0, 0x0, 0x0,
    0x0, 0x5, 0xf1, 0x0, 0x0, 0x0, 0x0, 0x0,
    0x0, 0x0, 0x5, 0xff, 0x10, 0x0, 0x3e, 0x90,
    0x0, 0x0, 0x0, 0x0, 0xbf, 0xf1, 0x0, 0x4f,
    0xfb, 0x0, 0x0, 0x0, 0x0, 0xb, 0xff, 0x10,
    0x5f, 0xff, 0xb0, 0x0, 0x0, 0x0, 0x0, 0xbf,
    0xf1, 0x6f, 0xff, 0xff, 0xff, 0xff, 0xff, 0xff,
    0xff, 0xff, 0x1d, 0xff, 0xff, 0xff, 0xff, 0xff,
    0xff, 0xff, 0xff, 0xf1, 0x3e, 0xff, 0xfe, 0xcc,
    0xcc, 0xcc, 0xcc, 0xcc, 0xca, 0x0, 0x2e, 0xff,
    0xb0, 0x0, 0x0, 0x0, 0x0, 0x0, 0x0, 0x0,
    0x1d, 0xfb, 0x0, 0x0, 0x0, 0x0, 0x0, 0x0,
    0x0, 0x0, 0x1b, 0x60, 0x0, 0x0, 0x0, 0x0,
    0x0, 0x0
};


/*---------------------
 *  GLYPH DESCRIPTION
 *--------------------*/

static const lv_font_fmt_txt_glyph_dsc_t glyph_dsc[] = {
    {.bitmap_index = 0, .adv_w = 0, .box_w = 0, .box_h = 0, .ofs_x = 0, .ofs_y = 0} /* id = 0 reserved */,
    {.bitmap_index = 0, .adv_w = 155, .box_w = 0, .box_h = 0, .ofs_x = 0, .ofs_y = 0},
    {.bitmap_index = 0, .adv_w = 155, .box_w = 2, .box_h = 12, .ofs_x = 4, .ofs_y = 0},
    {.bitmap_index = 12, .adv_w = 155, .box_w = 5, .box_h = 4, .ofs_x = 2, .ofs_y = 8},
    {.bitmap_index = 22, .adv_w = 155, .box_w = 10, .box_h = 12, .ofs_x = 0, .ofs_y = 0},
    {.bitmap_index = 82, .adv_w = 155, .box_w = 8, .box_h = 16, .ofs_x = 1, .ofs_y = -2},
    {.bitmap_index = 146, .adv_w = 155, .box_w = 10, .box_h = 14, .ofs_x = 0, .ofs_y = -2},
    {.bitmap_index = 216, .adv_w = 155, .box_w = 8, .box_h = 12, .ofs_x = 1, .ofs_y = 0},
    {.bitmap_index = 264, .adv_w = 155, .box_w = 2, .box_h = 4, .ofs_x = 4, .ofs_y = 8},
    {.bitmap_index = 268, .adv_w = 155, .box_w = 5, .box_h = 15, .ofs_x = 2, .ofs_y = -3},
    {.bitmap_index = 306, .adv_w = 155, .box_w = 5, .box_h = 15, .ofs_x = 2, .ofs_y = -3},
    {.bitmap_index = 344, .adv_w = 155, .box_w = 5, .box_h = 6, .ofs_x = 2, .ofs_y = 6},
    {.bitmap_index = 359, .adv_w = 155, .box_w = 8, .box_h = 7, .ofs_x = 1, .ofs_y = 1},
    {.bitmap_index = 387, .adv_w = 155, .box_w = 4, .box_h = 6, .ofs_x = 2, .ofs_y = -3},
    {.bitmap_index = 399, .adv_w = 155, .box_w = 5, .box_h = 3, .ofs_x = 2, .ofs_y = 3},
    {.bitmap_index = 407, .adv_w = 155, .box_w = 4, .box_h = 3, .ofs_x = 2, .ofs_y = 0},
    {.bitmap_index = 413, .adv_w = 155, .box_w = 8, .box_h = 14, .ofs_x = 1, .ofs_y = -2},
    {.bitmap_index = 469, .adv_w = 155, .box_w = 8, .box_h = 12, .ofs_x = 1, .ofs_y = 0},
    {.bitmap_index = 517, .adv_w = 155, .box_w = 8, .box_h = 12, .ofs_x = 1, .ofs_y = 0},
    {.bitmap_index = 565, .adv_w = 155, .box_w = 8, .box_h = 12, .ofs_x = 1, .ofs_y = 0},
    {.bitmap_index = 613, .adv_w = 155, .box_w = 8, .box_h = 12, .ofs_x = 1, .ofs_y = 0},
    {.bitmap_index = 661, .adv_w = 155, .box_w = 8, .box_h = 12, .ofs_x = 1, .ofs_y = 0},
    {.bitmap_index = 709, .adv_w = 155, .box_w = 8, .box_h = 12, .ofs_x = 1, .ofs_y = 0},
    {.bitmap_index = 757, .adv_w = 155, .box_w = 8, .box_h = 12, .ofs_x = 1, .ofs_y = 0},
    {.bitmap_index = 805, .adv_w = 155, .box_w = 8, .box_h = 12, .ofs_x = 1, .ofs_y = 0},
    {.bitmap_index = 853, .adv_w = 155, .box_w = 8, .box_h = 12, .ofs_x = 1, .ofs_y = 0},
    {.bitmap_index = 901, .adv_w = 155, .box_w = 8, .box_h = 12, .ofs_x = 1, .ofs_y = 0},
    {.bitmap_index = 949, .adv_w = 155, .box_w = 4, .box_h = 8, .ofs_x = 2, .ofs_y = 0},
    {.bitmap_index = 965, .adv_w = 155, .box_w = 4, .box_h = 11, .ofs_x = 2, .ofs_y = -3},
    {.bitmap_index = 987, .adv_w = 155, .box_w = 8, .box_h = 7, .ofs_x = 1, .ofs_y = 1},
    {.bitmap_index = 1015, .adv_w = 155, .box_w = 8, .box_h = 6, .ofs_x = 1, .ofs_y = 2},
    {.bitmap_index = 1039, .adv_w = 155, .box_w = 8, .box_h = 7, .ofs_x = 1, .ofs_y = 1},
    {.bitmap_index = 1067, .adv_w = 155, .box_w = 8, .box_h = 12, .ofs_x = 1, .ofs_y = 0},
    {.bitmap_index = 1115, .adv_w = 155, .box_w = 8, .box_h = 14, .ofs_x = 1, .ofs_y = -2},
    {.bitmap_index = 1171, .adv_w = 155, .box_w = 8, .box_h = 12, .ofs_x = 1, .ofs_y = 0},
    {.bitmap_index = 1219, .adv_w = 155, .box_w = 8, .box_h = 12, .ofs_x = 1, .ofs_y = 0},
    {.bitmap_index = 1267, .adv_w = 155, .box_w = 8, .box_h = 12, .ofs_x = 1, .ofs_y = 0},
    {.bitmap_index = 1315, .adv_w = 155, .box_w = 8, .box_h = 12, .ofs_x = 1, .ofs_y = 0},
    {.bitmap_index = 1363, .adv_w = 155, .box_w = 8, .box_h = 12, .ofs_x = 1, .ofs_y = 0},
    {.bitmap_index = 1411, .adv_w = 155, .box_w = 8, .box_h = 12, .ofs_x = 1, .ofs_y = 0},
    {.bitmap_index = 1459, .adv_w = 155, .box_w = 8, .box_h = 12, .ofs_x = 1, .ofs_y = 0},
    {.bitmap_index = 1507, .adv_w = 155, .box_w = 8, .box_h = 12, .ofs_x = 1, .ofs_y = 0},
    {.bitmap_index = 1555, .adv_w = 155, .box_w = 8, .box_h = 12, .ofs_x = 1, .ofs_y = 0},
    {.bitmap_index = 1603, .adv_w = 155, .box_w = 8, .box_h = 12, .ofs_x = 1, .ofs_y = 0},
    {.bitmap_index = 1651, .adv_w = 155, .box_w = 8, .box_h = 12, .ofs_x = 1, .ofs_y = 0},
    {.bitmap_index = 1699, .adv_w = 155, .box_w = 8, .box_h = 12, .ofs_x = 1, .ofs_y = 0},
    {.bitmap_index = 1747, .adv_w = 155, .box_w = 8, .box_h = 12, .ofs_x = 1, .ofs_y = 0},
    {.bitmap_index = 1795, .adv_w = 155, .box_w = 8, .box_h = 12, .ofs_x = 1, .ofs_y = 0},
    {.bitmap_index = 1843, .adv_w = 155, .box_w = 8, .box_h = 12, .ofs_x = 1, .ofs_y = 0},
    {.bitmap_index = 1891, .adv_w = 155, .box_w = 8, .box_h = 12, .ofs_x = 1, .ofs_y = 0},
    {.bitmap_index = 1939, .adv_w = 155, .box_w = 9, .box_h = 15, .ofs_x = 1, .ofs_y = -3},
    {.bitmap_index = 2007, .adv_w = 155, .box_w = 8, .box_h = 12, .ofs_x = 1, .ofs_y = 0},
    {.bitmap_index = 2055, .adv_w = 155, .box_w = 8, .box_h = 12, .ofs_x = 1, .ofs_y = 0},
    {.bitmap_index = 2103, .adv_w = 155, .box_w = 8, .box_h = 12, .ofs_x = 1, .ofs_y = 0},
    {.bitmap_index = 2151, .adv_w = 155, .box_w = 8, .box_h = 12, .ofs_x = 1, .ofs_y = 0},
    {.bitmap_index = 2199, .adv_w = 155, .box_w = 8, .box_h = 12, .ofs_x = 1, .ofs_y = 0},
    {.bitmap_index = 2247, .adv_w = 155, .box_w = 8, .box_h = 12, .ofs_x = 1, .ofs_y = 0},
    {.bitmap_index = 2295, .adv_w = 155, .box_w = 8, .box_h = 12, .ofs_x = 1, .ofs_y = 0},
    {.bitmap_index = 2343, .adv_w = 155, .box_w = 8, .box_h = 12, .ofs_x = 1, .ofs_y = 0},
    {.bitmap_index = 2391, .adv_w = 155, .box_w = 8, .box_h = 12, .ofs_x = 1, .ofs_y = 0},
    {.bitmap_index = 2439, .adv_w = 155, .box_w = 5, .box_h = 15, .ofs_x = 2, .ofs_y = -3},
    {.bitmap_index = 2477, .adv_w = 155, .box_w = 8, .box_h = 14, .ofs_x = 1, .ofs_y = -2},
    {.bitmap_index = 2533, .adv_w = 155, .box_w = 5, .box_h = 15, .ofs_x = 2, .ofs_y = -3},
    {.bitmap_index = 2571, .adv_w = 155, .box_w = 8, .box_h = 6, .ofs_x = 1, .ofs_y = 7},
    {.bitmap_index = 2595, .adv_w = 155, .box_w = 10, .box_h = 3, .ofs_x = 0, .ofs_y = -5},
    {.bitmap_index = 2610, .adv_w = 155, .box_w = 4, .box_h = 4, .ofs_x = 2, .ofs_y = 9},
    {.bitmap_index = 2618, .adv_w = 155, .box_w = 8, .box_h = 8, .ofs_x = 1, .ofs_y = 0},
    {.bitmap_index = 2650, .adv_w = 155, .box_w = 8, .box_h = 12, .ofs_x = 1, .ofs_y = 0},
    {.bitmap_index = 2698, .adv_w = 155, .box_w = 8, .box_h = 8, .ofs_x = 1, .ofs_y = 0},
    {.bitmap_index = 2730, .adv_w = 155, .box_w = 8, .box_h = 12, .ofs_x = 1, .ofs_y = 0},
    {.bitmap_index = 2778, .adv_w = 155, .box_w = 8, .box_h = 8, .ofs_x = 1, .ofs_y = 0},
    {.bitmap_index = 2810, .adv_w = 155, .box_w = 8, .box_h = 12, .ofs_x = 1, .ofs_y = 0},
    {.bitmap_index = 2858, .adv_w = 155, .box_w = 8, .box_h = 15, .ofs_x = 1, .ofs_y = -4},
    {.bitmap_index = 2918, .adv_w = 155, .box_w = 8, .box_h = 12, .ofs_x = 1, .ofs_y = 0},
    {.bitmap_index = 2966, .adv_w = 155, .box_w = 8, .box_h = 12, .ofs_x = 1, .ofs_y = 0},
    {.bitmap_index = 3014, .adv_w = 155, .box_w = 6, .box_h = 16, .ofs_x = 1, .ofs_y = -4},
    {.bitmap_index = 3062, .adv_w = 155, .box_w = 8, .box_h = 12, .ofs_x = 1, .ofs_y = 0},
    {.bitmap_index = 3110, .adv_w = 155, .box_w = 8, .box_h = 12, .ofs_x = 1, .ofs_y = 0},
    {.bitmap_index = 3158, .adv_w = 155, .box_w = 8, .box_h = 8, .ofs_x = 1, .ofs_y = 0},
    {.bitmap_index = 3190, .adv_w = 155, .box_w = 8, .box_h = 8, .ofs_x = 1, .ofs_y = 0},
    {.bitmap_index = 3222, .adv_w = 155, .box_w = 8, .box_h = 8, .ofs_x = 1, .ofs_y = 0},
    {.bitmap_index = 3254, .adv_w = 155, .box_w = 8, .box_h = 12, .ofs_x = 1, .ofs_y = -4},
    {.bitmap_index = 3302, .adv_w = 155, .box_w = 8, .box_h = 12, .ofs_x = 1, .ofs_y = -4},
    {.bitmap_index = 3350, .adv_w = 155, .box_w = 8, .box_h = 8, .ofs_x = 1, .ofs_y = 0},
    {.bitmap_index = 3382, .adv_w = 155, .box_w = 8, .box_h = 8, .ofs_x = 1, .ofs_y = 0},
    {.bitmap_index = 3414, .adv_w = 155, .box_w = 8, .box_h = 11, .ofs_x = 1, .ofs_y = 0},
    {.bitmap_index = 3458, .adv_w = 155, .box_w = 8, .box_h = 8, .ofs_x = 1, .ofs_y = 0},
    {.bitmap_index = 3490, .adv_w = 155, .box_w = 8, .box_h = 8, .ofs_x = 1, .ofs_y = 0},
    {.bitmap_index = 3522, .adv_w = 155, .box_w = 8, .box_h = 8, .ofs_x = 1, .ofs_y = 0},
    {.bitmap_index = 3554, .adv_w = 155, .box_w = 8, .box_h = 8, .ofs_x = 1, .ofs_y = 0},
    {.bitmap_index = 3586, .adv_w = 155, .box_w = 8, .box_h = 12, .ofs_x = 1, .ofs_y = -4},
    {.bitmap_index = 3634, .adv_w = 155, .box_w = 8, .box_h = 8, .ofs_x = 1, .ofs_y = 0},
    {.bitmap_index = 3666, .adv_w = 155, .box_w = 6, .box_h = 15, .ofs_x = 1, .ofs_y = -3},
    {.bitmap_index = 3711, .adv_w = 155, .box_w = 2, .box_h = 16, .ofs_x = 4, .ofs_y = -4},
    {.bitmap_index = 3727, .adv_w = 155, .box_w = 6, .box_h = 15, .ofs_x = 1, .ofs_y = -3},
    {.bitmap_index = 3772, .adv_w = 155, .box_w = 8, .box_h = 6, .ofs_x = 1, .ofs_y = 3},
    {.bitmap_index = 3796, .adv_w = 288, .box_w = 16, .box_h = 15, .ofs_x = 1, .ofs_y = -1},
    {.bitmap_index = 3916, .adv_w = 288, .box_w = 16, .box_h = 15, .ofs_x = 1, .ofs_y = -1},
    {.bitmap_index = 4036, .adv_w = 288, .box_w = 16, .box_h = 15, .ofs_x = 1, .ofs_y = -1},
    {.bitmap_index = 4156, .adv_w = 288, .box_w = 16, .box_h = 15, .ofs_x = 1, .ofs_y = -1},
    {.bitmap_index = 4276, .adv_w = 288, .box_w = 16, .box_h = 15, .ofs_x = 1, .ofs_y = -1},
    {.bitmap_index = 4396, .adv_w = 288, .box_w = 16, .box_h = 15, .ofs_x = 1, .ofs_y = -1},
    {.bitmap_index = 4516, .adv_w = 288, .box_w = 19, .box_h = 19, .ofs_x = 0, .ofs_y = -3},
    {.bitmap_index = 4697, .adv_w = 288, .box_w = 18, .box_h = 14, .ofs_x = 0, .ofs_y = 0},
    {.bitmap_index = 4823, .adv_w = 288, .box_w = 18, .box_h = 17, .ofs_x = 0, .ofs_y = -2},
    {.bitmap_index = 4976, .adv_w = 288, .box_w = 18, .box_h = 14, .ofs_x = 0, .ofs_y = 0},
    {.bitmap_index = 5102, .adv_w = 198, .box_w = 13, .box_h = 13, .ofs_x = 0, .ofs_y = 0},
    {.bitmap_index = 5187, .adv_w = 288, .box_w = 19, .box_h = 18, .ofs_x = 0, .ofs_y = -2},
    {.bitmap_index = 5358, .adv_w = 288, .box_w = 18, .box_h = 19, .ofs_x = 0, .ofs_y = -3},
    {.bitmap_index = 5529, .adv_w = 324, .box_w = 21, .box_h = 17, .ofs_x = 0, .ofs_y = -2},
    {.bitmap_index = 5708, .adv_w = 288, .box_w = 18, .box_h = 19, .ofs_x = 0, .ofs_y = -3},
    {.bitmap_index = 5879, .adv_w = 324, .box_w = 21, .box_h = 14, .ofs_x = 0, .ofs_y = 0},
    {.bitmap_index = 6026, .adv_w = 288, .box_w = 18, .box_h = 19, .ofs_x = 0, .ofs_y = -3},
    {.bitmap_index = 6197, .adv_w = 144, .box_w = 9, .box_h = 15, .ofs_x = 0, .ofs_y = -1},
    {.bitmap_index = 6265, .adv_w = 216, .box_w = 14, .box_h = 15, .ofs_x = 0, .ofs_y = -1},
    {.bitmap_index = 6370, .adv_w = 324, .box_w = 21, .box_h = 18, .ofs_x = 0, .ofs_y = -2},
    {.bitmap_index = 6559, .adv_w = 288, .box_w = 18, .box_h = 14, .ofs_x = 0, .ofs_y = 0},
    {.bitmap_index = 6685, .adv_w = 198, .box_w = 13, .box_h = 19, .ofs_x = 0, .ofs_y = -3},
    {.bitmap_index = 6809, .adv_w = 252, .box_w = 12, .box_h = 17, .ofs_x = 2, .ofs_y = -2},
    {.bitmap_index = 6911, .adv_w = 252, .box_w = 16, .box_h = 19, .ofs_x = 0, .ofs_y = -3},
    {.bitmap_index = 7063, .adv_w = 252, .box_w = 16, .box_h = 17, .ofs_x = 0, .ofs_y = -2},
    {.bitmap_index = 7199, .adv_w = 252, .box_w = 16, .box_h = 17, .ofs_x = 0, .ofs_y = -2},
    {.bitmap_index = 7335, .adv_w = 252, .box_w = 12, .box_h = 17, .ofs_x = 2, .ofs_y = -2},
    {.bitmap_index = 7437, .adv_w = 252, .box_w = 18, .box_h = 17, .ofs_x = -1, .ofs_y = -2},
    {.bitmap_index = 7590, .adv_w = 180, .box_w = 11, .box_h = 16, .ofs_x = 0, .ofs_y = -1},
    {.bitmap_index = 7678, .adv_w = 180, .box_w = 11, .box_h = 16, .ofs_x = 0, .ofs_y = -1},
    {.bitmap_index = 7766, .adv_w = 252, .box_w = 16, .box_h = 17, .ofs_x = 0, .ofs_y = -2},
    {.bitmap_index = 7902, .adv_w = 252, .box_w = 16, .box_h = 4, .ofs_x = 0, .ofs_y = 5},
    {.bitmap_index = 7934, .adv_w = 324, .box_w = 21, .box_h = 14, .ofs_x = 0, .ofs_y = 0},
    {.bitmap_index = 8081, .adv_w = 360, .box_w = 23, .box_h = 19, .ofs_x = 0, .ofs_y = -3},
    {.bitmap_index = 8300, .adv_w = 324, .box_w = 22, .box_h = 19, .ofs_x = -1, .ofs_y = -3},
    {.bitmap_index = 8509, .adv_w = 288, .box_w = 18, .box_h = 17, .ofs_x = 0, .ofs_y = -2},
    {.bitmap_index = 8662, .adv_w = 252, .box_w = 16, .box_h = 10, .ofs_x = 0, .ofs_y = 2},
    {.bitmap_index = 8742, .adv_w = 252, .box_w = 16, .box_h = 10, .ofs_x = 0, .ofs_y = 2},
    {.bitmap_index = 8822, .adv_w = 360, .box_w = 24, .box_h = 15, .ofs_x = -1, .ofs_y = -1},
    {.bitmap_index = 9002, .adv_w = 288, .box_w = 18, .box_h = 14, .ofs_x = 0, .ofs_y = 0},
    {.bitmap_index = 9128, .adv_w = 288, .box_w = 18, .box_h = 19, .ofs_x = 0, .ofs_y = -3},
    {.bitmap_index = 9299, .adv_w = 288, .box_w = 19, .box_h = 19, .ofs_x = -1, .ofs_y = -3},
    {.bitmap_index = 9480, .adv_w = 252, .box_w = 16, .box_h = 17, .ofs_x = 0, .ofs_y = -2},
    {.bitmap_index = 9616, .adv_w = 252, .box_w = 16, .box_h = 19, .ofs_x = 0, .ofs_y = -3},
    {.bitmap_index = 9768, .adv_w = 252, .box_w = 16, .box_h = 17, .ofs_x = 0, .ofs_y = -2},
    {.bitmap_index = 9904, .adv_w = 252, .box_w = 16, .box_h = 15, .ofs_x = 0, .ofs_y = -1},
    {.bitmap_index = 10024, .adv_w = 288, .box_w = 18, .box_h = 14, .ofs_x = 0, .ofs_y = 0},
    {.bitmap_index = 10150, .adv_w = 180, .box_w = 13, .box_h = 19, .ofs_x = -1, .ofs_y = -3},
    {.bitmap_index = 10274, .adv_w = 252, .box_w = 16, .box_h = 19, .ofs_x = 0, .ofs_y = -3},
    {.bitmap_index = 10426, .adv_w = 252, .box_w = 16, .box_h = 19, .ofs_x = 0, .ofs_y = -3},
    {.bitmap_index = 10578, .adv_w = 324, .box_w = 21, .box_h = 14, .ofs_x = 0, .ofs_y = 0},
    {.bitmap_index = 10725, .adv_w = 288, .box_w = 20, .box_h = 20, .ofs_x = -1, .ofs_y = -3},
    {.bitmap_index = 10925, .adv_w = 216, .box_w = 14, .box_h = 19, .ofs_x = 0, .ofs_y = -3},
    {.bitmap_index = 11058, .adv_w = 360, .box_w = 23, .box_h = 18, .ofs_x = 0, .ofs_y = -2},
    {.bitmap_index = 11265, .adv_w = 360, .box_w = 23, .box_h = 12, .ofs_x = 0, .ofs_y = 1},
    {.bitmap_index = 11403, .adv_w = 360, .box_w = 23, .box_h = 12, .ofs_x = 0, .ofs_y = 1},
    {.bitmap_index = 11541, .adv_w = 360, .box_w = 23, .box_h = 12, .ofs_x = 0, .ofs_y = 1},
    {.bitmap_index = 11679, .adv_w = 360, .box_w = 23, .box_h = 12, .ofs_x = 0, .ofs_y = 1},
    {.bitmap_index = 11817, .adv_w = 360, .box_w = 23, .box_h = 12, .ofs_x = 0, .ofs_y = 1},
    {.bitmap_index = 11955, .adv_w = 360, .box_w = 23, .box_h = 15, .ofs_x = 0, .ofs_y = -1},
    {.bitmap_index = 12128, .adv_w = 252, .box_w = 14, .box_h = 19, .ofs_x = 1, .ofs_y = -3},
    {.bitmap_index = 12261, .adv_w = 252, .box_w = 16, .box_h = 19, .ofs_x = 0, .ofs_y = -3},
    {.bitmap_index = 12413, .adv_w = 288, .box_w = 19, .box_h = 19, .ofs_x = -1, .ofs_y = -3},
    {.bitmap_index = 12594, .adv_w = 360, .box_w = 23, .box_h = 14, .ofs_x = 0, .ofs_y = 0},
    {.bitmap_index = 12755, .adv_w = 216, .box_w = 14, .box_h = 19, .ofs_x = 0, .ofs_y = -3},
    {.bitmap_index = 12888, .adv_w = 290, .box_w = 19, .box_h = 12, .ofs_x = 0, .ofs_y = 1}
};

/*---------------------
 *  CHARACTER MAPPING
 *--------------------*/

static const uint16_t unicode_list_1[] = {
    0x0, 0x27e8, 0x2890, 0x34e0, 0x3508, 0x38f6, 0x9923, 0x992a,
    0x992d, 0x992e, 0x992f, 0x9933, 0x9935, 0x9937, 0x993b, 0x993e,
    0x9943, 0x9948, 0x9949, 0x994a, 0x9960, 0x9965, 0x996a, 0x996d,
    0x996e, 0x996f, 0x9973, 0x9974, 0x9975, 0x9976, 0x9989, 0x998a,
    0x9990, 0x9992, 0x9993, 0x9996, 0x9999, 0x999a, 0x999b, 0x999d,
    0x99b5, 0x99b7, 0x99e6, 0x99e7, 0x99e9, 0x99eb, 0x9a02, 0x9a09,
    0x9a0c, 0x9a15, 0x9a3e, 0x9a46, 0x9a7d, 0x9b0d, 0x9b62, 0x9b63,
    0x9b64, 0x9b65, 0x9b66, 0x9ba9, 0x9bb5, 0x9c0f, 0x9c26, 0x9e7c,
    0xa0e4, 0xa1c4
};

/*Collect the unicode lists and glyph_id offsets*/
static const lv_font_fmt_txt_cmap_t cmaps[] =
{
    {
        .range_start = 32, .range_length = 95, .glyph_id_start = 1,
        .unicode_list = NULL, .glyph_id_ofs_list = NULL, .list_length = 0, .type = LV_FONT_FMT_TXT_CMAP_FORMAT0_TINY
    },
    {
        .range_start = 22238, .range_length = 41413, .glyph_id_start = 96,
        .unicode_list = unicode_list_1, .glyph_id_ofs_list = NULL, .list_length = 66, .type = LV_FONT_FMT_TXT_CMAP_SPARSE_TINY
    }
};



/*--------------------
 *  ALL CUSTOM DATA
 *--------------------*/

#if LVGL_VERSION_MAJOR == 8
/*Store all the custom data of the font*/
static  lv_font_fmt_txt_glyph_cache_t cache;
#endif

#if LVGL_VERSION_MAJOR >= 8
static const lv_font_fmt_txt_dsc_t font_dsc = {
#else
static lv_font_fmt_txt_dsc_t font_dsc = {
#endif
    .glyph_bitmap = glyph_bitmap,
    .glyph_dsc = glyph_dsc,
    .cmaps = cmaps,
    .kern_dsc = NULL,
    .kern_scale = 0,
    .cmap_num = 2,
    .bpp = 4,
    .kern_classes = 0,
    .bitmap_format = 0,
#if LVGL_VERSION_MAJOR == 8
    .cache = &cache
#endif
};



/*-----------------
 *  PUBLIC FONT
 *----------------*/

/*Initialize a public general font descriptor*/
#if LVGL_VERSION_MAJOR >= 8
const lv_font_t lv_font_HYPixel11pxU_2_18 = {
#else
lv_font_t lv_font_HYPixel11pxU_2_18 = {
#endif
    .get_glyph_dsc = lv_font_get_glyph_dsc_fmt_txt,    /*Function pointer to get glyph's data*/
    .get_glyph_bitmap = lv_font_get_bitmap_fmt_txt,    /*Function pointer to get glyph's bitmap*/
    .line_height = 18,          /*The maximum line height required by the font*/
    .base_line = 2,             /*Baseline measured from the bottom of the line*/
#if !(LVGL_VERSION_MAJOR == 6 && LVGL_VERSION_MINOR == 0)
    .subpx = LV_FONT_SUBPX_NONE,
#endif
#if LV_VERSION_CHECK(7, 4, 0) || LVGL_VERSION_MAJOR >= 8
    .underline_position = -2,
    .underline_thickness = 1,
#endif
    .dsc = &font_dsc,          /*The custom font data. Will be accessed by `get_glyph_bitmap/dsc` */
#if LV_VERSION_CHECK(8, 2, 0) || LVGL_VERSION_MAJOR >= 9
    .fallback = NULL,
#endif
    .user_data = NULL,
};



#endif /*#if LV_FONT_HYPIXEL11PXU_2_18*/

