/*******************************************************************************
 * Size: 16 px
 * Bpp: 4
 * Opts: undefined
 ******************************************************************************/

#ifdef LV_LVGL_H_INCLUDE_SIMPLE
#include "lvgl.h"
#else
#include "lvgl.h"
#endif

#ifndef LV_FONT_YOUSHEYUFEITEJIANKANGTI_2_16
#define LV_FONT_YOUSHEYUFEITEJIANKANGTI_2_16 1
#endif

#if LV_FONT_YOUSHEYUFEITEJIANKANGTI_2_16

/*-----------------
 *    BITMAPS
 *----------------*/

/*Store the image of the glyphs*/
static LV_ATTRIBUTE_LARGE_CONST const uint8_t glyph_bitmap[] = {
    /* U+0020 " " */

    /* U+0021 "!" */
    0x1, 0x0, 0xd8, 0xe, 0x90, 0xe9, 0xe, 0x90,
    0xe9, 0xe, 0x90, 0xe9, 0xe, 0x90, 0xb6, 0x0,
    0x0, 0x95, 0xd, 0x80,

    /* U+0022 "\"" */
    0x1e, 0x27, 0xa3, 0xf3, 0xac, 0x3f, 0x3a, 0xc3,
    0xf3, 0xac, 0x5, 0x2, 0x30,

    /* U+0023 "#" */
    0x0, 0x1, 0xa0, 0x4, 0x70, 0x0, 0x5, 0xf1,
    0xa, 0xb0, 0x0, 0x18, 0xe1, 0x1d, 0x90, 0xa,
    0xff, 0xff, 0xff, 0xfb, 0x1, 0x4e, 0xa4, 0x6f,
    0x51, 0x0, 0xf, 0x50, 0x6f, 0x0, 0x0, 0x3f,
    0x30, 0x8d, 0x0, 0x0, 0x6f, 0x11, 0xbb, 0x10,
    0xe, 0xff, 0xff, 0xff, 0xf6, 0x2, 0xcb, 0x45,
    0xf7, 0x40, 0x0, 0xe7, 0x4, 0xf1, 0x0, 0x0,
    0xa2, 0x2, 0x90, 0x0,

    /* U+0024 "$" */
    0x0, 0x1, 0xe1, 0x0, 0x0, 0x1, 0x7f, 0x60,
    0x0, 0x6, 0xff, 0xff, 0xe2, 0x1, 0xf9, 0x4f,
    0x5d, 0xc0, 0x4f, 0x23, 0xf3, 0x38, 0x3, 0xf5,
    0x3f, 0x30, 0x0, 0xb, 0xfd, 0xf7, 0x0, 0x0,
    0x6, 0xbf, 0xfe, 0x40, 0x0, 0x3, 0xf5, 0xbf,
    0x5, 0xa0, 0x3f, 0x34, 0xf2, 0x5f, 0x33, 0xf3,
    0x7f, 0x0, 0xbf, 0xdf, 0xdf, 0x80, 0x0, 0x5a,
    0xfa, 0x50, 0x0, 0x0, 0x2f, 0x20, 0x0, 0x0,
    0x0, 0x20, 0x0, 0x0,

    /* U+0025 "%" */
    0x0, 0x0, 0x0, 0x0, 0x0, 0xb3, 0x0, 0x5,
    0xdf, 0xb1, 0x0, 0x7, 0xf1, 0x0, 0x1f, 0x74,
    0xcb, 0x0, 0x2f, 0x60, 0x0, 0x5f, 0x0, 0x5e,
    0x0, 0xbc, 0x0, 0x0, 0x2f, 0x41, 0xac, 0x5,
    0xf2, 0x0, 0x0, 0x8, 0xff, 0xe3, 0xe, 0x80,
    0x0, 0x0, 0x0, 0x12, 0x0, 0x9e, 0x4, 0xdf,
    0xa0, 0x0, 0x0, 0x3, 0xf4, 0x1f, 0x84, 0xd8,
    0x0, 0x0, 0xc, 0xa0, 0x5f, 0x0, 0x7d, 0x0,
    0x0, 0x7f, 0x10, 0x5e, 0x0, 0x6d, 0x0, 0x1,
    0xf7, 0x0, 0x1f, 0x30, 0xb9, 0x0, 0x7, 0xc0,
    0x0, 0x6, 0xff, 0xb1, 0x0, 0x0, 0x0, 0x0,
    0x0, 0x0, 0x0,

    /* U+0026 "&" */
    0x0, 0x6, 0xef, 0x80, 0x0, 0x0, 0x4, 0xf8,
    0x6e, 0x70, 0x0, 0x0, 0xb9, 0x0, 0x9c, 0x0,
    0x0, 0xe, 0x60, 0xc, 0xa0, 0x0, 0x0, 0xd8,
    0x2b, 0xf4, 0x0, 0x0, 0x9, 0xff, 0xf5, 0x0,
    0x0, 0x3, 0xef, 0xc1, 0x0, 0x0, 0x0, 0xdc,
    0x8f, 0x40, 0x0, 0x0, 0x3f, 0x20, 0xbf, 0x30,
    0x62, 0x5, 0xf0, 0x0, 0xbf, 0x5f, 0x50, 0x2f,
    0x40, 0x0, 0xbf, 0xf0, 0x0, 0x7e, 0x63, 0x4b,
    0xff, 0xa1, 0x0, 0x5d, 0xfe, 0xa3, 0x4e, 0x40,

    /* U+0027 "'" */
    0x1e, 0x23, 0xf3, 0x3f, 0x33, 0xf3, 0x5, 0x0,

    /* U+0028 "(" */
    0x0, 0x4e, 0x10, 0xd, 0xc0, 0x6, 0xf2, 0x0,
    0xcb, 0x0, 0x1f, 0x60, 0x4, 0xf2, 0x0, 0x5f,
    0x0, 0x5, 0xf0, 0x0, 0x4f, 0x10, 0x1, 0xf5,
    0x0, 0xd, 0xa0, 0x0, 0x7f, 0x10, 0x1, 0xea,
    0x0, 0x5, 0xf1, 0x0, 0x1, 0x0,

    /* U+0029 ")" */
    0x3e, 0x20, 0x1, 0xeb, 0x0, 0x5, 0xf3, 0x0,
    0xd, 0xa0, 0x0, 0x8e, 0x0, 0x5, 0xf1, 0x0,
    0x3f, 0x20, 0x3, 0xf2, 0x0, 0x4f, 0x10, 0x8,
    0xe0, 0x0, 0xcb, 0x0, 0x3f, 0x50, 0xd, 0xd0,
    0x4, 0xf3, 0x0, 0x1, 0x0, 0x0,

    /* U+002A "*" */
    0x0, 0x4, 0xd0, 0x0, 0x0, 0x6, 0xf0, 0x0,
    0xc, 0xa9, 0xf7, 0xc7, 0x5, 0xcf, 0xfe, 0x92,
    0x0, 0x3f, 0xfc, 0x0, 0x1, 0xeb, 0x2f, 0x90,
    0x5, 0xd1, 0x5, 0xe0,

    /* U+002B "+" */
    0x0, 0x0, 0xa6, 0x0, 0x0, 0x0, 0x0, 0xe9,
    0x0, 0x0, 0x0, 0x0, 0xe9, 0x0, 0x0, 0x1,
    0x11, 0xe9, 0x11, 0x0, 0x3f, 0xff, 0xff, 0xff,
    0xe0, 0x4, 0x44, 0xeb, 0x44, 0x30, 0x0, 0x0,
    0xe9, 0x0, 0x0, 0x0, 0x0, 0xe9, 0x0, 0x0,
    0x0, 0x0, 0xb6, 0x0, 0x0,

    /* U+002C "," */
    0x6, 0x21, 0xf9, 0xb, 0x81, 0xd1,

    /* U+002D "-" */
    0x1, 0x22, 0x22, 0x10, 0x1f, 0xff, 0xff, 0xf3,
    0x3, 0x44, 0x44, 0x40,

    /* U+002E "." */
    0x7c, 0x8, 0xe1,

    /* U+002F "/" */
    0x0, 0x0, 0x6, 0x0, 0x0, 0x5, 0xf2, 0x0,
    0x0, 0xbd, 0x0, 0x0, 0x1f, 0x70, 0x0, 0x6,
    0xf2, 0x0, 0x0, 0xbc, 0x0, 0x0, 0x1f, 0x70,
    0x0, 0x6, 0xf1, 0x0, 0x0, 0xcc, 0x0, 0x0,
    0x2f, 0x60, 0x0, 0x7, 0xf1, 0x0, 0x0, 0xdb,
    0x0, 0x0, 0xe, 0x50, 0x0, 0x0,

    /* U+0030 "0" */
    0x0, 0x2b, 0xef, 0xd7, 0x0, 0x2, 0xff, 0xba,
    0xdf, 0xa0, 0xb, 0xf2, 0x0, 0x8, 0xf3, 0xf,
    0x90, 0x0, 0x0, 0xf9, 0x3f, 0x50, 0x0, 0x0,
    0xdc, 0x5f, 0x40, 0x0, 0x0, 0xbd, 0x5f, 0x30,
    0x0, 0x0, 0xbe, 0x5f, 0x40, 0x0, 0x0, 0xbd,
    0x3f, 0x50, 0x0, 0x0, 0xdc, 0xf, 0x90, 0x0,
    0x0, 0xf9, 0xb, 0xf2, 0x0, 0x8, 0xf3, 0x2,
    0xff, 0xba, 0xcf, 0xa0, 0x0, 0x2b, 0xef, 0xd7,
    0x0,

    /* U+0031 "1" */
    0x1, 0x9e, 0x26, 0xff, 0xf4, 0x9a, 0x7f, 0x40,
    0x5, 0xf4, 0x0, 0x5f, 0x40, 0x5, 0xf4, 0x0,
    0x5f, 0x40, 0x5, 0xf4, 0x0, 0x5f, 0x40, 0x5,
    0xf4, 0x0, 0x5f, 0x40, 0x5, 0xf4, 0x0, 0x2e,
    0x20,

    /* U+0032 "2" */
    0x0, 0x1a, 0xef, 0xd6, 0x0, 0x0, 0x2f, 0xfb,
    0x9c, 0xfb, 0x0, 0xd, 0xe2, 0x0, 0x7, 0xf6,
    0x1, 0xf8, 0x0, 0x0, 0xf, 0xa0, 0x6, 0x10,
    0x0, 0x0, 0xfa, 0x0, 0x0, 0x0, 0x0, 0x4f,
    0x60, 0x0, 0x0, 0x0, 0xd, 0xe0, 0x0, 0x0,
    0x0, 0xb, 0xf4, 0x0, 0x0, 0x0, 0x1b, 0xf6,
    0x0, 0x0, 0x0, 0x3d, 0xf5, 0x0, 0x0, 0x0,
    0x7f, 0xe3, 0x0, 0x0, 0x1, 0xbf, 0xfa, 0x99,
    0x99, 0x60, 0x3f, 0xff, 0xff, 0xff, 0xfd, 0x0,

    /* U+0033 "3" */
    0x0, 0x2a, 0xef, 0xc5, 0x0, 0x3, 0xfe, 0xa9,
    0xdf, 0x80, 0xd, 0xe1, 0x0, 0xa, 0xf1, 0xc,
    0x70, 0x0, 0x6, 0xf3, 0x0, 0x0, 0x0, 0x4e,
    0xd0, 0x0, 0x3, 0xff, 0xff, 0x30, 0x0, 0x1,
    0x89, 0xcf, 0xc0, 0x0, 0x0, 0x0, 0x6, 0xf8,
    0x2a, 0x0, 0x0, 0x0, 0xdd, 0x4f, 0x50, 0x0,
    0x0, 0xdd, 0xf, 0xd1, 0x0, 0x5, 0xf8, 0x5,
    0xff, 0xa9, 0xcf, 0xc0, 0x0, 0x2a, 0xef, 0xd7,
    0x0,

    /* U+0034 "4" */
    0x0, 0x0, 0x0, 0x8, 0xd0, 0x0, 0x0, 0x0,
    0x5, 0xff, 0x0, 0x0, 0x0, 0x3, 0xff, 0xf0,
    0x0, 0x0, 0x1, 0xee, 0xaf, 0x0, 0x0, 0x0,
    0xcf, 0x39, 0xf0, 0x0, 0x0, 0x9f, 0x60, 0x9f,
    0x0, 0x0, 0x5f, 0x90, 0x9, 0xf0, 0x0, 0x3f,
    0xc0, 0x0, 0x9f, 0x0, 0x1e, 0xfa, 0x99, 0x9d,
    0xf9, 0x23, 0xff, 0xff, 0xff, 0xff, 0xf6, 0x0,
    0x0, 0x0, 0x9, 0xf0, 0x0, 0x0, 0x0, 0x0,
    0x9f, 0x0, 0x0, 0x0, 0x0, 0x6, 0xd0, 0x0,

    /* U+0035 "5" */
    0x1, 0xef, 0xff, 0xff, 0xf6, 0x0, 0x4f, 0xb9,
    0x99, 0x99, 0x30, 0x6, 0xf3, 0x0, 0x0, 0x0,
    0x0, 0x8f, 0x10, 0x0, 0x0, 0x0, 0xa, 0xf3,
    0x78, 0x61, 0x0, 0x0, 0xcf, 0xff, 0xff, 0xf7,
    0x0, 0xe, 0xf7, 0x10, 0x3a, 0xf7, 0x0, 0x54,
    0x0, 0x0, 0xb, 0xf0, 0x0, 0x0, 0x0, 0x0,
    0x6f, 0x32, 0xd2, 0x0, 0x0, 0x8, 0xf2, 0x1f,
    0xc1, 0x0, 0x3, 0xfc, 0x0, 0x5f, 0xfa, 0x9c,
    0xfe, 0x20, 0x0, 0x2a, 0xef, 0xd8, 0x0, 0x0,

    /* U+0036 "6" */
    0x0, 0x0, 0x1e, 0x50, 0x0, 0x0, 0x0, 0xa,
    0xf1, 0x0, 0x0, 0x0, 0x3, 0xf6, 0x0, 0x0,
    0x0, 0x0, 0xdb, 0x0, 0x0, 0x0, 0x0, 0x6f,
    0xef, 0xea, 0x20, 0x0, 0x1e, 0xfc, 0x9b, 0xff,
    0x50, 0x9, 0xf4, 0x0, 0x2, 0xdf, 0x11, 0xf7,
    0x0, 0x0, 0x3, 0xf7, 0x4f, 0x40, 0x0, 0x0,
    0xf, 0x94, 0xf7, 0x0, 0x0, 0x3, 0xf7, 0xe,
    0xe3, 0x0, 0x2, 0xdf, 0x10, 0x3e, 0xfb, 0x9b,
    0xff, 0x50, 0x0, 0x19, 0xef, 0xe9, 0x10, 0x0,

    /* U+0037 "7" */
    0x3f, 0xff, 0xff, 0xff, 0xf6, 0x18, 0x99, 0x99,
    0x9e, 0xf4, 0x0, 0x0, 0x0, 0x2f, 0xa0, 0x0,
    0x0, 0x0, 0xaf, 0x10, 0x0, 0x0, 0x2, 0xf9,
    0x0, 0x0, 0x0, 0x8, 0xf2, 0x0, 0x0, 0x0,
    0xe, 0xc0, 0x0, 0x0, 0x0, 0x3f, 0x60, 0x0,
    0x0, 0x0, 0x8f, 0x20, 0x0, 0x0, 0x0, 0xcd,
    0x0, 0x0, 0x0, 0x0, 0xfa, 0x0, 0x0, 0x0,
    0x2, 0xf7, 0x0, 0x0, 0x0, 0x2, 0xe3, 0x0,
    0x0,

    /* U+0038 "8" */
    0x0, 0x19, 0xdf, 0xd8, 0x10, 0x0, 0x1e, 0xfb,
    0x9b, 0xfd, 0x10, 0xa, 0xf2, 0x0, 0x4, 0xf8,
    0x0, 0xce, 0x0, 0x0, 0xf, 0xa0, 0x6, 0xf9,
    0x20, 0x2a, 0xf5, 0x0, 0xa, 0xff, 0xff, 0xf8,
    0x0, 0x4, 0xff, 0xb9, 0xbf, 0xe2, 0x0, 0xed,
    0x10, 0x0, 0x2e, 0xd0, 0x4f, 0x50, 0x0, 0x0,
    0x7f, 0x24, 0xf5, 0x0, 0x0, 0x7, 0xf2, 0xe,
    0xd1, 0x0, 0x2, 0xed, 0x0, 0x4f, 0xfb, 0x9b,
    0xfe, 0x30, 0x0, 0x19, 0xef, 0xe8, 0x10, 0x0,

    /* U+0039 "9" */
    0x0, 0x19, 0xef, 0xe8, 0x10, 0x0, 0x4f, 0xfb,
    0x9b, 0xfe, 0x30, 0xe, 0xd1, 0x0, 0x2, 0xde,
    0x4, 0xf5, 0x0, 0x0, 0x5, 0xf4, 0x4f, 0x50,
    0x0, 0x0, 0x5f, 0x50, 0xed, 0x10, 0x0, 0x2d,
    0xf1, 0x4, 0xff, 0xb9, 0xbf, 0xfa, 0x0, 0x1,
    0x9e, 0xfe, 0xff, 0x10, 0x0, 0x0, 0x0, 0x8f,
    0x80, 0x0, 0x0, 0x0, 0x1f, 0xe0, 0x0, 0x0,
    0x0, 0x8, 0xf6, 0x0, 0x0, 0x0, 0x1, 0xfc,
    0x0, 0x0, 0x0, 0x0, 0x2e, 0x30, 0x0, 0x0,

    /* U+003A ":" */
    0x7b, 0x9, 0xd0, 0x0, 0x0, 0x0, 0x0, 0x0,
    0x0, 0x0, 0x8, 0xb0, 0x9d, 0x0,

    /* U+003B ";" */
    0x8a, 0xa, 0xd0, 0x0, 0x0, 0x0, 0x0, 0x0,
    0x0, 0x34, 0xb, 0xf0, 0x5e, 0xa, 0x50,

    /* U+003C "<" */
    0x0, 0x0, 0x0, 0x2, 0x40, 0x0, 0x0, 0x4b,
    0xfd, 0x0, 0x6, 0xdf, 0xd6, 0x0, 0x9f, 0xfb,
    0x40, 0x0, 0x4f, 0xfa, 0x10, 0x0, 0x0, 0x29,
    0xff, 0xa3, 0x0, 0x0, 0x0, 0x7d, 0xfc, 0x50,
    0x0, 0x0, 0x4, 0xbd,

    /* U+003D "=" */
    0x1, 0x11, 0x11, 0x11, 0x0, 0x3f, 0xff, 0xff,
    0xff, 0xe0, 0x4, 0x44, 0x44, 0x44, 0x30, 0x1,
    0x22, 0x22, 0x22, 0x0, 0x3f, 0xff, 0xff, 0xff,
    0xe0, 0x4, 0x44, 0x44, 0x44, 0x30,

    /* U+003E ">" */
    0x5, 0x0, 0x0, 0x0, 0x3, 0xff, 0x92, 0x0,
    0x0, 0x2, 0x8f, 0xfb, 0x40, 0x0, 0x0, 0x6,
    0xdf, 0xd5, 0x0, 0x0, 0x4, 0xdf, 0xd0, 0x0,
    0x6d, 0xfd, 0x60, 0x8, 0xef, 0xb4, 0x0, 0x3,
    0xe9, 0x20, 0x0, 0x0,

    /* U+003F "?" */
    0x0, 0x0, 0x0, 0x0, 0x0, 0x9f, 0xfb, 0x20,
    0x8, 0xf6, 0x5d, 0xd0, 0xe, 0xa0, 0x5, 0xf0,
    0xc, 0x30, 0x9, 0xe0, 0x0, 0x0, 0x5f, 0x60,
    0x0, 0x3, 0xf9, 0x0, 0x0, 0xa, 0xe0, 0x0,
    0x0, 0xc, 0xa0, 0x0, 0x0, 0x2, 0x10, 0x0,
    0x0, 0x0, 0x0, 0x0, 0x0, 0x7, 0x60, 0x0,
    0x0, 0xb, 0x90, 0x0,

    /* U+0040 "@" */
    0x0, 0x0, 0x3, 0x54, 0x0, 0x0, 0x0, 0x6,
    0xee, 0xce, 0xe6, 0x0, 0x0, 0x9e, 0x40, 0x0,
    0x4f, 0x70, 0x6, 0xe2, 0x7f, 0xfc, 0xe6, 0xf1,
    0xe, 0x72, 0xfa, 0x8f, 0xf1, 0xf5, 0x3f, 0x27,
    0xe0, 0xa, 0xe0, 0xd7, 0x5f, 0xa, 0xb0, 0xb,
    0xb0, 0xf6, 0x4f, 0xb, 0x90, 0xd, 0x91, 0xf4,
    0x2f, 0x4a, 0xa0, 0x2f, 0x96, 0xf1, 0xd, 0xb5,
    0xfc, 0xef, 0xff, 0x90, 0x4, 0xf9, 0x49, 0x72,
    0x99, 0x52, 0x0, 0x6f, 0xd8, 0x65, 0x8d, 0xf6,
    0x0, 0x2, 0x9d, 0xff, 0xd8, 0x20,

    /* U+0041 "A" */
    0x0, 0x0, 0xc, 0x90, 0x0, 0x0, 0x0, 0x0,
    0x4f, 0xf1, 0x0, 0x0, 0x0, 0x0, 0xbf, 0xf8,
    0x0, 0x0, 0x0, 0x1, 0xf9, 0xce, 0x0, 0x0,
    0x0, 0x8, 0xf3, 0x6f, 0x50, 0x0, 0x0, 0xe,
    0xc0, 0xe, 0xc0, 0x0, 0x0, 0x5f, 0x50, 0x8,
    0xf2, 0x0, 0x0, 0xce, 0x0, 0x2, 0xf9, 0x0,
    0x2, 0xff, 0xff, 0xff, 0xff, 0x0, 0x9, 0xf9,
    0x99, 0x99, 0xaf, 0x60, 0xf, 0xb0, 0x0, 0x0,
    0xe, 0xd0, 0x6f, 0x40, 0x0, 0x0, 0x7, 0xf4,
    0x8c, 0x0, 0x0, 0x0, 0x1, 0xe5,

    /* U+0042 "B" */
    0xc, 0xff, 0xff, 0xc3, 0x0, 0x5f, 0xa9, 0x99,
    0xdf, 0x30, 0x5f, 0x30, 0x0, 0xe, 0xb0, 0x5f,
    0x30, 0x0, 0xb, 0xd0, 0x5f, 0x30, 0x0, 0x1e,
    0xb0, 0x5f, 0xa9, 0x99, 0xef, 0x30, 0x5f, 0xff,
    0xff, 0xff, 0x70, 0x5f, 0x30, 0x0, 0x2b, 0xf4,
    0x5f, 0x30, 0x0, 0x0, 0xfa, 0x5f, 0x30, 0x0,
    0x0, 0xea, 0x5f, 0x30, 0x0, 0x4, 0xf7, 0x5f,
    0xa9, 0x99, 0xbf, 0xd0, 0x1c, 0xff, 0xff, 0xe9,
    0x10,

    /* U+0043 "C" */
    0x0, 0x6, 0xcf, 0xfd, 0x70, 0x0, 0xa, 0xfd,
    0xa9, 0xcf, 0xc1, 0x6, 0xf7, 0x0, 0x0, 0x5f,
    0xa0, 0xec, 0x0, 0x0, 0x0, 0x8b, 0x2f, 0x70,
    0x0, 0x0, 0x0, 0x4, 0xf4, 0x0, 0x0, 0x0,
    0x0, 0x5f, 0x30, 0x0, 0x0, 0x0, 0x4, 0xf4,
    0x0, 0x0, 0x0, 0x0, 0x2f, 0x70, 0x0, 0x0,
    0x0, 0x0, 0xec, 0x0, 0x0, 0x0, 0x79, 0x6,
    0xf7, 0x0, 0x0, 0x5f, 0xa0, 0xa, 0xfd, 0xa9,
    0xcf, 0xc1, 0x0, 0x6, 0xcf, 0xfd, 0x70, 0x0,

    /* U+0044 "D" */
    0xc, 0xff, 0xff, 0xe9, 0x10, 0x5, 0xfa, 0x99,
    0x9b, 0xfe, 0x20, 0x5f, 0x30, 0x0, 0x2, 0xed,
    0x5, 0xf3, 0x0, 0x0, 0x5, 0xf4, 0x5f, 0x30,
    0x0, 0x0, 0xf, 0x85, 0xf3, 0x0, 0x0, 0x0,
    0xeb, 0x5f, 0x30, 0x0, 0x0, 0xd, 0xc5, 0xf3,
    0x0, 0x0, 0x0, 0xeb, 0x5f, 0x30, 0x0, 0x0,
    0xf, 0x95, 0xf3, 0x0, 0x0, 0x5, 0xf4, 0x5f,
    0x30, 0x0, 0x2, 0xed, 0x5, 0xfb, 0x99, 0x9b,
    0xff, 0x30, 0x1c, 0xff, 0xff, 0xea, 0x20, 0x0,

    /* U+0045 "E" */
    0xc, 0xff, 0xff, 0xff, 0xe1, 0x5f, 0xa9, 0x99,
    0x99, 0x80, 0x5f, 0x30, 0x0, 0x0, 0x0, 0x5f,
    0x30, 0x0, 0x0, 0x0, 0x5f, 0x30, 0x0, 0x0,
    0x0, 0x5f, 0xa9, 0x99, 0x99, 0x50, 0x5f, 0xff,
    0xff, 0xff, 0xb0, 0x5f, 0x30, 0x0, 0x0, 0x0,
    0x5f, 0x30, 0x0, 0x0, 0x0, 0x5f, 0x30, 0x0,
    0x0, 0x0, 0x5f, 0x30, 0x0, 0x0, 0x0, 0x5f,
    0xa9, 0x99, 0x99, 0x80, 0x1c, 0xff, 0xff, 0xff,
    0xf1,

    /* U+0046 "F" */
    0x1c, 0xff, 0xff, 0xff, 0xf7, 0x5f, 0xa9, 0x99,
    0x99, 0x93, 0x5f, 0x30, 0x0, 0x0, 0x0, 0x5f,
    0x30, 0x0, 0x0, 0x0, 0x5f, 0x30, 0x0, 0x0,
    0x0, 0x5f, 0xa9, 0x99, 0x99, 0x40, 0x5f, 0xff,
    0xff, 0xff, 0xa0, 0x5f, 0x30, 0x0, 0x0, 0x0,
    0x5f, 0x30, 0x0, 0x0, 0x0, 0x5f, 0x30, 0x0,
    0x0, 0x0, 0x5f, 0x30, 0x0, 0x0, 0x0, 0x5f,
    0x30, 0x0, 0x0, 0x0, 0x3e, 0x10, 0x0, 0x0,
    0x0,

    /* U+0047 "G" */
    0x0, 0x6, 0xcf, 0xfd, 0x70, 0x0, 0x0, 0xaf,
    0xda, 0x9c, 0xfd, 0x10, 0x6, 0xf7, 0x0, 0x0,
    0x5f, 0xa0, 0xe, 0xc0, 0x0, 0x0, 0x7, 0xa0,
    0x2f, 0x70, 0x0, 0x0, 0x0, 0x0, 0x4f, 0x40,
    0x0, 0x0, 0x0, 0x0, 0x5f, 0x30, 0x0, 0xcf,
    0xff, 0xe0, 0x4f, 0x40, 0x0, 0x69, 0x9c, 0xf1,
    0x2f, 0x70, 0x0, 0x0, 0x8, 0xf0, 0xe, 0xc0,
    0x0, 0x0, 0xb, 0xd0, 0x6, 0xf7, 0x0, 0x0,
    0x3f, 0x80, 0x0, 0xaf, 0xda, 0x9b, 0xfe, 0x10,
    0x0, 0x6, 0xcf, 0xfd, 0x91, 0x0,

    /* U+0048 "H" */
    0x3e, 0x20, 0x0, 0x0, 0x1e, 0x45, 0xf3, 0x0,
    0x0, 0x3, 0xf6, 0x5f, 0x30, 0x0, 0x0, 0x3f,
    0x65, 0xf3, 0x0, 0x0, 0x3, 0xf6, 0x5f, 0x30,
    0x0, 0x0, 0x3f, 0x65, 0xfa, 0x99, 0x99, 0x9a,
    0xf6, 0x5f, 0xff, 0xff, 0xff, 0xff, 0x65, 0xf3,
    0x0, 0x0, 0x3, 0xf6, 0x5f, 0x30, 0x0, 0x0,
    0x3f, 0x65, 0xf3, 0x0, 0x0, 0x3, 0xf6, 0x5f,
    0x30, 0x0, 0x0, 0x3f, 0x65, 0xf3, 0x0, 0x0,
    0x3, 0xf6, 0x3e, 0x10, 0x0, 0x0, 0x1e, 0x40,

    /* U+0049 "I" */
    0x3e, 0x15, 0xf3, 0x5f, 0x35, 0xf3, 0x5f, 0x35,
    0xf3, 0x5f, 0x35, 0xf3, 0x5f, 0x35, 0xf3, 0x5f,
    0x35, 0xf3, 0x3e, 0x10,

    /* U+004A "J" */
    0x0, 0x0, 0x0, 0xd6, 0x0, 0x0, 0x0, 0xf9,
    0x0, 0x0, 0x0, 0xf9, 0x0, 0x0, 0x0, 0xf9,
    0x0, 0x0, 0x0, 0xf9, 0x0, 0x0, 0x0, 0xf9,
    0x0, 0x0, 0x0, 0xf9, 0x0, 0x0, 0x0, 0xf9,
    0x0, 0x0, 0x0, 0xf9, 0x2, 0x0, 0x0, 0xf9,
    0x9e, 0x10, 0x4, 0xf7, 0x3f, 0xe9, 0xaf, 0xd0,
    0x4, 0xcf, 0xfa, 0x10,

    /* U+004B "K" */
    0x3e, 0x10, 0x0, 0x1, 0xd7, 0x5, 0xf3, 0x0,
    0x2, 0xdf, 0x30, 0x5f, 0x30, 0x2, 0xef, 0x30,
    0x5, 0xf3, 0x2, 0xef, 0x30, 0x0, 0x5f, 0x32,
    0xef, 0x30, 0x0, 0x5, 0xf6, 0xef, 0x30, 0x0,
    0x0, 0x5f, 0xff, 0xf9, 0x0, 0x0, 0x5, 0xfe,
    0x39, 0xf6, 0x0, 0x0, 0x5f, 0x40, 0xc, 0xf3,
    0x0, 0x5, 0xf3, 0x0, 0x1e, 0xe1, 0x0, 0x5f,
    0x30, 0x0, 0x3f, 0xc0, 0x5, 0xf3, 0x0, 0x0,
    0x6f, 0x90, 0x3e, 0x10, 0x0, 0x0, 0x8d, 0x0,

    /* U+004C "L" */
    0x3e, 0x10, 0x0, 0x0, 0x0, 0x5f, 0x30, 0x0,
    0x0, 0x0, 0x5f, 0x30, 0x0, 0x0, 0x0, 0x5f,
    0x30, 0x0, 0x0, 0x0, 0x5f, 0x30, 0x0, 0x0,
    0x0, 0x5f, 0x30, 0x0, 0x0, 0x0, 0x5f, 0x30,
    0x0, 0x0, 0x0, 0x5f, 0x30, 0x0, 0x0, 0x0,
    0x5f, 0x30, 0x0, 0x0, 0x0, 0x5f, 0x30, 0x0,
    0x0, 0x0, 0x5f, 0x30, 0x0, 0x0, 0x0, 0x5f,
    0xa9, 0x99, 0x99, 0x70, 0x1c, 0xff, 0xff, 0xff,
    0xe0,

    /* U+004D "M" */
    0x3e, 0x30, 0x0, 0x0, 0x0, 0x5e, 0x15, 0xfb,
    0x0, 0x0, 0x0, 0xe, 0xf3, 0x5f, 0xf3, 0x0,
    0x0, 0x6, 0xff, 0x35, 0xff, 0xb0, 0x0, 0x0,
    0xef, 0xf3, 0x5f, 0xcf, 0x30, 0x0, 0x6f, 0xcf,
    0x35, 0xf4, 0xfb, 0x0, 0xe, 0xd6, 0xf3, 0x5f,
    0x38, 0xf3, 0x6, 0xf5, 0x6f, 0x35, 0xf3, 0x1f,
    0xb0, 0xed, 0x6, 0xf3, 0x5f, 0x30, 0x8f, 0xaf,
    0x50, 0x6f, 0x35, 0xf3, 0x1, 0xff, 0xd0, 0x6,
    0xf3, 0x5f, 0x30, 0x8, 0xf5, 0x0, 0x6f, 0x35,
    0xf3, 0x0, 0x3, 0x0, 0x6, 0xf3, 0x3e, 0x10,
    0x0, 0x0, 0x0, 0x4e, 0x10,

    /* U+004E "N" */
    0x3e, 0x40, 0x0, 0x0, 0xd, 0x65, 0xfe, 0x10,
    0x0, 0x0, 0xf9, 0x5f, 0xfb, 0x0, 0x0, 0xf,
    0x95, 0xfb, 0xf6, 0x0, 0x0, 0xf9, 0x5f, 0x4c,
    0xf2, 0x0, 0xf, 0x95, 0xf3, 0x2f, 0xd0, 0x0,
    0xf9, 0x5f, 0x30, 0x5f, 0x90, 0xf, 0x95, 0xf3,
    0x0, 0xaf, 0x40, 0xf9, 0x5f, 0x30, 0x0, 0xee,
    0x1f, 0x95, 0xf3, 0x0, 0x3, 0xfb, 0xf9, 0x5f,
    0x30, 0x0, 0x8, 0xff, 0x95, 0xf3, 0x0, 0x0,
    0xc, 0xf9, 0x3e, 0x10, 0x0, 0x0, 0x2e, 0x60,

    /* U+004F "O" */
    0x0, 0x7, 0xcf, 0xfc, 0x60, 0x0, 0x0, 0xcf,
    0xc9, 0x9d, 0xfb, 0x0, 0x9, 0xf5, 0x0, 0x0,
    0x6f, 0x70, 0x1f, 0x90, 0x0, 0x0, 0xb, 0xe0,
    0x5f, 0x40, 0x0, 0x0, 0x5, 0xf3, 0x7f, 0x20,
    0x0, 0x0, 0x3, 0xf5, 0x8f, 0x10, 0x0, 0x0,
    0x2, 0xf6, 0x7f, 0x20, 0x0, 0x0, 0x3, 0xf5,
    0x5f, 0x40, 0x0, 0x0, 0x5, 0xf3, 0x1f, 0x90,
    0x0, 0x0, 0xb, 0xe0, 0x9, 0xf5, 0x0, 0x0,
    0x6f, 0x70, 0x0, 0xcf, 0xc9, 0x9d, 0xfb, 0x0,
    0x0, 0x7, 0xdf, 0xfc, 0x60, 0x0,

    /* U+0050 "P" */
    0x1c, 0xff, 0xff, 0xea, 0x20, 0x5, 0xfa, 0x99,
    0x9b, 0xff, 0x20, 0x5f, 0x30, 0x0, 0x2, 0xfb,
    0x5, 0xf3, 0x0, 0x0, 0x9, 0xf0, 0x5f, 0x30,
    0x0, 0x0, 0x9f, 0x5, 0xf3, 0x0, 0x0, 0x2f,
    0xb0, 0x5f, 0xa9, 0x99, 0xbf, 0xf3, 0x5, 0xff,
    0xff, 0xff, 0xb2, 0x0, 0x5f, 0x30, 0x0, 0x0,
    0x0, 0x5, 0xf3, 0x0, 0x0, 0x0, 0x0, 0x5f,
    0x30, 0x0, 0x0, 0x0, 0x5, 0xf3, 0x0, 0x0,
    0x0, 0x0, 0x3e, 0x10, 0x0, 0x0, 0x0, 0x0,

    /* U+0051 "Q" */
    0x0, 0x7, 0xcf, 0xfc, 0x60, 0x0, 0x0, 0xcf,
    0xc9, 0x9d, 0xfb, 0x0, 0x9, 0xf5, 0x0, 0x0,
    0x6f, 0x80, 0x1f, 0x90, 0x0, 0x0, 0xb, 0xe0,
    0x5f, 0x40, 0x0, 0x0, 0x5, 0xf3, 0x7f, 0x20,
    0x0, 0x0, 0x3, 0xf5, 0x8f, 0x10, 0x0, 0x0,
    0x2, 0xf6, 0x7f, 0x20, 0x0, 0x0, 0x3, 0xf5,
    0x5f, 0x40, 0x0, 0x0, 0x6, 0xf3, 0x1f, 0xa0,
    0x0, 0x3f, 0x5b, 0xe0, 0x9, 0xf5, 0x0, 0x6,
    0xff, 0x70, 0x0, 0xcf, 0xda, 0xad, 0xff, 0xb1,
    0x0, 0x7, 0xdf, 0xfc, 0x51, 0xc5,

    /* U+0052 "R" */
    0x1c, 0xff, 0xff, 0xfc, 0x50, 0x5, 0xfa, 0x99,
    0x99, 0xdf, 0x80, 0x5f, 0x40, 0x0, 0x0, 0xaf,
    0x15, 0xf4, 0x0, 0x0, 0x5, 0xf3, 0x5f, 0x40,
    0x0, 0x0, 0xaf, 0x15, 0xfa, 0x99, 0x9a, 0xdf,
    0x80, 0x5f, 0xff, 0xff, 0xfd, 0x60, 0x5, 0xf4,
    0x0, 0xaf, 0x30, 0x0, 0x5f, 0x40, 0x1, 0xee,
    0x0, 0x5, 0xf4, 0x0, 0x4, 0xfa, 0x0, 0x5f,
    0x40, 0x0, 0x9, 0xf5, 0x5, 0xf4, 0x0, 0x0,
    0xd, 0xe1, 0x3e, 0x20, 0x0, 0x0, 0x3e, 0x30,

    /* U+0053 "S" */
    0x0, 0x8e, 0xff, 0xff, 0xe0, 0xc, 0xfb, 0x99,
    0x99, 0x70, 0x5f, 0x60, 0x0, 0x0, 0x0, 0x7f,
    0x10, 0x0, 0x0, 0x0, 0x5f, 0x60, 0x0, 0x0,
    0x0, 0xc, 0xfb, 0x99, 0x72, 0x0, 0x0, 0x9e,
    0xff, 0xff, 0x50, 0x0, 0x0, 0x0, 0x2c, 0xf1,
    0x0, 0x0, 0x0, 0x3, 0xf6, 0x0, 0x0, 0x0,
    0x2, 0xf7, 0x0, 0x0, 0x0, 0x7, 0xf4, 0x18,
    0x99, 0x99, 0xbf, 0xb0, 0x3f, 0xff, 0xff, 0xe8,
    0x0,

    /* U+0054 "T" */
    0x7f, 0xff, 0xff, 0xff, 0xff, 0x33, 0x99, 0x9c,
    0xfa, 0x99, 0x81, 0x0, 0x0, 0x7f, 0x20, 0x0,
    0x0, 0x0, 0x7, 0xf2, 0x0, 0x0, 0x0, 0x0,
    0x7f, 0x20, 0x0, 0x0, 0x0, 0x7, 0xf2, 0x0,
    0x0, 0x0, 0x0, 0x7f, 0x20, 0x0, 0x0, 0x0,
    0x7, 0xf2, 0x0, 0x0, 0x0, 0x0, 0x7f, 0x20,
    0x0, 0x0, 0x0, 0x7, 0xf2, 0x0, 0x0, 0x0,
    0x0, 0x7f, 0x20, 0x0, 0x0, 0x0, 0x7, 0xf2,
    0x0, 0x0, 0x0, 0x0, 0x4e, 0x0, 0x0, 0x0,

    /* U+0055 "U" */
    0x3e, 0x20, 0x0, 0x0, 0x1e, 0x45, 0xf4, 0x0,
    0x0, 0x2, 0xf7, 0x5f, 0x40, 0x0, 0x0, 0x2f,
    0x75, 0xf4, 0x0, 0x0, 0x2, 0xf7, 0x5f, 0x30,
    0x0, 0x0, 0x2f, 0x75, 0xf3, 0x0, 0x0, 0x2,
    0xf7, 0x5f, 0x30, 0x0, 0x0, 0x2f, 0x75, 0xf3,
    0x0, 0x0, 0x2, 0xf7, 0x5f, 0x30, 0x0, 0x0,
    0x2f, 0x74, 0xf6, 0x0, 0x0, 0x5, 0xf5, 0xe,
    0xe3, 0x0, 0x2, 0xee, 0x10, 0x3e, 0xfb, 0x9b,
    0xff, 0x40, 0x0, 0x19, 0xef, 0xea, 0x10, 0x0,

    /* U+0056 "V" */
    0x5e, 0x10, 0x0, 0x0, 0x7, 0xd0, 0x4f, 0x60,
    0x0, 0x0, 0xe, 0xc0, 0xe, 0xd0, 0x0, 0x0,
    0x5f, 0x60, 0x8, 0xf3, 0x0, 0x0, 0xbf, 0x0,
    0x2, 0xf9, 0x0, 0x1, 0xf9, 0x0, 0x0, 0xbf,
    0x0, 0x7, 0xf3, 0x0, 0x0, 0x5f, 0x50, 0xd,
    0xd0, 0x0, 0x0, 0xe, 0xc0, 0x4f, 0x70, 0x0,
    0x0, 0x9, 0xf2, 0xaf, 0x10, 0x0, 0x0, 0x2,
    0xf9, 0xfa, 0x0, 0x0, 0x0, 0x0, 0xcf, 0xf4,
    0x0, 0x0, 0x0, 0x0, 0x6f, 0xe0, 0x0, 0x0,
    0x0, 0x0, 0xd, 0x60, 0x0, 0x0,

    /* U+0057 "W" */
    0x5e, 0x0, 0x0, 0xc, 0x80, 0x0, 0x4, 0xe1,
    0x5f, 0x40, 0x0, 0x2f, 0xe0, 0x0, 0xa, 0xf0,
    0x1f, 0x90, 0x0, 0x7f, 0xf3, 0x0, 0xe, 0xb0,
    0xc, 0xd0, 0x0, 0xce, 0xf7, 0x0, 0x3f, 0x70,
    0x8, 0xf2, 0x1, 0xf9, 0xdc, 0x0, 0x7f, 0x20,
    0x3, 0xf6, 0x5, 0xf4, 0x9f, 0x10, 0xbe, 0x0,
    0x0, 0xeb, 0xa, 0xf0, 0x4f, 0x50, 0xfa, 0x0,
    0x0, 0xaf, 0xe, 0xb0, 0xf, 0xa4, 0xf5, 0x0,
    0x0, 0x6f, 0x8f, 0x60, 0xb, 0xe9, 0xf1, 0x0,
    0x0, 0x1f, 0xff, 0x10, 0x6, 0xff, 0xc0, 0x0,
    0x0, 0xd, 0xfd, 0x0, 0x1, 0xff, 0x80, 0x0,
    0x0, 0x9, 0xf8, 0x0, 0x0, 0xdf, 0x40, 0x0,
    0x0, 0x3, 0xe2, 0x0, 0x0, 0x7d, 0x0, 0x0,

    /* U+0058 "X" */
    0x5e, 0x20, 0x0, 0x0, 0x4, 0xe2, 0x2f, 0xd0,
    0x0, 0x0, 0x2e, 0xd0, 0x5, 0xfa, 0x0, 0x0,
    0xdf, 0x20, 0x0, 0x8f, 0x70, 0xa, 0xf5, 0x0,
    0x0, 0xb, 0xf4, 0x7f, 0x80, 0x0, 0x0, 0x0,
    0xdf, 0xfb, 0x0, 0x0, 0x0, 0x0, 0x4f, 0xf1,
    0x0, 0x0, 0x0, 0x0, 0xdf, 0xfb, 0x0, 0x0,
    0x0, 0xb, 0xf4, 0x7f, 0x80, 0x0, 0x0, 0x8f,
    0x70, 0xa, 0xf5, 0x0, 0x5, 0xfa, 0x0, 0x0,
    0xdf, 0x20, 0x2f, 0xd0, 0x0, 0x0, 0x2e, 0xd0,
    0x5e, 0x20, 0x0, 0x0, 0x4, 0xe2,

    /* U+0059 "Y" */
    0x5e, 0x20, 0x0, 0x0, 0x4, 0xe2, 0x2f, 0xc0,
    0x0, 0x0, 0x1e, 0xe1, 0x6, 0xf9, 0x0, 0x0,
    0xcf, 0x30, 0x0, 0xaf, 0x50, 0x8, 0xf7, 0x0,
    0x0, 0xd, 0xf2, 0x4f, 0xa0, 0x0, 0x0, 0x2,
    0xfd, 0xed, 0x0, 0x0, 0x0, 0x0, 0x5f, 0xf3,
    0x0, 0x0, 0x0, 0x0, 0xe, 0xb0, 0x0, 0x0,
    0x0, 0x0, 0xe, 0xb0, 0x0, 0x0, 0x0, 0x0,
    0xe, 0xb0, 0x0, 0x0, 0x0, 0x0, 0xe, 0xb0,
    0x0, 0x0, 0x0, 0x0, 0xe, 0xb0, 0x0, 0x0,
    0x0, 0x0, 0xb, 0x80, 0x0, 0x0,

    /* U+005A "Z" */
    0x3f, 0xff, 0xff, 0xff, 0xf8, 0x18, 0x99, 0x99,
    0x9d, 0xf5, 0x0, 0x0, 0x0, 0x2f, 0xb0, 0x0,
    0x0, 0x0, 0xcf, 0x10, 0x0, 0x0, 0x7, 0xf6,
    0x0, 0x0, 0x0, 0x2f, 0xc0, 0x0, 0x0, 0x0,
    0xcf, 0x20, 0x0, 0x0, 0x6, 0xf7, 0x0, 0x0,
    0x0, 0x2f, 0xc0, 0x0, 0x0, 0x0, 0xbf, 0x20,
    0x0, 0x0, 0x6, 0xf8, 0x0, 0x0, 0x0, 0x1e,
    0xf9, 0x99, 0x99, 0x93, 0x3f, 0xff, 0xff, 0xff,
    0xf8,

    /* U+005B "[" */
    0xb, 0xff, 0x72, 0xf8, 0x62, 0x3f, 0x30, 0x3,
    0xf3, 0x0, 0x3f, 0x30, 0x3, 0xf3, 0x0, 0x3f,
    0x30, 0x3, 0xf3, 0x0, 0x3f, 0x30, 0x3, 0xf3,
    0x0, 0x3f, 0x30, 0x3, 0xf3, 0x0, 0x3f, 0x51,
    0x0, 0xef, 0xf8, 0x1, 0x44, 0x10,

    /* U+005C "\\" */
    0x5, 0x10, 0x0, 0x0, 0xf8, 0x0, 0x0, 0xa,
    0xe0, 0x0, 0x0, 0x4f, 0x30, 0x0, 0x0, 0xe9,
    0x0, 0x0, 0x9, 0xe0, 0x0, 0x0, 0x4f, 0x40,
    0x0, 0x0, 0xe9, 0x0, 0x0, 0x9, 0xf0, 0x0,
    0x0, 0x3f, 0x50, 0x0, 0x0, 0xda, 0x0, 0x0,
    0x8, 0xf0, 0x0, 0x0, 0x2e, 0x20,

    /* U+005D "]" */
    0x1f, 0xfe, 0x30, 0x56, 0xe9, 0x0, 0xc, 0xa0,
    0x0, 0xca, 0x0, 0xc, 0xa0, 0x0, 0xca, 0x0,
    0xc, 0xa0, 0x0, 0xca, 0x0, 0xc, 0xa0, 0x0,
    0xca, 0x0, 0xc, 0xa0, 0x0, 0xca, 0x1, 0x1d,
    0xa1, 0xff, 0xf6, 0x3, 0x43, 0x0,

    /* U+005E "^" */
    0x0, 0x9, 0xc0, 0x0, 0x0, 0x3f, 0xf6, 0x0,
    0x0, 0xdd, 0xbe, 0x10, 0x6, 0xf4, 0x2f, 0x90,
    0x1e, 0xa0, 0x8, 0xf2, 0x3e, 0x10, 0x0, 0xd5,

    /* U+005F "_" */
    0x1, 0x22, 0x22, 0x22, 0x10, 0x3f, 0xff, 0xff,
    0xff, 0xf0, 0x4, 0x44, 0x44, 0x44, 0x30,

    /* U+0061 "a" */
    0x0, 0x4b, 0xff, 0xc4, 0x8b, 0x6, 0xfe, 0xaa,
    0xef, 0xfe, 0x2f, 0xc1, 0x0, 0x9, 0xfe, 0x8f,
    0x20, 0x0, 0x0, 0xee, 0x9f, 0x0, 0x0, 0x0,
    0xce, 0x8f, 0x20, 0x0, 0x0, 0xee, 0x2f, 0xc1,
    0x0, 0x9, 0xfe, 0x6, 0xfe, 0xaa, 0xdf, 0xfe,
    0x0, 0x2b, 0xff, 0xc4, 0x8b,

    /* U+0062 "b" */
    0x3e, 0x10, 0x0, 0x0, 0x0, 0x5, 0xf3, 0x0,
    0x0, 0x0, 0x0, 0x5f, 0x30, 0x0, 0x0, 0x0,
    0x5, 0xf3, 0x0, 0x0, 0x0, 0x0, 0x5f, 0x59,
    0xef, 0xd8, 0x0, 0x5, 0xff, 0xfb, 0x9c, 0xfd,
    0x10, 0x5f, 0xe2, 0x0, 0x5, 0xfa, 0x5, 0xf7,
    0x0, 0x0, 0xa, 0xf0, 0x5f, 0x40, 0x0, 0x0,
    0x7f, 0x25, 0xf7, 0x0, 0x0, 0xa, 0xf0, 0x5f,
    0xe2, 0x0, 0x5, 0xfa, 0x5, 0xff, 0xfb, 0x9c,
    0xfc, 0x10, 0x3e, 0x29, 0xef, 0xd7, 0x0, 0x0,

    /* U+0063 "c" */
    0x0, 0x3b, 0xff, 0xc5, 0x0, 0x6f, 0xeb, 0xad,
    0xf9, 0x2f, 0xc1, 0x0, 0x8, 0x77, 0xf3, 0x0,
    0x0, 0x0, 0x9f, 0x0, 0x0, 0x0, 0x7, 0xf3,
    0x0, 0x0, 0x0, 0x2f, 0xc1, 0x0, 0x8, 0x80,
    0x5f, 0xea, 0xad, 0xf9, 0x0, 0x2b, 0xef, 0xc5,
    0x0,

    /* U+0064 "d" */
    0x0, 0x0, 0x0, 0x0, 0x9a, 0x0, 0x0, 0x0,
    0x0, 0xcd, 0x0, 0x0, 0x0, 0x0, 0xcd, 0x0,
    0x0, 0x0, 0x0, 0xcd, 0x0, 0x4b, 0xff, 0xc5,
    0xcd, 0x6, 0xfe, 0xaa, 0xef, 0xfd, 0x2f, 0xb1,
    0x0, 0x9, 0xfd, 0x8f, 0x20, 0x0, 0x0, 0xfd,
    0xaf, 0x0, 0x0, 0x0, 0xdd, 0x8f, 0x20, 0x0,
    0x0, 0xfd, 0x2f, 0xb0, 0x0, 0x9, 0xfd, 0x6,
    0xfe, 0xaa, 0xdf, 0xfd, 0x0, 0x3b, 0xff, 0xc4,
    0x9a,

    /* U+0065 "e" */
    0x0, 0x4b, 0xff, 0xb2, 0x0, 0x5, 0xfe, 0xaa,
    0xff, 0x30, 0x1e, 0xd1, 0x0, 0x2e, 0xd0, 0x6f,
    0x51, 0x11, 0x17, 0xf4, 0x8f, 0xff, 0xff, 0xff,
    0xf5, 0x6f, 0x64, 0x44, 0x44, 0x40, 0x2f, 0xa0,
    0x0, 0x6, 0x70, 0x7, 0xfe, 0xaa, 0xdf, 0xb0,
    0x0, 0x3b, 0xff, 0xc6, 0x0,

    /* U+0066 "f" */
    0x0, 0x4d, 0xf4, 0x1, 0xfd, 0x91, 0x5, 0xf4,
    0x0, 0x5, 0xf4, 0x0, 0xbf, 0xff, 0xf5, 0x5b,
    0xfb, 0x92, 0x5, 0xf4, 0x0, 0x5, 0xf4, 0x0,
    0x5, 0xf4, 0x0, 0x5, 0xf4, 0x0, 0x5, 0xf4,
    0x0, 0x5, 0xf4, 0x0, 0x2, 0xe2, 0x0,

    /* U+0067 "g" */
    0x0, 0x5c, 0xfe, 0xa3, 0xe4, 0x7, 0xfe, 0xaa,
    0xff, 0xf7, 0x3f, 0xa0, 0x0, 0x1d, 0xf7, 0x9f,
    0x10, 0x0, 0x5, 0xf7, 0xbe, 0x0, 0x0, 0x2,
    0xf7, 0x9f, 0x10, 0x0, 0x5, 0xf7, 0x3f, 0xa0,
    0x0, 0x1d, 0xf7, 0x8, 0xfe, 0xab, 0xff, 0xf7,
    0x0, 0x4c, 0xfe, 0xa5, 0xf7, 0x4c, 0x0, 0x0,
    0x7, 0xf4, 0x4f, 0xa0, 0x0, 0x3f, 0xd0, 0x8,
    0xfd, 0x9b, 0xfe, 0x30, 0x0, 0x5c, 0xfe, 0xa2,
    0x0,

    /* U+0068 "h" */
    0x3e, 0x10, 0x0, 0x0, 0x5, 0xf3, 0x0, 0x0,
    0x0, 0x5f, 0x30, 0x0, 0x0, 0x5, 0xf3, 0x0,
    0x0, 0x0, 0x5f, 0x8c, 0xfe, 0x80, 0x5, 0xff,
    0xd9, 0xbf, 0xc0, 0x5f, 0xa0, 0x0, 0x5f, 0x65,
    0xf4, 0x0, 0x0, 0xf9, 0x5f, 0x30, 0x0, 0xf,
    0xa5, 0xf3, 0x0, 0x0, 0xfa, 0x5f, 0x30, 0x0,
    0xf, 0xa5, 0xf3, 0x0, 0x0, 0xfa, 0x3e, 0x10,
    0x0, 0xc, 0x70,

    /* U+0069 "i" */
    0x3e, 0x41, 0xa2, 0x0, 0x2, 0xe2, 0x4f, 0x54,
    0xf5, 0x4f, 0x54, 0xf5, 0x4f, 0x54, 0xf5, 0x4f,
    0x52, 0xe2,

    /* U+006A "j" */
    0x0, 0x9, 0x50, 0x0, 0xd7, 0x0, 0x0, 0x0,
    0x0, 0xd6, 0x0, 0xf, 0x90, 0x0, 0xf9, 0x0,
    0xf, 0x90, 0x0, 0xf9, 0x0, 0xf, 0x90, 0x0,
    0xf9, 0x0, 0xf, 0x90, 0x0, 0xf9, 0x0, 0xf,
    0x90, 0x4, 0xf7, 0x4a, 0xfd, 0xa, 0xe9, 0x10,

    /* U+006B "k" */
    0x3e, 0x10, 0x0, 0x0, 0x5, 0xf3, 0x0, 0x0,
    0x0, 0x5f, 0x30, 0x0, 0x0, 0x5, 0xf3, 0x0,
    0x0, 0x0, 0x5f, 0x30, 0x1, 0xad, 0x5, 0xf3,
    0x5, 0xef, 0x80, 0x5f, 0x4a, 0xfd, 0x30, 0x5,
    0xff, 0xff, 0x10, 0x0, 0x5f, 0xd8, 0xf9, 0x0,
    0x5, 0xf3, 0x9, 0xf5, 0x0, 0x5f, 0x30, 0xc,
    0xf2, 0x5, 0xf3, 0x0, 0x1e, 0xd0, 0x3e, 0x10,
    0x0, 0x4e, 0x20,

    /* U+006C "l" */
    0x3e, 0x20, 0x5, 0xf4, 0x0, 0x5f, 0x40, 0x5,
    0xf4, 0x0, 0x5f, 0x40, 0x5, 0xf3, 0x0, 0x5f,
    0x30, 0x5, 0xf3, 0x0, 0x5f, 0x30, 0x5, 0xf3,
    0x0, 0x4f, 0x40, 0x1, 0xfd, 0x81, 0x4, 0xdf,
    0x40,

    /* U+006D "m" */
    0x3e, 0x9e, 0xfb, 0x33, 0xcf, 0xe7, 0x0, 0x5f,
    0xfb, 0xae, 0xff, 0xe9, 0xcf, 0x90, 0x5f, 0x80,
    0x2, 0xff, 0x10, 0x9, 0xf1, 0x5f, 0x40, 0x0,
    0xec, 0x0, 0x5, 0xf4, 0x5f, 0x30, 0x0, 0xdc,
    0x0, 0x5, 0xf4, 0x5f, 0x30, 0x0, 0xdc, 0x0,
    0x5, 0xf4, 0x5f, 0x30, 0x0, 0xdc, 0x0, 0x5,
    0xf4, 0x5f, 0x30, 0x0, 0xdc, 0x0, 0x5, 0xf4,
    0x3e, 0x10, 0x0, 0xb9, 0x0, 0x3, 0xe2,

    /* U+006E "n" */
    0x3e, 0x8d, 0xfd, 0x50, 0x5, 0xff, 0xc9, 0xdf,
    0x70, 0x5f, 0x80, 0x0, 0xbf, 0x5, 0xf4, 0x0,
    0x6, 0xf2, 0x5f, 0x30, 0x0, 0x6f, 0x35, 0xf3,
    0x0, 0x6, 0xf3, 0x5f, 0x30, 0x0, 0x6f, 0x35,
    0xf3, 0x0, 0x6, 0xf3, 0x3e, 0x10, 0x0, 0x4e,
    0x10,

    /* U+006F "o" */
    0x0, 0x3a, 0xef, 0xd6, 0x0, 0x5, 0xff, 0xba,
    0xdf, 0xb0, 0x1f, 0xd1, 0x0, 0x8, 0xf7, 0x6f,
    0x40, 0x0, 0x0, 0xdd, 0x8f, 0x10, 0x0, 0x0,
    0xaf, 0x6f, 0x40, 0x0, 0x0, 0xdd, 0x1f, 0xd1,
    0x0, 0x8, 0xf7, 0x4, 0xff, 0xba, 0xdf, 0xa0,
    0x0, 0x2a, 0xef, 0xc5, 0x0,

    /* U+0070 "p" */
    0x3e, 0x29, 0xef, 0xd8, 0x0, 0x5, 0xff, 0xfb,
    0x9c, 0xfd, 0x10, 0x5f, 0xe3, 0x0, 0x5, 0xfa,
    0x5, 0xf7, 0x0, 0x0, 0xa, 0xf0, 0x5f, 0x40,
    0x0, 0x0, 0x7f, 0x25, 0xf7, 0x0, 0x0, 0xa,
    0xf0, 0x5f, 0xe2, 0x0, 0x5, 0xfa, 0x5, 0xff,
    0xfb, 0x9c, 0xfc, 0x10, 0x5f, 0x49, 0xef, 0xd7,
    0x0, 0x5, 0xf3, 0x0, 0x0, 0x0, 0x0, 0x5f,
    0x30, 0x0, 0x0, 0x0, 0x5, 0xf3, 0x0, 0x0,
    0x0, 0x0, 0x3e, 0x10, 0x0, 0x0, 0x0, 0x0,

    /* U+0071 "q" */
    0x0, 0x3b, 0xef, 0xc5, 0x7b, 0x5, 0xff, 0xba,
    0xdf, 0xff, 0x1f, 0xc1, 0x0, 0x8, 0xff, 0x7f,
    0x30, 0x0, 0x0, 0xdf, 0x8f, 0x10, 0x0, 0x0,
    0xbf, 0x7f, 0x30, 0x0, 0x0, 0xdf, 0x1f, 0xc1,
    0x0, 0x8, 0xff, 0x5, 0xfe, 0xaa, 0xdf, 0xff,
    0x0, 0x2a, 0xef, 0xc5, 0xaf, 0x0, 0x0, 0x0,
    0x0, 0xaf, 0x0, 0x0, 0x0, 0x0, 0xaf, 0x0,
    0x0, 0x0, 0x0, 0xaf, 0x0, 0x0, 0x0, 0x0,
    0x7b,

    /* U+0072 "r" */
    0x0, 0x0, 0x0, 0x3, 0xe1, 0x4d, 0xf2, 0x5f,
    0xaf, 0xe8, 0x5, 0xff, 0xa0, 0x0, 0x5f, 0xc0,
    0x0, 0x5, 0xf4, 0x0, 0x0, 0x5f, 0x30, 0x0,
    0x5, 0xf3, 0x0, 0x0, 0x5f, 0x30, 0x0, 0x3,
    0xe1, 0x0, 0x0,

    /* U+0073 "s" */
    0x6, 0xdf, 0xff, 0xf6, 0x4, 0xfc, 0x99, 0x99,
    0x20, 0x8f, 0x10, 0x0, 0x0, 0x4, 0xfc, 0x99,
    0x83, 0x0, 0x6, 0xef, 0xff, 0xf7, 0x0, 0x0,
    0x0, 0xb, 0xf0, 0x0, 0x0, 0x0, 0x8f, 0x1,
    0x89, 0x99, 0x9f, 0xb0, 0x4f, 0xff, 0xff, 0xa1,
    0x0,

    /* U+0074 "t" */
    0x0, 0x60, 0x0, 0x3, 0xf5, 0x0, 0x3, 0xf6,
    0x0, 0x3, 0xf6, 0x0, 0x9f, 0xff, 0xf7, 0x4a,
    0xfb, 0x93, 0x3, 0xf5, 0x0, 0x3, 0xf5, 0x0,
    0x3, 0xf5, 0x0, 0x4, 0xf5, 0x0, 0x2, 0xf6,
    0x0, 0x0, 0xee, 0x92, 0x0, 0x3c, 0xf5,

    /* U+0075 "u" */
    0x3e, 0x10, 0x0, 0x4e, 0x15, 0xf3, 0x0, 0x6,
    0xf3, 0x5f, 0x30, 0x0, 0x6f, 0x35, 0xf3, 0x0,
    0x6, 0xf3, 0x5f, 0x30, 0x0, 0x6f, 0x35, 0xf4,
    0x0, 0x6, 0xf3, 0x3f, 0x80, 0x0, 0xbf, 0x30,
    0xaf, 0xc9, 0xcf, 0xf3, 0x0, 0x7e, 0xfd, 0x9e,
    0x10,

    /* U+0076 "v" */
    0x8c, 0x0, 0x0, 0xc, 0x86, 0xf5, 0x0, 0x5,
    0xf6, 0xe, 0xc0, 0x0, 0xce, 0x0, 0x8f, 0x30,
    0x3f, 0x80, 0x1, 0xfa, 0xa, 0xf1, 0x0, 0x9,
    0xf4, 0xf9, 0x0, 0x0, 0x2f, 0xff, 0x20, 0x0,
    0x0, 0xbf, 0xb0, 0x0, 0x0, 0x3, 0xe3, 0x0,
    0x0,

    /* U+0077 "w" */
    0x8c, 0x0, 0x1, 0xe5, 0x0, 0x7, 0xd0, 0x7f,
    0x30, 0x7, 0xfc, 0x0, 0xe, 0xc0, 0x1f, 0x90,
    0xd, 0xff, 0x20, 0x4f, 0x60, 0xb, 0xe0, 0x3f,
    0x9f, 0x80, 0xaf, 0x0, 0x5, 0xf5, 0x9f, 0x1c,
    0xe1, 0xfa, 0x0, 0x0, 0xfb, 0xeb, 0x6, 0xfa,
    0xf4, 0x0, 0x0, 0x9f, 0xf5, 0x1, 0xff, 0xe0,
    0x0, 0x0, 0x3f, 0xf0, 0x0, 0xbf, 0x80, 0x0,
    0x0, 0xc, 0x80, 0x0, 0x4e, 0x20, 0x0,

    /* U+0078 "x" */
    0x8d, 0x10, 0x0, 0x1c, 0x84, 0xfc, 0x0, 0xc,
    0xf4, 0x5, 0xfb, 0xb, 0xf6, 0x0, 0x7, 0xfe,
    0xf7, 0x0, 0x0, 0xc, 0xfc, 0x0, 0x0, 0x7,
    0xfe, 0xf7, 0x0, 0x5, 0xfb, 0xb, 0xf6, 0x4,
    0xfc, 0x0, 0xc, 0xf4, 0x8d, 0x10, 0x0, 0x1c,
    0x80,

    /* U+0079 "y" */
    0x8c, 0x0, 0x0, 0xd, 0x67, 0xf4, 0x0, 0x6,
    0xf5, 0x1f, 0xa0, 0x0, 0xde, 0x0, 0xaf, 0x10,
    0x5f, 0x70, 0x3, 0xf8, 0xc, 0xf0, 0x0, 0xc,
    0xe4, 0xf8, 0x0, 0x0, 0x5f, 0xef, 0x10, 0x0,
    0x0, 0xef, 0xa0, 0x0, 0x0, 0xa, 0xf3, 0x0,
    0x0, 0x1, 0xfb, 0x0, 0x0, 0x0, 0x7f, 0x40,
    0x0, 0x0, 0xe, 0xd0, 0x0, 0x0, 0x0, 0xe5,
    0x0, 0x0, 0x0,

    /* U+007A "z" */
    0x6f, 0xff, 0xff, 0xf5, 0x39, 0x99, 0x9f, 0xf3,
    0x0, 0x0, 0x8f, 0x70, 0x0, 0x4, 0xfb, 0x0,
    0x0, 0x1e, 0xe1, 0x0, 0x0, 0xcf, 0x30, 0x0,
    0x8, 0xf7, 0x0, 0x0, 0x4f, 0xf9, 0x99, 0x94,
    0x6f, 0xff, 0xff, 0xf8,

    /* U+007B "{" */
    0x0, 0x2d, 0xf7, 0x0, 0x9d, 0x0, 0x0, 0xba,
    0x0, 0x0, 0xba, 0x0, 0x0, 0xba, 0x0, 0x0,
    0xd8, 0x0, 0x1a, 0xe2, 0x0, 0x19, 0xe2, 0x0,
    0x0, 0xd8, 0x0, 0x0, 0xba, 0x0, 0x0, 0xba,
    0x0, 0x0, 0xba, 0x0, 0x0, 0x9d, 0x0, 0x0,
    0x2d, 0xf7,

    /* U+007D "}" */
    0x3f, 0xe5, 0x0, 0x0, 0x9d, 0x0, 0x0, 0x6f,
    0x0, 0x0, 0x6f, 0x0, 0x0, 0x6f, 0x0, 0x0,
    0x4f, 0x10, 0x0, 0xc, 0xc3, 0x0, 0xc, 0xb3,
    0x0, 0x4f, 0x10, 0x0, 0x6f, 0x0, 0x0, 0x6f,
    0x0, 0x0, 0x6f, 0x0, 0x0, 0x9d, 0x0, 0x3f,
    0xe5, 0x0,

    /* U+007E "~" */
    0x0, 0x0, 0x0, 0x0, 0x0, 0xaf, 0xe8, 0x33,
    0xe2, 0x3d, 0x47, 0xcf, 0xfb, 0x0, 0x0, 0x0,
    0x12, 0x0,

    /* U+4E0B "下" */
    0x1f, 0xff, 0xff, 0xff, 0xff, 0xff, 0xf6, 0x6,
    0x77, 0x77, 0xbf, 0x77, 0x77, 0x62, 0x0, 0x0,
    0x0, 0x8e, 0x0, 0x0, 0x0, 0x0, 0x0, 0x0,
    0x8e, 0x0, 0x0, 0x0, 0x0, 0x0, 0x0, 0x8f,
    0x60, 0x0, 0x0, 0x0, 0x0, 0x0, 0x8f, 0xfb,
    0x10, 0x0, 0x0, 0x0, 0x0, 0x8e, 0x5e, 0xe5,
    0x0, 0x0, 0x0, 0x0, 0x8e, 0x1, 0xbf, 0xa0,
    0x0, 0x0, 0x0, 0x8e, 0x0, 0x7, 0xf5, 0x0,
    0x0, 0x0, 0x8e, 0x0, 0x0, 0x0, 0x0, 0x0,
    0x0, 0x8e, 0x0, 0x0, 0x0, 0x0, 0x0, 0x0,
    0x8e, 0x0, 0x0, 0x0, 0x0, 0x0, 0x0, 0x8e,
    0x0, 0x0, 0x0, 0x0, 0x0, 0x0, 0x6c, 0x0,
    0x0, 0x0,

    /* U+4E13 "专" */
    0x0, 0x0, 0x0, 0xb7, 0x0, 0x0, 0x0, 0x0,
    0x11, 0x13, 0xf7, 0x11, 0x11, 0x0, 0x4, 0xff,
    0xff, 0xff, 0xff, 0xff, 0xd0, 0x0, 0x55, 0x5e,
    0xc5, 0x55, 0x55, 0x30, 0x0, 0x0, 0x2f, 0x50,
    0x0, 0x0, 0x0, 0x1e, 0xff, 0xff, 0xff, 0xff,
    0xff, 0xf8, 0x7, 0x77, 0xfc, 0x77, 0x77, 0x77,
    0x73, 0x0, 0x3, 0xf5, 0x0, 0x0, 0x0, 0x0,
    0x0, 0x7, 0xff, 0xff, 0xff, 0xfe, 0x20, 0x0,
    0x2, 0x77, 0x77, 0x7a, 0xfe, 0x10, 0x0, 0x0,
    0x20, 0x0, 0x1e, 0xe2, 0x0, 0x0, 0x8, 0xfa,
    0x31, 0xdf, 0x30, 0x0, 0x0, 0x1, 0x8f, 0xfe,
    0xf4, 0x0, 0x0, 0x0, 0x0, 0x1, 0x8f, 0xfb,
    0x10, 0x0, 0x0, 0x0, 0x0, 0x1, 0x8e, 0x30,
    0x0,

    /* U+4E2D "中" */
    0x0, 0x0, 0x6, 0xc0, 0x0, 0x0, 0x0, 0x0,
    0x0, 0x8e, 0x0, 0x0, 0x0, 0x1, 0x11, 0x18,
    0xe1, 0x11, 0x10, 0xd, 0xff, 0xff, 0xff, 0xff,
    0xff, 0xf4, 0xfa, 0x55, 0x5b, 0xf5, 0x55, 0x6f,
    0x5f, 0x70, 0x0, 0x8e, 0x0, 0x1, 0xf5, 0xf7,
    0x0, 0x8, 0xe0, 0x0, 0x1f, 0x5f, 0x70, 0x0,
    0x8e, 0x0, 0x1, 0xf5, 0xcd, 0x77, 0x7b, 0xf7,
    0x77, 0x9f, 0x22, 0xcf, 0xff, 0xff, 0xff, 0xfe,
    0x60, 0x0, 0x0, 0x8, 0xe0, 0x0, 0x0, 0x0,
    0x0, 0x0, 0x8e, 0x0, 0x0, 0x0, 0x0, 0x0,
    0x8, 0xe0, 0x0, 0x0, 0x0, 0x0, 0x0, 0x8e,
    0x0, 0x0, 0x0, 0x0, 0x0, 0x5, 0xc0, 0x0,
    0x0, 0x0,

    /* U+503C "值" */
    0x0, 0x0, 0x0, 0x0, 0x0, 0x0, 0x0, 0x0,
    0x8, 0xa0, 0x0, 0x7a, 0x0, 0x0, 0x0, 0xd,
    0xbe, 0xff, 0xff, 0xff, 0xe1, 0x0, 0x2f, 0x66,
    0x77, 0xce, 0x77, 0x60, 0x0, 0x7f, 0x12, 0x99,
    0xde, 0x99, 0x20, 0x0, 0xdf, 0x7, 0xfd, 0xdd,
    0xdf, 0x80, 0x5, 0xff, 0x7, 0xf2, 0x22, 0xe,
    0x80, 0xe, 0xff, 0x7, 0xff, 0xff, 0x7e, 0x80,
    0x2e, 0x9f, 0x7, 0xf4, 0x44, 0xe, 0x80, 0x0,
    0x7f, 0x7, 0xfd, 0xdd, 0x5e, 0x80, 0x0, 0x7f,
    0x7, 0xfa, 0xa9, 0x3e, 0x80, 0x0, 0x7f, 0x7,
    0xf7, 0x77, 0x2e, 0x80, 0x0, 0x7f, 0x7, 0xff,
    0xff, 0x6e, 0x80, 0x0, 0x7f, 0x7, 0xf0, 0x0,
    0xe, 0x80, 0x0, 0x7f, 0x2b, 0xf7, 0x77, 0x7f,
    0xb2, 0x0, 0x4d, 0x8f, 0xff, 0xff, 0xff, 0xf8,

    /* U+5148 "先" */
    0x0, 0x0, 0x0, 0x1e, 0x30, 0x0, 0x0, 0x0,
    0x2e, 0x10, 0x2f, 0x40, 0x0, 0x0, 0x0, 0x6f,
    0x87, 0x8f, 0xa7, 0x77, 0x50, 0x0, 0xbf, 0xff,
    0xff, 0xff, 0xff, 0xd0, 0x4, 0xf4, 0x0, 0x2f,
    0x40, 0x0, 0x0, 0xd, 0xb0, 0x0, 0x2f, 0x40,
    0x0, 0x0, 0x8, 0x65, 0x55, 0x6f, 0x85, 0x55,
    0x51, 0x2f, 0xff, 0xff, 0xff, 0xff, 0xff, 0xf9,
    0x1, 0x11, 0xad, 0x11, 0x9e, 0x11, 0x10, 0x0,
    0x0, 0xca, 0x0, 0x8e, 0x0, 0x0, 0x0, 0x1,
    0xf7, 0x0, 0x8e, 0x0, 0x44, 0x0, 0x8, 0xf1,
    0x0, 0x8e, 0x0, 0xbb, 0x0, 0x5f, 0x80, 0x0,
    0x7e, 0x0, 0xbb, 0xa, 0xfa, 0x0, 0x0, 0x4f,
    0x87, 0xf7, 0x1e, 0x70, 0x0, 0x0, 0x8, 0xef,
    0xa0,

    /* U+5149 "光" */
    0x0, 0x0, 0x0, 0x6c, 0x0, 0x0, 0x0, 0x3,
    0xe2, 0x0, 0x8e, 0x0, 0xa, 0x90, 0x0, 0xeb,
    0x0, 0x8e, 0x0, 0x4f, 0x50, 0x0, 0x6f, 0x40,
    0x8e, 0x0, 0xdc, 0x0, 0x0, 0xc, 0xc0, 0x8e,
    0x6, 0xf3, 0x0, 0x0, 0x2, 0x40, 0x8e, 0x1,
    0x50, 0x0, 0xe, 0xff, 0xff, 0xff, 0xff, 0xff,
    0xf7, 0x6, 0x77, 0xce, 0x79, 0xf9, 0x77, 0x72,
    0x0, 0x0, 0xac, 0x3, 0xf4, 0x0, 0x0, 0x0,
    0x0, 0xca, 0x3, 0xf4, 0x0, 0x0, 0x0, 0x1,
    0xf7, 0x3, 0xf4, 0x0, 0x77, 0x0, 0x9, 0xf1,
    0x3, 0xf4, 0x0, 0xcb, 0x0, 0x6f, 0x80, 0x2,
    0xf4, 0x0, 0xcb, 0xa, 0xfa, 0x0, 0x0, 0xeb,
    0x77, 0xf7, 0x1e, 0x70, 0x0, 0x0, 0x4d, 0xff,
    0xa0,

    /* U+529F "功" */
    0x0, 0x0, 0x0, 0xa, 0x80, 0x0, 0x3, 0x77,
    0x76, 0x0, 0xca, 0x0, 0x0, 0x8f, 0xff, 0xe6,
    0x7e, 0xc7, 0x76, 0x0, 0xf, 0x80, 0xcf, 0xff,
    0xff, 0xf4, 0x0, 0xf8, 0x0, 0xe, 0x80, 0x2f,
    0x40, 0xf, 0x80, 0x0, 0xf7, 0x2, 0xf4, 0x0,
    0xf8, 0x0, 0x2f, 0x50, 0x2f, 0x40, 0xf, 0x80,
    0x4, 0xf3, 0x2, 0xf4, 0x0, 0xf8, 0x0, 0x8f,
    0x0, 0x2f, 0x40, 0xf, 0x85, 0x3c, 0xc0, 0x2,
    0xf4, 0x2, 0xff, 0xfa, 0xf7, 0x0, 0x2f, 0x49,
    0xff, 0x93, 0x9f, 0x10, 0x2, 0xf4, 0x66, 0x0,
    0x1f, 0xa0, 0x0, 0x5f, 0x30, 0x0, 0x9, 0xf2,
    0x0, 0x7e, 0xd0, 0x0, 0x0, 0x87, 0x0, 0x3f,
    0xc2, 0x0,

    /* U+542F "启" */
    0x0, 0x0, 0x0, 0x0, 0x0, 0x0, 0x0, 0x0,
    0x0, 0x4, 0xf1, 0x0, 0x0, 0x0, 0x14, 0x44,
    0x5f, 0x94, 0x44, 0x10, 0xa, 0xff, 0xff, 0xff,
    0xff, 0xf9, 0x0, 0xbc, 0x11, 0x11, 0x11, 0x1c,
    0xa0, 0xb, 0xb0, 0x0, 0x0, 0x0, 0xc9, 0x0,
    0xbd, 0x77, 0x77, 0x77, 0x7e, 0x70, 0xb, 0xfe,
    0xee, 0xee, 0xee, 0xa0, 0x0, 0xca, 0x0, 0x0,
    0x0, 0x0, 0x0, 0xd, 0x9b, 0xff, 0xff, 0xff,
    0xe4, 0x0, 0xe8, 0xeb, 0x77, 0x77, 0x7f, 0x70,
    0xf, 0x6e, 0x70, 0x0, 0x0, 0xe7, 0x3, 0xf3,
    0xe7, 0x0, 0x0, 0xe, 0x70, 0x7f, 0xe, 0x70,
    0x0, 0x0, 0xf7, 0xc, 0xb0, 0xbe, 0x99, 0x99,
    0xaf, 0x40, 0xd5, 0x2, 0xad, 0xdd, 0xdc, 0x70,

    /* U+56FE "图" */
    0xcf, 0xff, 0xff, 0xff, 0xff, 0xff, 0x2e, 0xb7,
    0x7f, 0xb7, 0x77, 0x78, 0xf4, 0xe8, 0x5, 0xff,
    0xff, 0xf8, 0x2f, 0x4e, 0x82, 0xee, 0x66, 0xcf,
    0x62, 0xf4, 0xe8, 0xde, 0xfa, 0x6f, 0xa0, 0x2f,
    0x4e, 0x87, 0x26, 0xff, 0xb0, 0x2, 0xf4, 0xe8,
    0x16, 0xdf, 0xdf, 0x93, 0x2f, 0x4e, 0xbf, 0xff,
    0x61, 0x6d, 0xfa, 0xf4, 0xe8, 0x41, 0x9c, 0xfe,
    0x83, 0x3f, 0x4e, 0x80, 0xfe, 0xa6, 0x43, 0x2,
    0xf4, 0xe8, 0x3, 0x7b, 0xff, 0xa1, 0x2f, 0x4e,
    0x80, 0x0, 0x0, 0x5a, 0x12, 0xf4, 0xbd, 0x77,
    0x77, 0x77, 0x77, 0xaf, 0x12, 0xcf, 0xff, 0xff,
    0xff, 0xfe, 0x50,

    /* U+591A "多" */
    0x0, 0x0, 0x0, 0x9b, 0x0, 0x0, 0x0, 0x0,
    0x0, 0x1c, 0xff, 0xff, 0xff, 0xd0, 0x0, 0x4,
    0xdd, 0x77, 0x77, 0xdf, 0x90, 0x1, 0x9f, 0xf9,
    0x0, 0xa, 0xf8, 0x0, 0x9, 0xf6, 0x9f, 0x65,
    0xef, 0x60, 0x0, 0x0, 0x10, 0x9, 0xef, 0xb2,
    0x0, 0x0, 0x2, 0x7b, 0xff, 0xb4, 0x60, 0x0,
    0x0, 0xc, 0xfc, 0x72, 0x4d, 0xfa, 0x77, 0x70,
    0x1, 0x0, 0x5c, 0xff, 0xff, 0xff, 0xf4, 0x2,
    0x8e, 0xff, 0x90, 0x0, 0x1e, 0xc0, 0xc, 0xe8,
    0x3a, 0xf6, 0x1, 0xde, 0x10, 0x0, 0x0, 0x0,
    0x78, 0x5e, 0xe2, 0x0, 0x0, 0x0, 0x0, 0x5c,
    0xfa, 0x10, 0x0, 0x4, 0x79, 0xbf, 0xfc, 0x40,
    0x0, 0x0, 0xd, 0xfd, 0xb7, 0x20, 0x0, 0x0,
    0x0,

    /* U+592A "太" */
    0x0, 0x0, 0x0, 0x5c, 0x0, 0x0, 0x0, 0x0,
    0x0, 0x0, 0x8f, 0x0, 0x0, 0x0, 0x0, 0x0,
    0x0, 0x8f, 0x0, 0x0, 0x0, 0x7, 0x77, 0x77,
    0xbf, 0x77, 0x77, 0x73, 0x1e, 0xff, 0xff, 0xff,
    0xff, 0xff, 0xf7, 0x0, 0x0, 0x0, 0xdf, 0x20,
    0x0, 0x0, 0x0, 0x0, 0x1, 0xff, 0x50, 0x0,
    0x0, 0x0, 0x0, 0x7, 0xfc, 0xb0, 0x0, 0x0,
    0x0, 0x0, 0x1e, 0x95, 0xf3, 0x0, 0x0, 0x0,
    0x0, 0x8f, 0x20, 0xdb, 0x0, 0x0, 0x0, 0x3,
    0xf8, 0x10, 0x4f, 0x50, 0x0, 0x0, 0xd, 0xd0,
    0xf8, 0xa, 0xf2, 0x0, 0x0, 0xaf, 0x20, 0x8f,
    0x30, 0xce, 0x20, 0xa, 0xf5, 0x0, 0xc, 0x80,
    0x1d, 0xe2, 0x2f, 0x50, 0x0, 0x0, 0x0, 0x1,
    0xb4, 0x0, 0x0, 0x0, 0x0, 0x0, 0x0, 0x0,

    /* U+5931 "失" */
    0x0, 0x5, 0x60, 0xe, 0x30, 0x0, 0x0, 0x0,
    0xd, 0xa0, 0x1f, 0x50, 0x0, 0x0, 0x0, 0x1f,
    0xb7, 0x8f, 0xa7, 0x77, 0x50, 0x0, 0x7f, 0xff,
    0xff, 0xff, 0xff, 0xc0, 0x0, 0xea, 0x0, 0x2f,
    0x40, 0x0, 0x0, 0x8, 0xf2, 0x0, 0x3f, 0x30,
    0x0, 0x0, 0x5, 0x60, 0x0, 0x5f, 0x10, 0x0,
    0x0, 0x6, 0x77, 0x77, 0xbf, 0x77, 0x77, 0x74,
    0x1e, 0xff, 0xff, 0xff, 0xff, 0xff, 0xfb, 0x0,
    0x0, 0x4, 0xfd, 0xe1, 0x0, 0x0, 0x0, 0x0,
    0xd, 0xc1, 0xeb, 0x0, 0x0, 0x0, 0x0, 0xaf,
    0x30, 0x3f, 0xa0, 0x0, 0x0, 0x1b, 0xf5, 0x0,
    0x5, 0xfb, 0x10, 0x5, 0xef, 0x40, 0x0, 0x0,
    0x4e, 0xe5, 0xf, 0xb2, 0x0, 0x0, 0x0, 0x1,
    0xac, 0x0, 0x0, 0x0, 0x0, 0x0, 0x0, 0x0,

    /* U+5BC6 "密" */
    0x0, 0x0, 0x0, 0x0, 0x0, 0x0, 0x0, 0x0,
    0x0, 0x0, 0xb9, 0x0, 0x0, 0x0, 0xb, 0xff,
    0xff, 0xff, 0xff, 0xff, 0xd0, 0xe, 0xb6, 0x66,
    0x97, 0x66, 0x6a, 0xf0, 0xe, 0x70, 0x0, 0xba,
    0x1, 0xa7, 0xf0, 0x4, 0x55, 0x20, 0x2f, 0x4d,
    0xe2, 0x40, 0x0, 0xc9, 0xe7, 0x4, 0xdd, 0x29,
    0x10, 0x3, 0xf2, 0xe8, 0x8f, 0xa1, 0x2c, 0xa0,
    0x7, 0xb3, 0xff, 0xb4, 0x7, 0xf2, 0xf4, 0x8,
    0xef, 0xcf, 0xff, 0xff, 0xa0, 0x53, 0xa, 0x71,
    0x3, 0x67, 0x74, 0x0, 0x0, 0x0, 0x0, 0x0,
    0x14, 0x0, 0x0, 0x0, 0x0, 0xb6, 0x0, 0x6f,
    0x0, 0xe, 0x40, 0x0, 0xc8, 0x0, 0x6f, 0x0,
    0xf, 0x60, 0x0, 0xbb, 0x66, 0xaf, 0x66, 0x6f,
    0x50, 0x0, 0x4e, 0xff, 0xff, 0xff, 0xfb, 0x0,

    /* U+5C4F "屏" */
    0x0, 0x9f, 0xff, 0xff, 0xff, 0xff, 0x90, 0x0,
    0xbc, 0x55, 0x55, 0x55, 0x5d, 0xa0, 0x0, 0xbf,
    0xff, 0xff, 0xff, 0xff, 0x60, 0x0, 0xbc, 0x66,
    0x86, 0x66, 0x83, 0x0, 0x0, 0xc9, 0x4, 0xf1,
    0x2, 0xf5, 0x0, 0x0, 0xc8, 0x47, 0xfa, 0x7c,
    0xf7, 0x40, 0x0, 0xd8, 0xaf, 0xff, 0xff, 0xff,
    0xa0, 0x0, 0xe6, 0x0, 0xe8, 0x7, 0xf0, 0x0,
    0x0, 0xf5, 0x56, 0xfb, 0x6a, 0xf6, 0x50, 0x2,
    0xf6, 0xff, 0xff, 0xff, 0xff, 0xf4, 0x5, 0xf0,
    0x4, 0xf4, 0x7, 0xf0, 0x0, 0x9, 0xd0, 0xc,
    0xe0, 0x7, 0xf0, 0x0, 0xe, 0x80, 0x9f, 0x40,
    0x7, 0xf0, 0x0, 0xe, 0x20, 0x95, 0x0, 0x4,
    0xc0, 0x0,

    /* U+5E38 "常" */
    0x3, 0xe2, 0x5, 0xd0, 0x9, 0xa0, 0x0, 0x2e,
    0xd2, 0x8f, 0x16, 0xf8, 0x10, 0xef, 0xff, 0xff,
    0xff, 0xff, 0xff, 0x5f, 0x94, 0x44, 0x44, 0x44,
    0x44, 0xf6, 0xf7, 0xaf, 0xff, 0xff, 0xfe, 0x5f,
    0x6e, 0x6d, 0xb7, 0x77, 0x77, 0xf7, 0xe5, 0x0,
    0xca, 0x33, 0x33, 0x3f, 0x60, 0x0, 0x5, 0xff,
    0xff, 0xff, 0xd0, 0x0, 0x0, 0x1, 0x39, 0xf3,
    0x20, 0x0, 0x1, 0xff, 0xff, 0xff, 0xff, 0xff,
    0x80, 0x3f, 0x85, 0x5a, 0xf5, 0x55, 0xba, 0x3,
    0xf4, 0x0, 0x7e, 0x0, 0x9, 0xa0, 0x2f, 0x30,
    0x7, 0xe0, 0x7, 0xe8, 0x0, 0x91, 0x0, 0x7e,
    0x0, 0xca, 0x0, 0x0, 0x0, 0x4, 0xc0, 0x0,
    0x0, 0x0,

    /* U+5E55 "幕" */
    0x0, 0x0, 0xc4, 0x0, 0x2e, 0x0, 0x0, 0xa,
    0xff, 0xff, 0xff, 0xff, 0xff, 0xe1, 0x2, 0x45,
    0xd8, 0x55, 0x6e, 0x64, 0x40, 0x0, 0x3f, 0xcc,
    0xcc, 0xcc, 0xe7, 0x0, 0x0, 0x4d, 0x5d, 0xdd,
    0xd8, 0x98, 0x0, 0x0, 0x3e, 0x56, 0x66, 0x65,
    0xc7, 0x0, 0x0, 0xb, 0xff, 0xff, 0xff, 0xd1,
    0x0, 0x1, 0x44, 0x4b, 0xf5, 0x44, 0x44, 0x30,
    0x9, 0xff, 0xff, 0xff, 0xff, 0xff, 0xf0, 0x0,
    0x2c, 0xe3, 0x45, 0x1b, 0xe4, 0x0, 0x7, 0xff,
    0xff, 0xff, 0xff, 0xff, 0xa1, 0xd, 0x6e, 0x95,
    0xbd, 0x57, 0xf7, 0xc6, 0x0, 0xe, 0x60, 0x9b,
    0x7, 0xf1, 0x0, 0x0, 0xc, 0x40, 0x9b, 0x1e,
    0x90, 0x0, 0x0, 0x0, 0x0, 0x79, 0x0, 0x0,
    0x0,

    /* U+5EA6 "度" */
    0x0, 0x0, 0x0, 0x1e, 0x20, 0x0, 0x0, 0x0,
    0x57, 0x77, 0x7f, 0xc7, 0x77, 0x60, 0x0, 0xff,
    0xff, 0xff, 0xff, 0xff, 0xe3, 0x1, 0xf5, 0x5,
    0x80, 0x0, 0x75, 0x0, 0x1, 0xf8, 0xdf, 0xfd,
    0xdd, 0xff, 0xd2, 0x1, 0xf6, 0x7c, 0xe8, 0x88,
    0xed, 0x81, 0x2, 0xf4, 0x8, 0xe7, 0x77, 0xe8,
    0x0, 0x3, 0xf4, 0x1, 0xce, 0xfe, 0xc1, 0x0,
    0x4, 0xf2, 0x5, 0x66, 0x66, 0x65, 0x0, 0x5,
    0xf1, 0xf, 0xff, 0xff, 0xff, 0x10, 0x7, 0xf0,
    0xa, 0x51, 0x14, 0xf9, 0x0, 0xa, 0xc0, 0x1d,
    0xfb, 0x6f, 0xc0, 0x0, 0xe, 0x90, 0x0, 0xbf,
    0xff, 0x60, 0x0, 0x4f, 0x44, 0xbf, 0xfc, 0x8d,
    0xff, 0xb4, 0x5d, 0x7, 0xc8, 0x30, 0x0, 0x37,
    0xc8,

    /* U+5EFA "建" */
    0x0, 0x0, 0x0, 0x0, 0x8a, 0x0, 0x0, 0xd,
    0xff, 0xd2, 0xef, 0xff, 0xff, 0xa0, 0x5, 0x6f,
    0xc0, 0x66, 0xce, 0x6b, 0xd0, 0x0, 0x4f, 0x47,
    0xaa, 0xde, 0xad, 0xe6, 0x0, 0xcc, 0xa, 0xcc,
    0xef, 0xce, 0xf8, 0x4, 0xf9, 0x40, 0x33, 0xbd,
    0x3c, 0xb0, 0x7, 0xff, 0xf4, 0xff, 0xff, 0xfe,
    0x30, 0x0, 0x6, 0xe0, 0x12, 0xbd, 0x10, 0x0,
    0x5, 0x19, 0xc7, 0xee, 0xff, 0xee, 0x90, 0xe,
    0x8e, 0x81, 0x55, 0xcd, 0x55, 0x20, 0x8, 0xff,
    0x6e, 0xee, 0xff, 0xee, 0xe5, 0x1, 0xfd, 0x16,
    0x77, 0xce, 0x77, 0x71, 0x4, 0xff, 0x60, 0x0,
    0xac, 0x0, 0x0, 0xe, 0xdb, 0xfc, 0x76, 0xbd,
    0x66, 0x62, 0x2e, 0x30, 0x5b, 0xef, 0xff, 0xff,
    0xf9,

    /* U+5F00 "开" */
    0x7, 0xff, 0xff, 0xff, 0xff, 0xff, 0xe0, 0x2,
    0x67, 0xfb, 0x77, 0x7e, 0xc7, 0x50, 0x0, 0x0,
    0xe8, 0x0, 0xc, 0xa0, 0x0, 0x0, 0x0, 0xe8,
    0x0, 0xc, 0xa0, 0x0, 0x0, 0x0, 0xf7, 0x0,
    0xc, 0xa0, 0x0, 0x5, 0x55, 0xfa, 0x55, 0x5d,
    0xc5, 0x53, 0x6f, 0xff, 0xff, 0xff, 0xff, 0xff,
    0xfc, 0x1, 0x13, 0xf6, 0x11, 0x1c, 0xb1, 0x10,
    0x0, 0x3, 0xf3, 0x0, 0xc, 0xa0, 0x0, 0x0,
    0x7, 0xf0, 0x0, 0xc, 0xa0, 0x0, 0x0, 0xc,
    0xc0, 0x0, 0xc, 0xa0, 0x0, 0x0, 0x4f, 0x50,
    0x0, 0xc, 0xa0, 0x0, 0x3, 0xfc, 0x0, 0x0,
    0xc, 0xa0, 0x0, 0x7, 0xc1, 0x0, 0x0, 0xa,
    0x70, 0x0,

    /* U+6001 "态" */
    0x0, 0x0, 0x0, 0x1, 0x0, 0x0, 0x0, 0x0,
    0x0, 0x0, 0x8c, 0x0, 0x0, 0x0, 0x0, 0x22,
    0x22, 0xdb, 0x22, 0x22, 0x0, 0x5, 0xff, 0xff,
    0xff, 0xff, 0xff, 0xc0, 0x0, 0x33, 0x3d, 0xed,
    0xe4, 0x33, 0x10, 0x0, 0x0, 0x6f, 0x62, 0xfb,
    0x0, 0x0, 0x0, 0x6, 0xfa, 0x71, 0x4f, 0xb1,
    0x0, 0x0, 0x9f, 0xb0, 0xdb, 0x4, 0xfd, 0x30,
    0xc, 0xf8, 0x0, 0x4f, 0x20, 0x2d, 0xf3, 0x6,
    0x20, 0x0, 0x2, 0x0, 0x0, 0x61, 0x0, 0x61,
    0xe2, 0x7c, 0x0, 0x8, 0x0, 0x3, 0xf4, 0xf4,
    0x3f, 0x70, 0x1f, 0x60, 0x6, 0xf2, 0xf4, 0x8,
    0xf0, 0xa, 0xc0, 0x9, 0xd1, 0xf4, 0x0, 0x61,
    0xc6, 0xf1, 0xe, 0x80, 0xfa, 0x66, 0x68, 0xf3,
    0xf5, 0x5, 0x10, 0x6e, 0xff, 0xfe, 0x80, 0x41,

    /* U+6210 "成" */
    0x0, 0x0, 0x0, 0x0, 0x0, 0x0, 0x0, 0x0,
    0x0, 0x0, 0x4, 0xd3, 0xe6, 0x0, 0x0, 0x0,
    0x0, 0x5, 0xf1, 0xaf, 0x10, 0x0, 0x67, 0x77,
    0x7a, 0xf8, 0x79, 0x71, 0x2, 0xff, 0xff, 0xff,
    0xff, 0xff, 0xe4, 0x2, 0xf4, 0x0, 0x3, 0xf2,
    0x0, 0x0, 0x2, 0xf9, 0x66, 0x52, 0xf4, 0x3,
    0x40, 0x2, 0xff, 0xff, 0xf3, 0xf5, 0xd, 0xa0,
    0x2, 0xf4, 0x4, 0xf2, 0xe7, 0x6f, 0x30, 0x3,
    0xf3, 0x4, 0xf2, 0xbb, 0xeb, 0x0, 0x3, 0xf3,
    0x4, 0xf2, 0x8f, 0xf2, 0x0, 0x4, 0xf1, 0x5,
    0xf1, 0x5f, 0x70, 0x13, 0x6, 0xf0, 0xaf, 0xc0,
    0xdf, 0x70, 0x7d, 0x8, 0xe0, 0x66, 0xb, 0xeb,
    0xd0, 0x8d, 0xd, 0xa0, 0x0, 0x9f, 0x42, 0xf9,
    0xda, 0xf, 0x60, 0x0, 0xe6, 0x0, 0x5e, 0xd2,
    0x1, 0x0, 0x0, 0x0, 0x0, 0x0, 0x0,

    /* U+624B "手" */
    0x0, 0x0, 0x0, 0x12, 0x35, 0x67, 0x20, 0x1,
    0xce, 0xff, 0xff, 0xff, 0xff, 0x60, 0x0, 0x99,
    0x87, 0x9f, 0x52, 0x10, 0x0, 0x0, 0x0, 0x0,
    0x5f, 0x10, 0x0, 0x0, 0x0, 0x45, 0x55, 0x8f,
    0x65, 0x55, 0x20, 0x6, 0xff, 0xff, 0xff, 0xff,
    0xff, 0xc0, 0x0, 0x12, 0x22, 0x6f, 0x32, 0x22,
    0x0, 0x0, 0x0, 0x0, 0x5f, 0x10, 0x0, 0x0,
    0x7, 0x77, 0x77, 0xaf, 0x87, 0x77, 0x73, 0x3e,
    0xff, 0xff, 0xff, 0xff, 0xff, 0xf9, 0x0, 0x0,
    0x0, 0x5f, 0x10, 0x0, 0x0, 0x0, 0x0, 0x0,
    0x5f, 0x10, 0x0, 0x0, 0x0, 0x0, 0x0, 0x6f,
    0x0, 0x0, 0x0, 0x0, 0x0, 0x17, 0xdc, 0x0,
    0x0, 0x0, 0x0, 0x0, 0x4f, 0xb2, 0x0, 0x0,
    0x0,

    /* U+63A5 "接" */
    0x0, 0x6c, 0x0, 0x0, 0x8b, 0x0, 0x0, 0x0,
    0x8e, 0x0, 0x56, 0x9f, 0x86, 0x51, 0x0, 0x8e,
    0x2, 0xff, 0xff, 0xff, 0xf7, 0xd, 0xff, 0xe6,
    0x2a, 0x11, 0x1a, 0x40, 0x8, 0xdf, 0x93, 0x3f,
    0x60, 0x5f, 0x50, 0x0, 0x8e, 0x5, 0x7e, 0xe7,
    0xef, 0x75, 0x0, 0x8e, 0xc, 0xff, 0xff, 0xff,
    0xfc, 0x0, 0x8f, 0xd6, 0x0, 0x96, 0x0, 0x0,
    0x9, 0xff, 0xb7, 0x79, 0xfc, 0x77, 0x75, 0x1d,
    0xde, 0xc, 0xff, 0xff, 0xff, 0xfc, 0x0, 0x8e,
    0x0, 0xce, 0x10, 0x8f, 0x20, 0x0, 0x8e, 0x0,
    0xef, 0xa6, 0xf8, 0x0, 0x0, 0x8e, 0x0, 0x7,
    0xff, 0xf3, 0x0, 0x6, 0xdb, 0x5, 0xae, 0xfa,
    0xef, 0xb2, 0x1e, 0xb1, 0xb, 0xd9, 0x10, 0x6,
    0xe7,

    /* U+6652 "晒" */
    0x5, 0x66, 0x4c, 0xff, 0xff, 0xff, 0xf9, 0x2f,
    0xff, 0xe4, 0x7a, 0xfa, 0xf7, 0x73, 0x2f, 0x37,
    0xe0, 0x5, 0xf6, 0xf0, 0x0, 0x2f, 0x37, 0xe2,
    0x9b, 0xfc, 0xf9, 0x91, 0x2f, 0x37, 0xe7, 0xfc,
    0xfd, 0xfb, 0xf4, 0x2f, 0xff, 0xe7, 0xe5, 0xf6,
    0xf2, 0xf4, 0x2f, 0x8a, 0xe7, 0xe6, 0xf5, 0xf2,
    0xf4, 0x2f, 0x37, 0xe7, 0xeb, 0xb5, 0xf2, 0xf4,
    0x2f, 0x37, 0xe7, 0xff, 0x44, 0xff, 0xf4, 0x2f,
    0x37, 0xe7, 0xf3, 0x0, 0x58, 0xf4, 0xf, 0xbc,
    0xc7, 0xe0, 0x0, 0x1, 0xf4, 0x6, 0xcc, 0x37,
    0xe0, 0x0, 0x1, 0xf4, 0x0, 0x0, 0x3, 0xf8,
    0x77, 0x7a, 0xf1, 0x0, 0x0, 0x0, 0x7e, 0xff,
    0xfe, 0x50,

    /* U+673A "机" */
    0x0, 0xc, 0x40, 0x0, 0x0, 0x0, 0x0, 0x0,
    0xf, 0x60, 0xd, 0xff, 0xf4, 0x0, 0x0, 0xf,
    0x60, 0xf, 0x86, 0xf7, 0x0, 0xc, 0xff, 0xff,
    0x6f, 0x40, 0xe7, 0x0, 0x5, 0xaf, 0xb7, 0x2f,
    0x40, 0xe7, 0x0, 0x0, 0x8f, 0x70, 0xf, 0x40,
    0xe7, 0x0, 0x0, 0xdf, 0xf3, 0x1f, 0x40, 0xe7,
    0x0, 0x3, 0xff, 0xfe, 0x3f, 0x30, 0xe7, 0x0,
    0xb, 0xcf, 0x8c, 0x5f, 0x20, 0xe7, 0x0, 0x2f,
    0x5f, 0x60, 0x4f, 0x0, 0xe7, 0x0, 0x6d, 0xf,
    0x60, 0x7f, 0x0, 0xe7, 0x0, 0x0, 0xf, 0x60,
    0xab, 0x0, 0xe7, 0x53, 0x0, 0xf, 0x60, 0xf8,
    0x0, 0xe7, 0xc8, 0x0, 0xf, 0x67, 0xf2, 0x0,
    0xdb, 0xe7, 0x0, 0xc, 0x44, 0x70, 0x0, 0x6f,
    0xd1,

    /* U+690D "植" */
    0x0, 0x0, 0x0, 0x0, 0x0, 0x0, 0x0, 0x0,
    0x1f, 0x20, 0x0, 0x5c, 0x0, 0x0, 0x0, 0x2f,
    0x34, 0xaa, 0xdf, 0xaa, 0x90, 0x1, 0x5f, 0x68,
    0xdd, 0xef, 0xdd, 0xc0, 0xd, 0xff, 0xfc, 0x24,
    0xaf, 0x44, 0x0, 0x1, 0x9f, 0x51, 0xdf, 0xff,
    0xff, 0x70, 0x0, 0xcf, 0x50, 0xe9, 0x11, 0x1e,
    0x80, 0x2, 0xff, 0xe0, 0xef, 0xff, 0x6e, 0x80,
    0x8, 0xff, 0xf8, 0xec, 0x77, 0x2e, 0x80, 0xe,
    0xaf, 0x76, 0xed, 0x99, 0x3e, 0x80, 0x6f, 0x4f,
    0x30, 0xef, 0xee, 0x5e, 0x80, 0x36, 0x2f, 0x30,
    0xea, 0x33, 0xe, 0x80, 0x0, 0x2f, 0x30, 0xef,
    0xff, 0x7e, 0x80, 0x0, 0x2f, 0x30, 0xea, 0x33,
    0xe, 0x80, 0x0, 0x2f, 0x36, 0xec, 0x77, 0x7f,
    0xb2, 0x0, 0x1e, 0x2f, 0xff, 0xff, 0xff, 0xf7,

    /* U+6B63 "正" */
    0x6, 0xff, 0xff, 0xff, 0xff, 0xff, 0xe0, 0x2,
    0x67, 0x77, 0x8f, 0x97, 0x77, 0x50, 0x0, 0x0,
    0x0, 0x2f, 0x40, 0x0, 0x0, 0x0, 0x0, 0x0,
    0x2f, 0x40, 0x0, 0x0, 0x0, 0x2d, 0x10, 0x2f,
    0x40, 0x0, 0x0, 0x0, 0x4f, 0x20, 0x2f, 0xa7,
    0x77, 0x0, 0x0, 0x4f, 0x20, 0x2f, 0xff, 0xfe,
    0x30, 0x0, 0x4f, 0x20, 0x2f, 0x40, 0x0, 0x0,
    0x0, 0x4f, 0x20, 0x2f, 0x40, 0x0, 0x0, 0x0,
    0x4f, 0x20, 0x2f, 0x40, 0x0, 0x0, 0x0, 0x4f,
    0x20, 0x2f, 0x40, 0x0, 0x0, 0x2, 0x6f, 0x53,
    0x5f, 0x73, 0x33, 0x30, 0x2f, 0xff, 0xff, 0xff,
    0xff, 0xff, 0xfa, 0x2, 0x33, 0x33, 0x33, 0x33,
    0x33, 0x30,

    /* U+6C2E "氮" */
    0x0, 0x8a, 0x0, 0x0, 0x0, 0x0, 0x0, 0x0,
    0xef, 0xff, 0xff, 0xff, 0xf9, 0x0, 0x8, 0xf6,
    0x66, 0x66, 0x66, 0x62, 0x0, 0x5f, 0x8f, 0xff,
    0xff, 0xff, 0xe0, 0x0, 0xaa, 0x36, 0x77, 0x77,
    0x77, 0x40, 0x0, 0x2, 0xff, 0xff, 0xff, 0xff,
    0xe0, 0x0, 0x6, 0x41, 0x78, 0x19, 0x37, 0xe0,
    0x0, 0x9, 0xe0, 0xe9, 0x6f, 0x26, 0xe0, 0x0,
    0x0, 0x8c, 0xff, 0xc6, 0x6, 0xf0, 0x0, 0x3d,
    0xfc, 0x25, 0xcf, 0xa6, 0xf0, 0x0, 0x2a, 0x50,
    0xa8, 0x9, 0x96, 0xf0, 0x0, 0x9, 0xd1, 0xf6,
    0x8e, 0x3, 0xf2, 0x70, 0x0, 0x7b, 0xff, 0xd5,
    0x1, 0xfb, 0xf0, 0x3b, 0xfe, 0x45, 0xcf, 0xa0,
    0xcf, 0xb0, 0x5a, 0x61, 0x0, 0x4, 0xa0, 0x28,
    0x20,

    /* U+6C34 "水" */
    0x0, 0x0, 0x0, 0x5c, 0x0, 0x0, 0x0, 0x0,
    0x0, 0x0, 0x7f, 0x0, 0x0, 0x0, 0x0, 0x0,
    0x0, 0x7f, 0x0, 0x0, 0x50, 0x17, 0x88, 0x86,
    0x7f, 0x10, 0x9, 0xf3, 0x3e, 0xff, 0xff, 0x7f,
    0x60, 0xaf, 0x60, 0x0, 0x0, 0x9d, 0x7f, 0xdd,
    0xf5, 0x0, 0x0, 0x0, 0xda, 0x7f, 0xfd, 0x30,
    0x0, 0x0, 0x2, 0xf5, 0x7f, 0xcd, 0x0, 0x0,
    0x0, 0x8, 0xe0, 0x7f, 0x2f, 0x80, 0x0, 0x0,
    0x1f, 0x80, 0x7f, 0x7, 0xf4, 0x0, 0x0, 0xbe,
    0x0, 0x7f, 0x0, 0xbf, 0x20, 0xa, 0xf5, 0x0,
    0x7f, 0x0, 0x1d, 0xe3, 0x2f, 0x60, 0x0, 0x8e,
    0x0, 0x1, 0xcb, 0x1, 0x0, 0x17, 0xea, 0x0,
    0x0, 0x0, 0x0, 0x0, 0x6f, 0xa1, 0x0, 0x0,
    0x0,

    /* U+6D47 "浇" */
    0x0, 0x0, 0x0, 0x45, 0x0, 0x0, 0x0, 0x7,
    0xc1, 0x0, 0x8c, 0x0, 0x4, 0x40, 0x2, 0xec,
    0x0, 0x7f, 0x9d, 0xff, 0xb0, 0x0, 0x3a, 0x3f,
    0xff, 0xc7, 0x47, 0x30, 0x5, 0x10, 0x3, 0x19,
    0xd3, 0xcf, 0x40, 0xe, 0xd2, 0x0, 0x7, 0xff,
    0xb4, 0xa0, 0x1, 0xcc, 0x2b, 0xff, 0xaf, 0x9a,
    0xe0, 0x0, 0x0, 0x17, 0x40, 0x3, 0xab, 0x30,
    0x0, 0x27, 0x5f, 0xff, 0xff, 0xff, 0xe1, 0x0,
    0xad, 0x17, 0xaf, 0x8f, 0xc7, 0x60, 0x0, 0xe9,
    0x0, 0xad, 0xe, 0x80, 0x0, 0x4, 0xf4, 0x3,
    0xf7, 0xe, 0x80, 0xb4, 0x9, 0xe0, 0x1d, 0xd0,
    0xe, 0x80, 0xf7, 0xd, 0xa0, 0xde, 0x20, 0xb,
    0xe9, 0xf4, 0xe, 0x40, 0x52, 0x0, 0x2, 0xcf,
    0x90,

    /* U+6E29 "温" */
    0x1, 0x10, 0x0, 0x0, 0x0, 0x0, 0x0, 0x8,
    0xf3, 0xe, 0xff, 0xff, 0xfd, 0x0, 0x0, 0xaf,
    0x3f, 0x86, 0x66, 0xaf, 0x0, 0x0, 0x5, 0x2f,
    0x8e, 0xfe, 0x8f, 0x0, 0xd, 0x40, 0x1f, 0x55,
    0x54, 0x7f, 0x0, 0xb, 0xf3, 0xd, 0xd9, 0x99,
    0xdc, 0x0, 0x0, 0xcb, 0x3, 0xbd, 0xdd, 0xa2,
    0x0, 0x0, 0x1, 0x2, 0x55, 0x55, 0x52, 0x0,
    0x0, 0x13, 0x3f, 0xff, 0xff, 0xff, 0x40, 0x0,
    0x8d, 0x7e, 0x3f, 0x2f, 0x6d, 0x80, 0x0, 0xe9,
    0x8d, 0x3f, 0x2f, 0x5c, 0x90, 0x3, 0xf3, 0x8d,
    0x3f, 0x2f, 0x5c, 0x90, 0x9, 0xe0, 0x8d, 0x3f,
    0x2f, 0x5c, 0x90, 0xe, 0x82, 0xae, 0x7f, 0x7f,
    0x9d, 0xb1, 0x5, 0x19, 0xff, 0xff, 0xff, 0xff,
    0xf8,

    /* U+6E7F "湿" */
    0x4, 0x50, 0x0, 0x0, 0x0, 0x0, 0x0, 0x8,
    0xf6, 0x3f, 0xff, 0xff, 0xff, 0xa0, 0x0, 0x9f,
    0x7f, 0x66, 0x66, 0x6b, 0xc0, 0x0, 0x4, 0x5f,
    0xcc, 0xcc, 0xce, 0xc0, 0x1f, 0x50, 0x4f, 0x53,
    0x33, 0x3c, 0xc0, 0xb, 0xf3, 0xd, 0xff, 0xff,
    0xff, 0x60, 0x0, 0xcd, 0x0, 0x56, 0x66, 0x63,
    0x0, 0x0, 0x13, 0x0, 0x1, 0x0, 0x0, 0x0,
    0x0, 0x0, 0x89, 0x2f, 0x2b, 0xa0, 0x70, 0x0,
    0x9c, 0x7e, 0x3f, 0x3c, 0xb5, 0xf0, 0x0, 0xe9,
    0x3f, 0x6f, 0x3c, 0xb9, 0xb0, 0x3, 0xf5, 0xe,
    0x9f, 0x3c, 0xbd, 0x70, 0x7, 0xf0, 0x2, 0x4f,
    0x3c, 0xb9, 0x20, 0xc, 0xb0, 0x67, 0x9f, 0x8d,
    0xd7, 0x62, 0xf, 0x61, 0xff, 0xff, 0xff, 0xff,
    0xf8, 0x1, 0x0, 0x0, 0x0, 0x0, 0x0, 0x0,

    /* U+7167 "照" */
    0x0, 0x0, 0x0, 0x0, 0x0, 0x0, 0x0, 0xc,
    0xff, 0xf6, 0xaf, 0xff, 0xff, 0xf3, 0xe, 0xb7,
    0xf8, 0x36, 0xfb, 0x67, 0xf5, 0xe, 0x80, 0xe8,
    0x3, 0xf4, 0x2, 0xf4, 0xe, 0x93, 0xf8, 0x6e,
    0xb0, 0x5c, 0xe1, 0xe, 0xff, 0xf8, 0x89, 0x22,
    0x8b, 0x40, 0xe, 0x81, 0xe8, 0x8f, 0xff, 0xff,
    0xf3, 0xe, 0x80, 0xe8, 0x9e, 0x55, 0x56, 0xf4,
    0xe, 0x80, 0xf7, 0x9d, 0x0, 0x2, 0xf4, 0xa,
    0xfe, 0xf3, 0x5f, 0xff, 0xff, 0xf1, 0x0, 0x67,
    0x30, 0x4, 0x87, 0x77, 0x20, 0x0, 0xd7, 0x6e,
    0x10, 0xf6, 0xe, 0x70, 0x4, 0xf4, 0x1f, 0x90,
    0xae, 0x9, 0xf1, 0xd, 0xc0, 0x8, 0xf0, 0x2f,
    0x51, 0xf7, 0x2d, 0x20, 0x2, 0xe1, 0xb, 0x70,
    0xa8,

    /* U+7259 "牙" */
    0x7, 0xff, 0xff, 0xff, 0xff, 0xff, 0xe0, 0x2,
    0x7c, 0x77, 0x77, 0xaf, 0x77, 0x50, 0x0, 0x5f,
    0x10, 0x0, 0x5f, 0x10, 0x0, 0x0, 0xbc, 0x0,
    0x0, 0x5f, 0x10, 0x0, 0x1, 0xf8, 0x33, 0x33,
    0x7f, 0x43, 0x20, 0x5, 0xff, 0xff, 0xff, 0xff,
    0xff, 0xf3, 0x0, 0x33, 0x33, 0x5f, 0xff, 0x43,
    0x30, 0x0, 0x0, 0x0, 0xcf, 0x8f, 0x10, 0x0,
    0x0, 0x0, 0xa, 0xf7, 0x5f, 0x10, 0x0, 0x0,
    0x0, 0xaf, 0x90, 0x5f, 0x10, 0x0, 0x0, 0x2c,
    0xf9, 0x0, 0x5f, 0x10, 0x0, 0x6, 0xff, 0x70,
    0x0, 0x6f, 0x0, 0x0, 0x2f, 0xd3, 0x0, 0x27,
    0xec, 0x0, 0x0, 0x3, 0x0, 0x0, 0x6f, 0xb2,
    0x0, 0x0,

    /* U+7269 "物" */
    0x0, 0xc, 0x50, 0x2, 0xd1, 0x0, 0x0, 0x0,
    0xf, 0x70, 0x7, 0xf0, 0x0, 0x0, 0x2d, 0x1f,
    0x70, 0xc, 0xfd, 0xdd, 0xd4, 0x5f, 0x1f, 0xa5,
    0x3f, 0xb9, 0x99, 0xf8, 0x6f, 0x1f, 0xfc, 0xae,
    0x43, 0x43, 0xe8, 0x7f, 0xdf, 0xb1, 0xf6, 0xc9,
    0xc9, 0xe8, 0x7f, 0xbf, 0x70, 0x30, 0xf6, 0xf6,
    0xe8, 0x14, 0xf, 0x87, 0x15, 0xf4, 0xf4, 0xe8,
    0x0, 0xf, 0xff, 0x2b, 0xb7, 0xf0, 0xe8, 0x2,
    0xcf, 0xb1, 0x4f, 0x4c, 0xa0, 0xe8, 0x5f, 0xdf,
    0x70, 0xcb, 0x3f, 0x40, 0xe8, 0x27, 0xf, 0x70,
    0x41, 0xbc, 0x0, 0xf7, 0x0, 0xf, 0x70, 0x6,
    0xf4, 0x3, 0xf4, 0x0, 0xf, 0x70, 0xd, 0x91,
    0x8e, 0xc0, 0x0, 0xc, 0x50, 0x0, 0x6, 0xfa,
    0x10,

    /* U+72B6 "状" */
    0x0, 0xa, 0x40, 0x0, 0xc6, 0x0, 0x0, 0x0,
    0xe, 0x80, 0x0, 0xe8, 0xc7, 0x0, 0x0, 0xe,
    0x80, 0x0, 0xe8, 0x8f, 0x30, 0x2f, 0x7e, 0x80,
    0x0, 0xe8, 0xb, 0x50, 0x9, 0xff, 0x8a, 0xff,
    0xff, 0xff, 0xb0, 0x0, 0x7f, 0x84, 0x78, 0xfe,
    0x77, 0x40, 0x0, 0xe, 0x80, 0x4, 0xfe, 0x0,
    0x0, 0x0, 0xe, 0x80, 0x7, 0xff, 0x20, 0x0,
    0x0, 0x4f, 0x80, 0xc, 0xdf, 0x70, 0x0, 0x6,
    0xff, 0x80, 0x1f, 0x7a, 0xd0, 0x0, 0x4f, 0x9e,
    0x80, 0x7f, 0x24, 0xf4, 0x0, 0x4, 0xe, 0x80,
    0xeb, 0x0, 0xcd, 0x0, 0x0, 0xe, 0x88, 0xf2,
    0x0, 0x3f, 0x70, 0x0, 0xe, 0xbf, 0x80, 0x0,
    0x8, 0xf3, 0x0, 0xc, 0x89, 0x0, 0x0, 0x0,
    0x82,

    /* U+7528 "用" */
    0x4, 0xff, 0xff, 0xff, 0xff, 0xff, 0xc0, 0x6f,
    0x77, 0x7b, 0xf7, 0x77, 0xbe, 0x6, 0xf1, 0x0,
    0x8e, 0x0, 0x8, 0xe0, 0x6f, 0x17, 0x7c, 0xf7,
    0x73, 0x8e, 0x6, 0xf4, 0xef, 0xff, 0xff, 0x98,
    0xe0, 0x6f, 0x10, 0x8, 0xe0, 0x0, 0x8e, 0x6,
    0xf1, 0x0, 0x8e, 0x0, 0x8, 0xe0, 0x6f, 0x17,
    0x7c, 0xf7, 0x73, 0x8e, 0x6, 0xf3, 0xef, 0xff,
    0xff, 0x98, 0xe0, 0x6f, 0x0, 0x8, 0xe0, 0x0,
    0x8e, 0x8, 0xe0, 0x0, 0x8e, 0x0, 0x8, 0xe0,
    0xbb, 0x0, 0x8, 0xe0, 0x0, 0x8e, 0x2f, 0x60,
    0x0, 0x8e, 0x0, 0x6d, 0xb5, 0xd0, 0x0, 0x6,
    0xc0, 0x2e, 0xc2,

    /* U+7801 "码" */
    0x0, 0x0, 0x0, 0x0, 0x0, 0x0, 0x0, 0xa,
    0xff, 0xfe, 0x7f, 0xff, 0xff, 0x90, 0x3, 0x7f,
    0x65, 0x15, 0x66, 0x6f, 0x60, 0x0, 0x6e, 0x0,
    0x6, 0x90, 0x3f, 0x30, 0x0, 0xa9, 0x0, 0xb,
    0xb0, 0x4f, 0x10, 0x0, 0xfc, 0x96, 0xe, 0x80,
    0x6f, 0x0, 0x6, 0xfd, 0xde, 0xf, 0xa7, 0xbe,
    0x60, 0xd, 0xf6, 0x6f, 0x1e, 0xff, 0xff, 0xf4,
    0x2f, 0xf6, 0x6f, 0x0, 0x0, 0x2, 0xf4, 0x0,
    0xe6, 0x6f, 0x24, 0x44, 0x33, 0xf3, 0x0, 0xe6,
    0x6f, 0xcf, 0xff, 0xf5, 0xf2, 0x0, 0xe7, 0x6e,
    0x1, 0x11, 0x14, 0xf1, 0x0, 0xbf, 0xfc, 0x0,
    0x0, 0x7, 0xf0, 0x0, 0x16, 0x61, 0x0, 0x3,
    0x7e, 0xa0, 0x0, 0x0, 0x0, 0x0, 0xa, 0xfb,
    0x10,

    /* U+78F7 "磷" */
    0x0, 0x0, 0x0, 0xc2, 0x6b, 0xb, 0x30, 0x9,
    0xcc, 0xc4, 0xbc, 0x8d, 0x8e, 0x10, 0x6, 0xcd,
    0x84, 0x6a, 0xae, 0x87, 0x40, 0x0, 0xb8, 0xa,
    0xff, 0xff, 0xff, 0xf3, 0x0, 0xe5, 0x0, 0x1d,
    0xff, 0xf4, 0x0, 0x3, 0xf6, 0x44, 0xed, 0xad,
    0x8f, 0x80, 0x9, 0xff, 0xfb, 0xb2, 0x8d, 0x7,
    0xc1, 0x1f, 0xf4, 0xf2, 0xca, 0x33, 0x3f, 0x40,
    0x4e, 0xf4, 0xf4, 0xff, 0xfc, 0xff, 0xf3, 0x2,
    0xf4, 0xfc, 0xe5, 0xf4, 0x5f, 0x40, 0x2, 0xf4,
    0xff, 0xee, 0xbd, 0x7f, 0x30, 0x2, 0xf4, 0xf3,
    0x2f, 0x6f, 0xff, 0xf5, 0x1, 0xfa, 0xf1, 0x9e,
    0x5, 0x7f, 0x81, 0x0, 0x7d, 0x76, 0xf4, 0x0,
    0x1f, 0x30, 0x0, 0x0, 0xb, 0x70, 0x0, 0xe,
    0x20, 0x0, 0x0, 0x0, 0x0, 0x0, 0x0, 0x0,

    /* U+7EDC "络" */
    0x0, 0x0, 0x0, 0x0, 0x43, 0x0, 0x0, 0x0,
    0x0, 0xb8, 0x0, 0x1f, 0xb6, 0x64, 0x0, 0x0,
    0x3f, 0x40, 0xa, 0xff, 0xff, 0xd0, 0x0, 0xc,
    0xc2, 0x58, 0xf8, 0x1, 0xe7, 0x0, 0x5, 0xf5,
    0xcf, 0xfb, 0xf8, 0xcd, 0x0, 0x1, 0xff, 0xff,
    0x61, 0x8, 0xff, 0x30, 0x0, 0x7, 0x6d, 0xd0,
    0x6, 0xed, 0xee, 0x50, 0x0, 0x4, 0xf5, 0x3e,
    0xf9, 0x1, 0xaf, 0xc1, 0x0, 0xdc, 0x2, 0x88,
    0x66, 0x66, 0x78, 0x0, 0x9f, 0xef, 0xb6, 0xff,
    0xff, 0xfe, 0x0, 0xe, 0xeb, 0x72, 0x7e, 0x0,
    0x7, 0xe0, 0x0, 0x0, 0x0, 0x7, 0xe0, 0x0,
    0x7e, 0x0, 0x2, 0x6a, 0xda, 0x6e, 0x0, 0x7,
    0xe0, 0x1, 0xff, 0xd9, 0x43, 0xf8, 0x77, 0xda,
    0x0, 0x3, 0x10, 0x0, 0x7, 0xef, 0xfc, 0x10,
    0x0,

    /* U+7F51 "网" */
    0x5f, 0xff, 0xff, 0xff, 0xff, 0xfe, 0x18, 0xf7,
    0x77, 0x77, 0x77, 0x79, 0xf2, 0x8e, 0x0, 0x3,
    0x0, 0x3, 0x4f, 0x28, 0xea, 0x54, 0xe9, 0x71,
    0xf6, 0xf2, 0x8e, 0x6e, 0x9a, 0x5f, 0x6d, 0x4f,
    0x28, 0xe0, 0xef, 0x50, 0xdf, 0x84, 0xf2, 0x8e,
    0x6, 0xf1, 0x5, 0xf4, 0x4f, 0x28, 0xe0, 0x9f,
    0x50, 0x5f, 0x54, 0xf2, 0x8e, 0xf, 0xcc, 0xc,
    0xeb, 0x4f, 0x28, 0xe6, 0xe2, 0xf5, 0xf4, 0xf6,
    0xf2, 0x8e, 0xd7, 0x8, 0xcb, 0xc, 0xaf, 0x28,
    0xe3, 0x0, 0x6, 0x20, 0x25, 0xf2, 0x8e, 0x0,
    0x0, 0x0, 0x7, 0xdd, 0x6, 0xc0, 0x0, 0x0,
    0x2, 0xeb, 0x20,

    /* U+7F6E "置" */
    0x1, 0xff, 0xff, 0xff, 0xff, 0xff, 0x70, 0x2,
    0xf5, 0x3f, 0x73, 0xe9, 0x3d, 0x80, 0x0, 0xbe,
    0xdf, 0xed, 0xfe, 0xde, 0x30, 0x0, 0x57, 0x77,
    0xcf, 0x77, 0x76, 0x20, 0x3, 0xff, 0xff, 0xff,
    0xff, 0xff, 0x90, 0x0, 0x18, 0x99, 0xcf, 0x99,
    0x94, 0x0, 0x0, 0x5f, 0xaa, 0xaa, 0xaa, 0xdb,
    0x0, 0x0, 0x5f, 0x2e, 0xff, 0xf7, 0xab, 0x0,
    0x0, 0x5f, 0x7, 0x88, 0x82, 0xab, 0x0, 0x0,
    0x5f, 0x2f, 0xff, 0xf8, 0xab, 0x0, 0x0, 0x5f,
    0x7, 0x88, 0x82, 0xab, 0x0, 0x0, 0x5f, 0x2e,
    0xff, 0xf7, 0xab, 0x0, 0x4, 0x8f, 0x55, 0x55,
    0x55, 0xbc, 0x51, 0x1f, 0xff, 0xff, 0xff, 0xff,
    0xff, 0xf6,

    /* U+80FD "能" */
    0x0, 0xa, 0x80, 0x0, 0xc5, 0x0, 0x0, 0x0,
    0x5f, 0x4a, 0x40, 0xf7, 0x7, 0xa0, 0x2, 0xea,
    0xb, 0xd0, 0xfd, 0xff, 0x90, 0xc, 0xfe, 0xff,
    0xf7, 0xfe, 0x81, 0xb4, 0x8, 0x98, 0x75, 0x98,
    0xf7, 0x0, 0xf7, 0x0, 0x44, 0x44, 0x30, 0xec,
    0x78, 0xf5, 0x6, 0xff, 0xff, 0xf0, 0x5e, 0xff,
    0xa0, 0x6, 0xf4, 0x37, 0xf1, 0x62, 0x0, 0x0,
    0x6, 0xff, 0xff, 0xf1, 0xf7, 0x4, 0xd4, 0x6,
    0xf3, 0x37, 0xf1, 0xf9, 0xaf, 0xd2, 0x6, 0xf6,
    0x69, 0xf1, 0xff, 0xf7, 0x51, 0x6, 0xff, 0xff,
    0xf1, 0xfa, 0x10, 0xf7, 0x6, 0xf0, 0x5, 0xf1,
    0xf7, 0x0, 0xf7, 0x6, 0xf0, 0x2a, 0xf0, 0xeb,
    0x77, 0xf5, 0x4, 0xd0, 0x7f, 0x80, 0x5e, 0xff,
    0xb0, 0x0, 0x0, 0x0, 0x0, 0x0, 0x0, 0x0,

    /* U+84DD "蓝" */
    0x0, 0x0, 0xd5, 0x0, 0x2e, 0x10, 0x0, 0xd,
    0xff, 0xff, 0xff, 0xff, 0xff, 0xf4, 0x4, 0x55,
    0xf9, 0x55, 0x7f, 0x65, 0x50, 0x0, 0x0, 0x25,
    0x0, 0x42, 0x0, 0x0, 0x0, 0x85, 0x3f, 0x13,
    0xf8, 0x44, 0x20, 0x0, 0xc9, 0x4f, 0x1a, 0xff,
    0xff, 0xd0, 0x0, 0xc9, 0x4f, 0x3f, 0x84, 0x61,
    0x0, 0x0, 0xc8, 0x4f, 0x8f, 0x16, 0xf8, 0x0,
    0x0, 0x53, 0x2d, 0x12, 0x0, 0x6b, 0x0, 0x0,
    0x3d, 0xee, 0xee, 0xee, 0xe8, 0x0, 0x0, 0xbe,
    0x6e, 0xa7, 0xf8, 0xbf, 0x10, 0x0, 0xc9, 0xe,
    0x61, 0xf3, 0x3f, 0x20, 0x0, 0xd9, 0xe, 0x61,
    0xf3, 0x3f, 0x20, 0x5, 0xec, 0x6e, 0xa7, 0xf8,
    0x8f, 0x81, 0xe, 0xff, 0xff, 0xff, 0xff, 0xff,
    0xf4,

    /* U+8868 "表" */
    0x0, 0x0, 0x0, 0x6c, 0x0, 0x0, 0x0, 0x1,
    0x66, 0x66, 0xbf, 0x66, 0x66, 0x40, 0x5, 0xff,
    0xff, 0xff, 0xff, 0xff, 0xe0, 0x0, 0x0, 0x0,
    0x8e, 0x0, 0x0, 0x0, 0x1, 0xef, 0xff, 0xff,
    0xff, 0xff, 0x90, 0x0, 0x77, 0x77, 0xcf, 0x77,
    0x77, 0x40, 0x5, 0x66, 0x66, 0xbf, 0x66, 0x66,
    0x62, 0x1f, 0xff, 0xff, 0xff, 0xff, 0xff, 0xf9,
    0x0, 0x0, 0x5f, 0x9a, 0xe1, 0x0, 0x0, 0x0,
    0x4, 0xfc, 0x2, 0xf8, 0x19, 0xb0, 0x0, 0x7f,
    0xf8, 0x0, 0x8f, 0xff, 0x70, 0x1c, 0xfa, 0xf8,
    0x0, 0xc, 0xf4, 0x0, 0x1c, 0x50, 0xe9, 0x7d,
    0x21, 0xde, 0x30, 0x0, 0x0, 0xef, 0xfc, 0x10,
    0x2d, 0xf6, 0x0, 0x0, 0xcb, 0x40, 0x0, 0x0,
    0x96,

    /* U+8BAE "议" */
    0x0, 0x0, 0x0, 0x2, 0xc0, 0x0, 0x0, 0x2,
    0xe1, 0x2, 0x31, 0xf5, 0x2, 0x60, 0x0, 0xd9,
    0x9, 0xb0, 0xba, 0x9, 0xc0, 0x0, 0x5e, 0x6,
    0xe0, 0x5f, 0xc, 0x90, 0x0, 0x0, 0x2, 0xf2,
    0x2, 0xf, 0x60, 0x1e, 0xfb, 0x0, 0xd7, 0x0,
    0x5f, 0x10, 0x7, 0xce, 0x0, 0x8d, 0x0, 0xbc,
    0x0, 0x0, 0x8e, 0x0, 0x2f, 0x42, 0xf5, 0x0,
    0x0, 0x8e, 0x0, 0xb, 0xda, 0xe0, 0x0, 0x0,
    0x8e, 0x0, 0x2, 0xff, 0x60, 0x0, 0x0, 0x8e,
    0x0, 0x0, 0xef, 0x30, 0x0, 0x0, 0x8e, 0x43,
    0xa, 0xfe, 0xe1, 0x0, 0x0, 0x8f, 0xf8, 0x8f,
    0x62, 0xec, 0x10, 0x0, 0x8f, 0xc9, 0xf7, 0x0,
    0x2e, 0xd2, 0x0, 0x5d, 0x5f, 0x60, 0x0, 0x1,
    0xd8, 0x0, 0x0, 0x1, 0x0, 0x0, 0x0, 0x0,

    /* U+8BBE "设" */
    0x0, 0x0, 0x0, 0x0, 0x0, 0x0, 0x0, 0x7,
    0x90, 0x0, 0x0, 0x0, 0x0, 0x0, 0x9, 0xf1,
    0x0, 0xbf, 0xff, 0xf9, 0x0, 0x2, 0xf8, 0x0,
    0xdc, 0x77, 0xdc, 0x0, 0x0, 0x8a, 0x0, 0xf7,
    0x0, 0xbc, 0x0, 0x4, 0x40, 0x6, 0xf3, 0x0,
    0xac, 0x0, 0x4f, 0xf7, 0x3f, 0xa0, 0x0, 0x7f,
    0xfa, 0x0, 0xe8, 0x16, 0x22, 0x22, 0x25, 0x41,
    0x0, 0xe8, 0x8, 0xff, 0xff, 0xff, 0x60, 0x0,
    0xe8, 0x1, 0x84, 0x44, 0x8f, 0x40, 0x0, 0xe8,
    0x1, 0xf8, 0x0, 0xcd, 0x0, 0x0, 0xe8, 0x20,
    0x8f, 0x7a, 0xf3, 0x0, 0x0, 0xee, 0xf2, 0xa,
    0xff, 0x60, 0x0, 0x0, 0xef, 0x60, 0x5e, 0xff,
    0xe6, 0x0, 0x0, 0x53, 0x2d, 0xfc, 0x22, 0xcf,
    0xe5, 0x0, 0x0, 0x4e, 0x60, 0x0, 0x6, 0xdb,
    0x0, 0x0, 0x0, 0x0, 0x0, 0x0, 0x0,

    /* U+8BEF "误" */
    0x0, 0x0, 0x0, 0x0, 0x0, 0x0, 0x0, 0x6,
    0xe1, 0x0, 0xef, 0xff, 0xff, 0x70, 0x2, 0xfb,
    0x2, 0xf9, 0x77, 0x7d, 0xa0, 0x0, 0x6f, 0x41,
    0xf5, 0x0, 0xd, 0x90, 0x0, 0x4, 0x0, 0x9f,
    0xff, 0xfe, 0x30, 0xa, 0xc8, 0x0, 0x2, 0x44,
    0x40, 0x0, 0x7, 0xce, 0x6, 0xff, 0xff, 0xff,
    0xd0, 0x0, 0x8e, 0x2, 0x67, 0xbf, 0x77, 0x50,
    0x0, 0x8e, 0x0, 0x0, 0x8d, 0x0, 0x0, 0x0,
    0x8e, 0xf, 0xff, 0xff, 0xff, 0xf8, 0x0, 0x8e,
    0x4, 0x56, 0xff, 0x95, 0x51, 0x0, 0x8e, 0x95,
    0xa, 0xeb, 0xd1, 0x0, 0x0, 0x8f, 0xf6, 0xbf,
    0x51, 0xdd, 0x30, 0x0, 0x8f, 0xdf, 0xf5, 0x0,
    0x1c, 0xf7, 0x0, 0x6d, 0x28, 0x10, 0x0, 0x0,
    0x77,

    /* U+8D25 "败" */
    0x0, 0x0, 0x0, 0x0, 0x0, 0x0, 0x0, 0x0,
    0x0, 0x0, 0x0, 0x7a, 0x0, 0x0, 0xc, 0xff,
    0xff, 0x40, 0xda, 0x0, 0x0, 0xe, 0x95, 0x5f,
    0x60, 0xfb, 0x77, 0x72, 0xe, 0x6c, 0x3e, 0x64,
    0xff, 0xff, 0xf7, 0xe, 0x6e, 0x5e, 0x69, 0xe0,
    0xc, 0x90, 0xe, 0x6e, 0x5e, 0x6e, 0x90, 0xd,
    0x80, 0xe, 0x6e, 0x4e, 0xaf, 0x71, 0xf, 0x60,
    0xe, 0x6f, 0x4e, 0x99, 0xda, 0x4f, 0x30, 0xe,
    0x6f, 0x3e, 0x60, 0x8e, 0x9f, 0x0, 0xe, 0x8f,
    0x1e, 0x60, 0x3f, 0xfa, 0x0, 0x5, 0x7f, 0x75,
    0x10, 0xc, 0xf3, 0x0, 0x0, 0xbe, 0xf3, 0x0,
    0x2e, 0xf7, 0x0, 0x3, 0xf3, 0xbd, 0x1, 0xde,
    0xaf, 0x30, 0xd, 0xb0, 0x1e, 0x5d, 0xf3, 0xb,
    0xe2, 0x4e, 0x10, 0x0, 0xae, 0x20, 0x0, 0xb9,
    0x0, 0x0, 0x0, 0x1, 0x0, 0x0, 0x0,

    /* U+8F7D "载" */
    0x0, 0x0, 0x0, 0x0, 0x0, 0x0, 0x0, 0x0,
    0x0, 0xd4, 0x0, 0xb9, 0x0, 0x0, 0x5, 0xee,
    0xff, 0xeb, 0xca, 0x9b, 0x0, 0x1, 0x56, 0xf9,
    0x63, 0xba, 0x1c, 0x60, 0x3, 0x55, 0xf9, 0x55,
    0xcc, 0x55, 0x50, 0xd, 0xff, 0xff, 0xff, 0xff,
    0xff, 0xf4, 0x0, 0x6, 0x40, 0x0, 0x9d, 0x0,
    0x0, 0x3, 0x5f, 0xa5, 0x51, 0x7e, 0xd, 0x50,
    0xc, 0xff, 0xff, 0xf8, 0x5f, 0x3f, 0x20, 0x0,
    0xe9, 0x42, 0x0, 0x4f, 0xbd, 0x0, 0x4, 0xf8,
    0xda, 0x52, 0x1f, 0xf7, 0x0, 0x6, 0xff, 0xff,
    0xf8, 0xf, 0xf0, 0x0, 0x0, 0x0, 0xc9, 0x41,
    0x1f, 0xb0, 0xd5, 0x9, 0xce, 0xff, 0xf7, 0x9f,
    0xe0, 0xf5, 0x9, 0x86, 0xd9, 0x14, 0xf7, 0xfd,
    0xf2, 0x0, 0x0, 0xa5, 0x8, 0x90, 0x5e, 0xa0,

    /* U+8FDE "连" */
    0x0, 0x0, 0x0, 0x0, 0x0, 0x0, 0x0, 0x2,
    0xe1, 0x0, 0x7, 0xb0, 0x0, 0x0, 0x1, 0xf8,
    0x28, 0x8f, 0xd8, 0x88, 0x70, 0x0, 0x9f, 0x6f,
    0xff, 0xff, 0xff, 0xf2, 0x0, 0x18, 0x0, 0xcb,
    0x1, 0x0, 0x0, 0x4, 0x52, 0x2, 0xf5, 0x9b,
    0x0, 0x0, 0x2f, 0xfe, 0x9, 0xf1, 0xad, 0x11,
    0x0, 0x0, 0x8f, 0xe, 0xff, 0xff, 0xff, 0xc0,
    0x0, 0x7f, 0x3, 0x55, 0xbd, 0x55, 0x20, 0x0,
    0x7f, 0x0, 0x0, 0x9c, 0x0, 0x0, 0x0, 0x7f,
    0x6e, 0xee, 0xff, 0xee, 0xe5, 0x0, 0x7f, 0x27,
    0x88, 0xce, 0x88, 0x72, 0x0, 0x8f, 0x0, 0x0,
    0x9c, 0x0, 0x0, 0x0, 0xcf, 0x40, 0x0, 0x68,
    0x0, 0x0, 0x7, 0xfe, 0xf9, 0x77, 0x77, 0x77,
    0x61, 0xf, 0xa1, 0x9e, 0xff, 0xff, 0xff, 0xf6,
    0x2, 0x0, 0x0, 0x0, 0x0, 0x0, 0x0,

    /* U+94BE "钾" */
    0x0, 0xb5, 0x0, 0x0, 0x0, 0x0, 0x0, 0x0,
    0xf7, 0x10, 0xcf, 0xff, 0xff, 0xf3, 0x1, 0xff,
    0xf8, 0xeb, 0x7f, 0xa8, 0xf4, 0x5, 0xf6, 0x51,
    0xe7, 0xf, 0x61, 0xf4, 0xb, 0xd3, 0x30, 0xe8,
    0x2f, 0x73, 0xf4, 0x1f, 0xff, 0xf5, 0xef, 0xff,
    0xff, 0xf4, 0x6, 0x7f, 0x30, 0xea, 0x4f, 0x95,
    0xf4, 0x0, 0x5f, 0x0, 0xe7, 0xf, 0x61, 0xf4,
    0xe, 0xff, 0xfa, 0xda, 0x1f, 0x64, 0xf3, 0x5,
    0x9f, 0x73, 0x6f, 0xff, 0xff, 0xc0, 0x0, 0x5f,
    0x0, 0x3, 0x6f, 0xa5, 0x0, 0x0, 0x5f, 0x0,
    0x0, 0xf, 0x60, 0x0, 0x0, 0x5f, 0x8e, 0x0,
    0xf, 0x60, 0x0, 0x0, 0x5f, 0xf9, 0x0, 0xf,
    0x60, 0x0, 0x0, 0x2c, 0x40, 0x0, 0xd, 0x40,
    0x0,

    /* U+9519 "错" */
    0x0, 0xd5, 0x0, 0x5, 0x90, 0x1b, 0x0, 0x1,
    0xf8, 0x31, 0x5b, 0xe6, 0x9f, 0x71, 0x3, 0xff,
    0xfc, 0xef, 0xff, 0xff, 0xf6, 0x7, 0xf4, 0x31,
    0x9, 0xd0, 0x4f, 0x20, 0xd, 0xd2, 0x20, 0x9,
    0xd0, 0x4f, 0x20, 0x2f, 0xff, 0xf9, 0xce, 0xfc,
    0xdf, 0xd8, 0x6, 0xaf, 0x43, 0xaa, 0xaa, 0xaa,
    0xa6, 0x0, 0x8e, 0x0, 0x17, 0x77, 0x77, 0x50,
    0x1e, 0xff, 0xfc, 0x8f, 0xff, 0xff, 0xf0, 0x5,
    0xbf, 0x64, 0x8e, 0x0, 0x7, 0xf0, 0x0, 0x8e,
    0x0, 0x8f, 0xff, 0xff, 0xf0, 0x0, 0x8e, 0x15,
    0x8f, 0x77, 0x7b, 0xf0, 0x0, 0x8f, 0xdd, 0x8e,
    0x0, 0x7, 0xf0, 0x0, 0x8f, 0xe3, 0x6f, 0x77,
    0x7c, 0xd0, 0x0, 0x5c, 0x20, 0xa, 0xff, 0xfd,
    0x40,

    /* U+9633 "阳" */
    0x5f, 0xff, 0xa2, 0xff, 0xff, 0xfe, 0x8, 0xf7,
    0xea, 0x4f, 0x76, 0x68, 0xf2, 0x8e, 0x1f, 0x64,
    0xf1, 0x0, 0x4f, 0x28, 0xe5, 0xf2, 0x4f, 0x10,
    0x4, 0xf2, 0x8e, 0x9e, 0x4, 0xf1, 0x0, 0x4f,
    0x28, 0xe7, 0xf1, 0x4f, 0xff, 0xff, 0xf2, 0x8e,
    0xf, 0x84, 0xf7, 0x77, 0x9f, 0x28, 0xe0, 0xac,
    0x4f, 0x10, 0x4, 0xf2, 0x8e, 0x9, 0xd4, 0xf1,
    0x0, 0x4f, 0x28, 0xe9, 0xf9, 0x4f, 0x10, 0x4,
    0xf2, 0x8e, 0x88, 0x4, 0xf1, 0x0, 0x4f, 0x28,
    0xe0, 0x0, 0x3f, 0x64, 0x48, 0xf0, 0x8e, 0x0,
    0x0, 0xaf, 0xff, 0xf8, 0x6, 0xc0, 0x0, 0x0,
    0x12, 0x21, 0x0,

    /* U+9996 "首" */
    0x0, 0x3, 0xe1, 0x0, 0xd, 0x50, 0x0, 0x1,
    0x23, 0xfa, 0x22, 0x9f, 0x42, 0x20, 0xf, 0xff,
    0xff, 0xff, 0xff, 0xff, 0xf3, 0x2, 0x33, 0x35,
    0xf9, 0x33, 0x33, 0x30, 0x0, 0x26, 0x6b, 0xf7,
    0x66, 0x63, 0x0, 0x0, 0xaf, 0xff, 0xff, 0xff,
    0xfd, 0x0, 0x0, 0xbb, 0x0, 0x0, 0x0, 0x8d,
    0x0, 0x0, 0xbb, 0x15, 0x55, 0x52, 0x8d, 0x0,
    0x0, 0xbb, 0x6f, 0xff, 0xf8, 0x8d, 0x0, 0x0,
    0xbb, 0x0, 0x0, 0x0, 0x8d, 0x0, 0x0, 0xbb,
    0x5e, 0xee, 0xe7, 0x8d, 0x0, 0x0, 0xbb, 0x15,
    0x66, 0x62, 0x8d, 0x0, 0x0, 0xab, 0x0, 0x0,
    0x0, 0x8d, 0x0, 0x0, 0x7e, 0x66, 0x66, 0x66,
    0xd9, 0x0, 0x0, 0xa, 0xff, 0xff, 0xff, 0xc1,
    0x0,

    /* U+F001 "" */
    0x0, 0x0, 0x0, 0x0, 0x0, 0x0, 0x0, 0x0,
    0x0, 0x0, 0x0, 0x0, 0x0, 0x0, 0x49, 0xdc,
    0x0, 0x0, 0x0, 0x0, 0x16, 0xbf, 0xff, 0xff,
    0x0, 0x0, 0x3, 0x8d, 0xff, 0xff, 0xff, 0xff,
    0x0, 0x0, 0xcf, 0xff, 0xff, 0xff, 0xff, 0xff,
    0x0, 0x0, 0xff, 0xff, 0xff, 0xff, 0xc7, 0xff,
    0x0, 0x0, 0xff, 0xff, 0xfa, 0x51, 0x0, 0xff,
    0x0, 0x0, 0xff, 0x84, 0x0, 0x0, 0x0, 0xff,
    0x0, 0x0, 0xff, 0x0, 0x0, 0x0, 0x0, 0xff,
    0x0, 0x0, 0xff, 0x0, 0x0, 0x0, 0x0, 0xff,
    0x0, 0x0, 0xff, 0x0, 0x0, 0x0, 0x0, 0xff,
    0x0, 0x0, 0xff, 0x0, 0x0, 0x2b, 0xee, 0xff,
    0x0, 0x0, 0xff, 0x0, 0x0, 0xdf, 0xff, 0xff,
    0x2b, 0xee, 0xff, 0x0, 0x0, 0xdf, 0xff, 0xfd,
    0xdf, 0xff, 0xff, 0x0, 0x0, 0x2b, 0xff, 0xb2,
    0xdf, 0xff, 0xfd, 0x0, 0x0, 0x0, 0x0, 0x0,
    0x2b, 0xff, 0xb2, 0x0, 0x0, 0x0, 0x0, 0x0,

    /* U+F008 "" */
    0xd0, 0xf, 0xff, 0xff, 0xff, 0xff, 0xf0, 0xd,
    0xff, 0xff, 0xc8, 0x88, 0x88, 0x8c, 0xff, 0xff,
    0xf0, 0xf, 0x80, 0x0, 0x0, 0x8, 0xf0, 0xf,
    0xf0, 0xf, 0x80, 0x0, 0x0, 0x8, 0xf0, 0xf,
    0xff, 0xff, 0x80, 0x0, 0x0, 0x8, 0xff, 0xff,
    0xf0, 0xf, 0xec, 0xcc, 0xcc, 0xce, 0xf0, 0xf,
    0xf0, 0xf, 0xec, 0xcc, 0xcc, 0xce, 0xf0, 0xf,
    0xff, 0xff, 0x80, 0x0, 0x0, 0x8, 0xff, 0xff,
    0xf0, 0xf, 0x80, 0x0, 0x0, 0x8, 0xf0, 0xf,
    0xf0, 0xf, 0x80, 0x0, 0x0, 0x8, 0xf0, 0xf,
    0xff, 0xff, 0xc8, 0x88, 0x88, 0x8c, 0xff, 0xff,
    0xd0, 0xf, 0xff, 0xff, 0xff, 0xff, 0xf0, 0xd,

    /* U+F00B "" */
    0xdf, 0xff, 0x73, 0xff, 0xff, 0xff, 0xff, 0xfd,
    0xff, 0xff, 0xa5, 0xff, 0xff, 0xff, 0xff, 0xff,
    0xff, 0xff, 0xa5, 0xff, 0xff, 0xff, 0xff, 0xff,
    0xdf, 0xff, 0x73, 0xff, 0xff, 0xff, 0xff, 0xfd,
    0x0, 0x0, 0x0, 0x0, 0x0, 0x0, 0x0, 0x0,
    0xdf, 0xff, 0x73, 0xff, 0xff, 0xff, 0xff, 0xfd,
    0xff, 0xff, 0xa5, 0xff, 0xff, 0xff, 0xff, 0xff,
    0xff, 0xff, 0xa5, 0xff, 0xff, 0xff, 0xff, 0xff,
    0xdf, 0xff, 0x73, 0xff, 0xff, 0xff, 0xff, 0xfd,
    0x0, 0x0, 0x0, 0x0, 0x0, 0x0, 0x0, 0x0,
    0xdf, 0xff, 0x73, 0xff, 0xff, 0xff, 0xff, 0xfd,
    0xff, 0xff, 0xa5, 0xff, 0xff, 0xff, 0xff, 0xff,
    0xff, 0xff, 0xa5, 0xff, 0xff, 0xff, 0xff, 0xff,
    0xdf, 0xff, 0x73, 0xff, 0xff, 0xff, 0xff, 0xfd,

    /* U+F00C "" */
    0x0, 0x0, 0x0, 0x0, 0x0, 0x0, 0xa, 0xb1,
    0x0, 0x0, 0x0, 0x0, 0x0, 0x0, 0xbf, 0xfc,
    0x0, 0x0, 0x0, 0x0, 0x0, 0xb, 0xff, 0xfb,
    0x0, 0x0, 0x0, 0x0, 0x0, 0xbf, 0xff, 0xc0,
    0x1b, 0xa0, 0x0, 0x0, 0xb, 0xff, 0xfc, 0x0,
    0xcf, 0xfb, 0x0, 0x0, 0xbf, 0xff, 0xc0, 0x0,
    0xbf, 0xff, 0xb0, 0xb, 0xff, 0xfc, 0x0, 0x0,
    0xc, 0xff, 0xfb, 0xbf, 0xff, 0xc0, 0x0, 0x0,
    0x0, 0xcf, 0xff, 0xff, 0xfb, 0x0, 0x0, 0x0,
    0x0, 0xc, 0xff, 0xff, 0xb0, 0x0, 0x0, 0x0,
    0x0, 0x0, 0xbf, 0xfb, 0x0, 0x0, 0x0, 0x0,
    0x0, 0x0, 0xb, 0xb0, 0x0, 0x0, 0x0, 0x0,

    /* U+F00D "" */
    0x3, 0x0, 0x0, 0x0, 0x3, 0x8, 0xfc, 0x10,
    0x0, 0x1c, 0xf8, 0xff, 0xfc, 0x10, 0x1c, 0xff,
    0xf5, 0xff, 0xfc, 0x2c, 0xff, 0xf5, 0x5, 0xff,
    0xff, 0xff, 0xf5, 0x0, 0x5, 0xff, 0xff, 0xf5,
    0x0, 0x0, 0x1d, 0xff, 0xfd, 0x10, 0x0, 0x1c,
    0xff, 0xff, 0xfc, 0x10, 0x1c, 0xff, 0xf9, 0xff,
    0xfc, 0x1c, 0xff, 0xf5, 0x5, 0xff, 0xfc, 0xdf,
    0xf5, 0x0, 0x5, 0xff, 0xd1, 0xa4, 0x0, 0x0,
    0x4, 0xa1,

    /* U+F011 "" */
    0x0, 0x0, 0x0, 0x4f, 0xe0, 0x0, 0x0, 0x0,
    0x0, 0x2, 0x10, 0x6f, 0xf1, 0x3, 0x10, 0x0,
    0x0, 0x5f, 0xd0, 0x6f, 0xf1, 0x3f, 0xd1, 0x0,
    0x3, 0xff, 0xf1, 0x6f, 0xf1, 0x5f, 0xfd, 0x0,
    0xd, 0xff, 0x40, 0x6f, 0xf1, 0x9, 0xff, 0x70,
    0x4f, 0xf7, 0x0, 0x6f, 0xf1, 0x0, 0xcf, 0xe0,
    0x9f, 0xf0, 0x0, 0x6f, 0xf1, 0x0, 0x5f, 0xf3,
    0xbf, 0xc0, 0x0, 0x6f, 0xf1, 0x0, 0x2f, 0xf5,
    0xbf, 0xc0, 0x0, 0x4f, 0xe0, 0x0, 0x1f, 0xf6,
    0xaf, 0xe0, 0x0, 0x0, 0x0, 0x0, 0x4f, 0xf4,
    0x6f, 0xf4, 0x0, 0x0, 0x0, 0x0, 0xaf, 0xf0,
    0xf, 0xfe, 0x10, 0x0, 0x0, 0x5, 0xff, 0xa0,
    0x6, 0xff, 0xd3, 0x0, 0x0, 0x7f, 0xff, 0x20,
    0x0, 0x9f, 0xff, 0xda, 0xbe, 0xff, 0xf4, 0x0,
    0x0, 0x6, 0xff, 0xff, 0xff, 0xfd, 0x30, 0x0,
    0x0, 0x0, 0x17, 0xbd, 0xca, 0x50, 0x0, 0x0,

    /* U+F013 "" */
    0x0, 0x0, 0x0, 0x8b, 0xb8, 0x0, 0x0, 0x0,
    0x0, 0x0, 0x0, 0xff, 0xff, 0x0, 0x0, 0x0,
    0x0, 0x30, 0x6, 0xff, 0xff, 0x60, 0x3, 0x0,
    0x4, 0xfd, 0xdf, 0xff, 0xff, 0xfd, 0xef, 0x40,
    0xd, 0xff, 0xff, 0xff, 0xff, 0xff, 0xff, 0xd0,
    0x4f, 0xff, 0xff, 0xf9, 0x9f, 0xff, 0xff, 0xf4,
    0x8, 0xff, 0xff, 0x20, 0x2, 0xff, 0xff, 0x80,
    0x0, 0xff, 0xf9, 0x0, 0x0, 0x9f, 0xff, 0x0,
    0x0, 0xff, 0xf9, 0x0, 0x0, 0x9f, 0xff, 0x0,
    0x8, 0xff, 0xff, 0x20, 0x2, 0xff, 0xff, 0x80,
    0x4f, 0xff, 0xff, 0xf9, 0x9f, 0xff, 0xff, 0xf4,
    0xd, 0xff, 0xff, 0xff, 0xff, 0xff, 0xff, 0xd0,
    0x4, 0xfe, 0xdf, 0xff, 0xff, 0xfd, 0xdf, 0x40,
    0x0, 0x30, 0x6, 0xff, 0xff, 0x60, 0x3, 0x0,
    0x0, 0x0, 0x0, 0xff, 0xff, 0x0, 0x0, 0x0,
    0x0, 0x0, 0x0, 0x8b, 0xb8, 0x0, 0x0, 0x0,

    /* U+F015 "" */
    0x0, 0x0, 0x0, 0x3, 0xdd, 0x30, 0x3f, 0xf3,
    0x0, 0x0, 0x0, 0x0, 0x6f, 0xff, 0xf5, 0x4f,
    0xf4, 0x0, 0x0, 0x0, 0x9, 0xff, 0x99, 0xff,
    0xbf, 0xf4, 0x0, 0x0, 0x1, 0xbf, 0xf6, 0x22,
    0x6f, 0xff, 0xf4, 0x0, 0x0, 0x2d, 0xfe, 0x35,
    0xff, 0x53, 0xef, 0xf4, 0x0, 0x4, 0xff, 0xc1,
    0x8f, 0xff, 0xf8, 0x1c, 0xfe, 0x40, 0x7f, 0xfa,
    0x1a, 0xff, 0xff, 0xff, 0xa1, 0xaf, 0xf7, 0xcf,
    0x82, 0xdf, 0xff, 0xff, 0xff, 0xfd, 0x28, 0xfc,
    0x14, 0xe, 0xff, 0xff, 0xff, 0xff, 0xff, 0xe0,
    0x41, 0x0, 0xf, 0xff, 0xff, 0xff, 0xff, 0xff,
    0xf0, 0x0, 0x0, 0xf, 0xff, 0xf9, 0x0, 0x8f,
    0xff, 0xf0, 0x0, 0x0, 0xf, 0xff, 0xf8, 0x0,
    0x8f, 0xff, 0xf0, 0x0, 0x0, 0xf, 0xff, 0xf8,
    0x0, 0x8f, 0xff, 0xf0, 0x0, 0x0, 0xe, 0xff,
    0xf6, 0x0, 0x6f, 0xff, 0xe0, 0x0,

    /* U+F019 "" */
    0x0, 0x0, 0x0, 0xdf, 0xfd, 0x0, 0x0, 0x0,
    0x0, 0x0, 0x0, 0xff, 0xff, 0x0, 0x0, 0x0,
    0x0, 0x0, 0x0, 0xff, 0xff, 0x0, 0x0, 0x0,
    0x0, 0x0, 0x0, 0xff, 0xff, 0x0, 0x0, 0x0,
    0x0, 0x0, 0x0, 0xff, 0xff, 0x0, 0x0, 0x0,
    0x0, 0x0, 0x0, 0xff, 0xff, 0x0, 0x0, 0x0,
    0x0, 0x4f, 0xff, 0xff, 0xff, 0xff, 0xf4, 0x0,
    0x0, 0xb, 0xff, 0xff, 0xff, 0xff, 0xb0, 0x0,
    0x0, 0x0, 0xbf, 0xff, 0xff, 0xfb, 0x0, 0x0,
    0x0, 0x0, 0xb, 0xff, 0xff, 0xb0, 0x0, 0x0,
    0x0, 0x0, 0x0, 0xbf, 0xfb, 0x0, 0x0, 0x0,
    0xdf, 0xff, 0xfc, 0x1b, 0xb1, 0xcf, 0xff, 0xfd,
    0xff, 0xff, 0xff, 0xc2, 0x2c, 0xff, 0xff, 0xff,
    0xff, 0xff, 0xff, 0xff, 0xff, 0xff, 0xff, 0xff,
    0xff, 0xff, 0xff, 0xff, 0xff, 0xf0, 0xe0, 0xff,
    0xdf, 0xff, 0xff, 0xff, 0xff, 0xff, 0xff, 0xfd,

    /* U+F01C "" */
    0x0, 0x4, 0xef, 0xff, 0xff, 0xff, 0xfe, 0x40,
    0x0, 0x0, 0x1e, 0xff, 0xff, 0xff, 0xff, 0xff,
    0xe1, 0x0, 0x0, 0xaf, 0xb0, 0x0, 0x0, 0x0,
    0xb, 0xfa, 0x0, 0x5, 0xff, 0x10, 0x0, 0x0,
    0x0, 0x1, 0xff, 0x50, 0x1e, 0xf6, 0x0, 0x0,
    0x0, 0x0, 0x0, 0x6f, 0xe1, 0xaf, 0xb0, 0x0,
    0x0, 0x0, 0x0, 0x0, 0xb, 0xfa, 0xff, 0xff,
    0xff, 0x70, 0x0, 0x8, 0xff, 0xff, 0xff, 0xff,
    0xff, 0xff, 0xe0, 0x0, 0xf, 0xff, 0xff, 0xff,
    0xff, 0xff, 0xff, 0xff, 0xff, 0xff, 0xff, 0xff,
    0xff, 0xff, 0xff, 0xff, 0xff, 0xff, 0xff, 0xff,
    0xff, 0xff, 0xff, 0xff, 0xff, 0xff, 0xff, 0xff,
    0xff, 0xff, 0xff, 0x8f, 0xff, 0xff, 0xff, 0xff,
    0xff, 0xff, 0xff, 0xf8,

    /* U+F021 "" */
    0x0, 0x0, 0x6, 0xbd, 0xda, 0x50, 0x2, 0xff,
    0x0, 0x5, 0xef, 0xff, 0xff, 0xfe, 0x42, 0xff,
    0x0, 0x7f, 0xff, 0xa7, 0x7b, 0xff, 0xf9, 0xff,
    0x5, 0xff, 0xc1, 0x0, 0x0, 0x2c, 0xff, 0xff,
    0xe, 0xfc, 0x0, 0x0, 0x2, 0x22, 0xdf, 0xff,
    0x5f, 0xf2, 0x0, 0x0, 0xf, 0xff, 0xff, 0xff,
    0x8f, 0xb0, 0x0, 0x0, 0xf, 0xff, 0xff, 0xff,
    0x0, 0x0, 0x0, 0x0, 0x0, 0x0, 0x0, 0x0,
    0x0, 0x0, 0x0, 0x0, 0x0, 0x0, 0x0, 0x0,
    0xff, 0xff, 0xff, 0xf0, 0x0, 0x0, 0xb, 0xf8,
    0xff, 0xff, 0xff, 0xf0, 0x0, 0x0, 0x2f, 0xf4,
    0xff, 0xfd, 0x22, 0x20, 0x0, 0x0, 0xcf, 0xe0,
    0xff, 0xff, 0xc2, 0x0, 0x0, 0x2c, 0xff, 0x40,
    0xff, 0x9f, 0xff, 0xb7, 0x6a, 0xff, 0xf7, 0x0,
    0xff, 0x24, 0xdf, 0xff, 0xff, 0xfe, 0x50, 0x0,
    0xff, 0x20, 0x5, 0xac, 0xdb, 0x60, 0x0, 0x0,

    /* U+F026 "" */
    0x0, 0x0, 0x0, 0x0, 0x0, 0x0, 0x0, 0x8d,
    0x0, 0x0, 0x8, 0xff, 0x0, 0x0, 0x8f, 0xff,
    0xdf, 0xff, 0xff, 0xff, 0xff, 0xff, 0xff, 0xff,
    0xff, 0xff, 0xff, 0xff, 0xff, 0xff, 0xff, 0xff,
    0xff, 0xff, 0xff, 0xff, 0xdf, 0xff, 0xff, 0xff,
    0x0, 0x0, 0x9f, 0xff, 0x0, 0x0, 0x9, 0xff,
    0x0, 0x0, 0x0, 0x8d, 0x0, 0x0, 0x0, 0x0,

    /* U+F027 "" */
    0x0, 0x0, 0x0, 0x0, 0x0, 0x0, 0x0, 0x0,
    0x0, 0x8d, 0x0, 0x0, 0x0, 0x0, 0x8, 0xff,
    0x0, 0x0, 0x0, 0x0, 0x8f, 0xff, 0x0, 0x0,
    0xcf, 0xff, 0xff, 0xff, 0x1, 0x50, 0xff, 0xff,
    0xff, 0xff, 0x6, 0xf7, 0xff, 0xff, 0xff, 0xff,
    0x0, 0xbe, 0xff, 0xff, 0xff, 0xff, 0x0, 0xae,
    0xff, 0xff, 0xff, 0xff, 0x5, 0xf8, 0xdf, 0xff,
    0xff, 0xff, 0x2, 0x60, 0x0, 0x0, 0x9f, 0xff,
    0x0, 0x0, 0x0, 0x0, 0x9, 0xff, 0x0, 0x0,
    0x0, 0x0, 0x0, 0x9e, 0x0, 0x0, 0x0, 0x0,
    0x0, 0x0, 0x0, 0x0,

    /* U+F028 "" */
    0x0, 0x0, 0x0, 0x0, 0x0, 0x0, 0x6, 0x10,
    0x0, 0x0, 0x0, 0x0, 0x0, 0x0, 0x0, 0x1f,
    0xd2, 0x0, 0x0, 0x0, 0x0, 0x8d, 0x0, 0x0,
    0x3, 0xee, 0x10, 0x0, 0x0, 0x8, 0xff, 0x0,
    0xa, 0xb1, 0x2f, 0xb0, 0x0, 0x0, 0x8f, 0xff,
    0x0, 0x5, 0xfc, 0x7, 0xf4, 0xdf, 0xff, 0xff,
    0xff, 0x2, 0x50, 0x5f, 0x60, 0xf9, 0xff, 0xff,
    0xff, 0xff, 0x6, 0xf7, 0xd, 0xc0, 0xbd, 0xff,
    0xff, 0xff, 0xff, 0x0, 0xae, 0x9, 0xf0, 0x9f,
    0xff, 0xff, 0xff, 0xff, 0x0, 0xae, 0x9, 0xe0,
    0x8f, 0xff, 0xff, 0xff, 0xff, 0x6, 0xf7, 0xd,
    0xc0, 0xad, 0xdf, 0xff, 0xff, 0xff, 0x2, 0x50,
    0x5f, 0x60, 0xe9, 0x0, 0x0, 0x9f, 0xff, 0x0,
    0x5, 0xfc, 0x6, 0xf4, 0x0, 0x0, 0x9, 0xff,
    0x0, 0xa, 0xb1, 0x2f, 0xb0, 0x0, 0x0, 0x0,
    0x8d, 0x0, 0x0, 0x2, 0xee, 0x10, 0x0, 0x0,
    0x0, 0x0, 0x0, 0x0, 0x1f, 0xd2, 0x0, 0x0,
    0x0, 0x0, 0x0, 0x0, 0x0, 0x6, 0x10, 0x0,

    /* U+F03E "" */
    0x8f, 0xff, 0xff, 0xff, 0xff, 0xff, 0xff, 0xf8,
    0xff, 0xfc, 0xff, 0xff, 0xff, 0xff, 0xff, 0xff,
    0xff, 0x20, 0x2f, 0xff, 0xff, 0xff, 0xff, 0xff,
    0xfc, 0x0, 0xc, 0xff, 0xff, 0xee, 0xff, 0xff,
    0xff, 0x20, 0x2f, 0xff, 0xfe, 0x12, 0xef, 0xff,
    0xff, 0xfc, 0xff, 0xff, 0xe1, 0x0, 0x2e, 0xff,
    0xff, 0xfe, 0x4e, 0xfe, 0x10, 0x0, 0x2, 0xff,
    0xff, 0xe1, 0x2, 0xc1, 0x0, 0x0, 0x0, 0xff,
    0xff, 0x10, 0x0, 0x0, 0x0, 0x0, 0x0, 0xff,
    0xff, 0x0, 0x0, 0x0, 0x0, 0x0, 0x0, 0xff,
    0xff, 0xff, 0xff, 0xff, 0xff, 0xff, 0xff, 0xff,
    0x8f, 0xff, 0xff, 0xff, 0xff, 0xff, 0xff, 0xf8,

    /* U+F043 "" */
    0x0, 0x0, 0x4e, 0x40, 0x0, 0x0, 0x0, 0xb,
    0xfb, 0x0, 0x0, 0x0, 0x1, 0xff, 0xf1, 0x0,
    0x0, 0x0, 0x9f, 0xff, 0x90, 0x0, 0x0, 0x2f,
    0xff, 0xff, 0x30, 0x0, 0xc, 0xff, 0xff, 0xfc,
    0x0, 0x7, 0xff, 0xff, 0xff, 0xf8, 0x2, 0xff,
    0xff, 0xff, 0xff, 0xf2, 0x9f, 0xff, 0xff, 0xff,
    0xff, 0x9e, 0xff, 0xff, 0xff, 0xff, 0xfe, 0xff,
    0x2f, 0xff, 0xff, 0xff, 0xfe, 0xf2, 0xbf, 0xff,
    0xff, 0xfe, 0x9f, 0xa1, 0xbf, 0xff, 0xff, 0x92,
    0xff, 0xa2, 0x2f, 0xff, 0xf2, 0x4, 0xff, 0xff,
    0xff, 0xf4, 0x0, 0x2, 0x9e, 0xfe, 0x92, 0x0,

    /* U+F048 "" */
    0x0, 0x0, 0x0, 0x0, 0x0, 0xff, 0x30, 0x0,
    0x1, 0xcc, 0xff, 0x40, 0x0, 0x2d, 0xff, 0xff,
    0x40, 0x3, 0xef, 0xff, 0xff, 0x40, 0x3f, 0xff,
    0xff, 0xff, 0x44, 0xff, 0xff, 0xff, 0xff, 0x9f,
    0xff, 0xff, 0xff, 0xff, 0xff, 0xff, 0xff, 0xff,
    0xff, 0xff, 0xff, 0xff, 0xff, 0xff, 0xaf, 0xff,
    0xff, 0xff, 0xff, 0x45, 0xff, 0xff, 0xff, 0xff,
    0x40, 0x4f, 0xff, 0xff, 0xff, 0x40, 0x3, 0xef,
    0xff, 0xff, 0x40, 0x0, 0x2d, 0xff, 0xff, 0x30,
    0x0, 0x1, 0xcc, 0x0, 0x0, 0x0, 0x0, 0x0,

    /* U+F04B "" */
    0x0, 0x0, 0x0, 0x0, 0x0, 0x0, 0x0, 0x8f,
    0x91, 0x0, 0x0, 0x0, 0x0, 0x0, 0xff, 0xff,
    0x70, 0x0, 0x0, 0x0, 0x0, 0xff, 0xff, 0xfd,
    0x40, 0x0, 0x0, 0x0, 0xff, 0xff, 0xff, 0xfa,
    0x10, 0x0, 0x0, 0xff, 0xff, 0xff, 0xff, 0xf7,
    0x0, 0x0, 0xff, 0xff, 0xff, 0xff, 0xff, 0xd5,
    0x0, 0xff, 0xff, 0xff, 0xff, 0xff, 0xff, 0xb2,
    0xff, 0xff, 0xff, 0xff, 0xff, 0xff, 0xfd, 0xff,
    0xff, 0xff, 0xff, 0xff, 0xff, 0xfd, 0xff, 0xff,
    0xff, 0xff, 0xff, 0xff, 0xb2, 0xff, 0xff, 0xff,
    0xff, 0xff, 0xd5, 0x0, 0xff, 0xff, 0xff, 0xff,
    0xf7, 0x0, 0x0, 0xff, 0xff, 0xff, 0xfa, 0x20,
    0x0, 0x0, 0xff, 0xff, 0xfd, 0x40, 0x0, 0x0,
    0x0, 0xff, 0xff, 0x70, 0x0, 0x0, 0x0, 0x0,
    0x8e, 0xa1, 0x0, 0x0, 0x0, 0x0, 0x0, 0x0,
    0x0, 0x0, 0x0, 0x0, 0x0, 0x0,

    /* U+F04C "" */
    0x0, 0x0, 0x0, 0x0, 0x0, 0x0, 0x0, 0x8f,
    0xff, 0xf8, 0x0, 0x8f, 0xff, 0xf8, 0xff, 0xff,
    0xff, 0x0, 0xff, 0xff, 0xff, 0xff, 0xff, 0xff,
    0x0, 0xff, 0xff, 0xff, 0xff, 0xff, 0xff, 0x0,
    0xff, 0xff, 0xff, 0xff, 0xff, 0xff, 0x0, 0xff,
    0xff, 0xff, 0xff, 0xff, 0xff, 0x0, 0xff, 0xff,
    0xff, 0xff, 0xff, 0xff, 0x0, 0xff, 0xff, 0xff,
    0xff, 0xff, 0xff, 0x0, 0xff, 0xff, 0xff, 0xff,
    0xff, 0xff, 0x0, 0xff, 0xff, 0xff, 0xff, 0xff,
    0xff, 0x0, 0xff, 0xff, 0xff, 0xff, 0xff, 0xff,
    0x0, 0xff, 0xff, 0xff, 0xff, 0xff, 0xff, 0x0,
    0xff, 0xff, 0xff, 0xff, 0xff, 0xff, 0x0, 0xff,
    0xff, 0xff, 0x7f, 0xff, 0xf7, 0x0, 0x7f, 0xff,
    0xf7,

    /* U+F04D "" */
    0x8f, 0xff, 0xff, 0xff, 0xff, 0xff, 0xf8, 0xff,
    0xff, 0xff, 0xff, 0xff, 0xff, 0xff, 0xff, 0xff,
    0xff, 0xff, 0xff, 0xff, 0xff, 0xff, 0xff, 0xff,
    0xff, 0xff, 0xff, 0xff, 0xff, 0xff, 0xff, 0xff,
    0xff, 0xff, 0xff, 0xff, 0xff, 0xff, 0xff, 0xff,
    0xff, 0xff, 0xff, 0xff, 0xff, 0xff, 0xff, 0xff,
    0xff, 0xff, 0xff, 0xff, 0xff, 0xff, 0xff, 0xff,
    0xff, 0xff, 0xff, 0xff, 0xff, 0xff, 0xff, 0xff,
    0xff, 0xff, 0xff, 0xff, 0xff, 0xff, 0xff, 0xff,
    0xff, 0xff, 0xff, 0xff, 0xff, 0xff, 0xff, 0xff,
    0xff, 0xff, 0xff, 0xff, 0xff, 0xff, 0xff, 0xff,
    0xff, 0xff, 0xff, 0x8f, 0xff, 0xff, 0xff, 0xff,
    0xff, 0xf8,

    /* U+F051 "" */
    0x0, 0x0, 0x0, 0x0, 0x0, 0xcc, 0x10, 0x0,
    0x3, 0xff, 0xff, 0xd2, 0x0, 0x4, 0xff, 0xff,
    0xfe, 0x30, 0x4, 0xff, 0xff, 0xff, 0xf4, 0x4,
    0xff, 0xff, 0xff, 0xff, 0x54, 0xff, 0xff, 0xff,
    0xff, 0xfa, 0xff, 0xff, 0xff, 0xff, 0xff, 0xff,
    0xff, 0xff, 0xff, 0xff, 0xff, 0xff, 0xff, 0xff,
    0xf9, 0xff, 0xff, 0xff, 0xff, 0x44, 0xff, 0xff,
    0xff, 0xf3, 0x4, 0xff, 0xff, 0xfe, 0x30, 0x4,
    0xff, 0xff, 0xd2, 0x0, 0x4, 0xff, 0xcc, 0x10,
    0x0, 0x3, 0xff, 0x0, 0x0, 0x0, 0x0, 0x0,

    /* U+F052 "" */
    0x0, 0x0, 0x0, 0x2d, 0xd2, 0x0, 0x0, 0x0,
    0x0, 0x0, 0x1, 0xef, 0xfe, 0x10, 0x0, 0x0,
    0x0, 0x0, 0x1d, 0xff, 0xff, 0xd1, 0x0, 0x0,
    0x0, 0x0, 0xcf, 0xff, 0xff, 0xfc, 0x0, 0x0,
    0x0, 0xb, 0xff, 0xff, 0xff, 0xff, 0xb0, 0x0,
    0x0, 0xaf, 0xff, 0xff, 0xff, 0xff, 0xfa, 0x0,
    0x9, 0xff, 0xff, 0xff, 0xff, 0xff, 0xff, 0x90,
    0xf, 0xff, 0xff, 0xff, 0xff, 0xff, 0xff, 0xf0,
    0x8, 0xff, 0xff, 0xff, 0xff, 0xff, 0xff, 0x80,
    0x0, 0x0, 0x0, 0x0, 0x0, 0x0, 0x0, 0x0,
    0xc, 0xff, 0xff, 0xff, 0xff, 0xff, 0xff, 0xc0,
    0xf, 0xff, 0xff, 0xff, 0xff, 0xff, 0xff, 0xf0,
    0xf, 0xff, 0xff, 0xff, 0xff, 0xff, 0xff, 0xf0,
    0xc, 0xff, 0xff, 0xff, 0xff, 0xff, 0xff, 0xc0,

    /* U+F053 "" */
    0x0, 0x0, 0x0, 0x1a, 0x40, 0x0, 0x0, 0x1,
    0xdf, 0xf0, 0x0, 0x0, 0x1d, 0xff, 0xa0, 0x0,
    0x1, 0xdf, 0xfa, 0x0, 0x0, 0x1d, 0xff, 0xa0,
    0x0, 0x1, 0xdf, 0xfa, 0x0, 0x0, 0xc, 0xff,
    0xa0, 0x0, 0x0, 0xd, 0xff, 0x80, 0x0, 0x0,
    0x1, 0xdf, 0xf8, 0x0, 0x0, 0x0, 0x1d, 0xff,
    0x80, 0x0, 0x0, 0x1, 0xdf, 0xf8, 0x0, 0x0,
    0x0, 0x1d, 0xff, 0x80, 0x0, 0x0, 0x1, 0xdf,
    0xf0, 0x0, 0x0, 0x0, 0x1b, 0x50,

    /* U+F054 "" */
    0x4, 0xa1, 0x0, 0x0, 0x0, 0xf, 0xfc, 0x10,
    0x0, 0x0, 0xa, 0xff, 0xc1, 0x0, 0x0, 0x0,
    0xaf, 0xfc, 0x10, 0x0, 0x0, 0xa, 0xff, 0xc1,
    0x0, 0x0, 0x0, 0xaf, 0xfc, 0x10, 0x0, 0x0,
    0xa, 0xff, 0xc0, 0x0, 0x0, 0x8, 0xff, 0xd0,
    0x0, 0x0, 0x8f, 0xfd, 0x10, 0x0, 0x8, 0xff,
    0xd1, 0x0, 0x0, 0x8f, 0xfd, 0x10, 0x0, 0x8,
    0xff, 0xd1, 0x0, 0x0, 0xf, 0xfd, 0x10, 0x0,
    0x0, 0x5, 0xb1, 0x0, 0x0, 0x0,

    /* U+F067 "" */
    0x0, 0x0, 0x4, 0xff, 0x40, 0x0, 0x0, 0x0,
    0x0, 0x8, 0xff, 0x80, 0x0, 0x0, 0x0, 0x0,
    0x8, 0xff, 0x80, 0x0, 0x0, 0x0, 0x0, 0x8,
    0xff, 0x80, 0x0, 0x0, 0x0, 0x0, 0x8, 0xff,
    0x80, 0x0, 0x0, 0x48, 0x88, 0x8c, 0xff, 0xc8,
    0x88, 0x84, 0xff, 0xff, 0xff, 0xff, 0xff, 0xff,
    0xff, 0xff, 0xff, 0xff, 0xff, 0xff, 0xff, 0xff,
    0x48, 0x88, 0x8c, 0xff, 0xc8, 0x88, 0x84, 0x0,
    0x0, 0x8, 0xff, 0x80, 0x0, 0x0, 0x0, 0x0,
    0x8, 0xff, 0x80, 0x0, 0x0, 0x0, 0x0, 0x8,
    0xff, 0x80, 0x0, 0x0, 0x0, 0x0, 0x8, 0xff,
    0x80, 0x0, 0x0, 0x0, 0x0, 0x4, 0xff, 0x40,
    0x0, 0x0,

    /* U+F068 "" */
    0x14, 0x44, 0x44, 0x44, 0x44, 0x44, 0x41, 0xef,
    0xff, 0xff, 0xff, 0xff, 0xff, 0xfe, 0xff, 0xff,
    0xff, 0xff, 0xff, 0xff, 0xff, 0x7b, 0xbb, 0xbb,
    0xbb, 0xbb, 0xbb, 0xb7,

    /* U+F06E "" */
    0x0, 0x0, 0x5, 0xad, 0xff, 0xda, 0x50, 0x0,
    0x0, 0x0, 0x4, 0xdf, 0xfc, 0x88, 0xcf, 0xfd,
    0x40, 0x0, 0x0, 0x7f, 0xfe, 0x40, 0x0, 0x4,
    0xef, 0xf7, 0x0, 0x7, 0xff, 0xf4, 0x0, 0x9e,
    0x80, 0x4f, 0xff, 0x70, 0x4f, 0xff, 0xc0, 0x0,
    0xaf, 0xf8, 0xc, 0xff, 0xf4, 0xdf, 0xff, 0x80,
    0x9a, 0xff, 0xfe, 0x8, 0xff, 0xfd, 0xdf, 0xff,
    0x80, 0xef, 0xff, 0xfe, 0x8, 0xff, 0xfd, 0x4f,
    0xff, 0xc0, 0x8f, 0xff, 0xf8, 0xc, 0xff, 0xf4,
    0x7, 0xff, 0xf4, 0x8, 0xee, 0x80, 0x4f, 0xff,
    0x70, 0x0, 0x7f, 0xfe, 0x40, 0x0, 0x4, 0xef,
    0xf8, 0x0, 0x0, 0x4, 0xdf, 0xfc, 0x88, 0xcf,
    0xfd, 0x40, 0x0, 0x0, 0x0, 0x5, 0xad, 0xff,
    0xda, 0x50, 0x0, 0x0,

    /* U+F070 "" */
    0x8c, 0x20, 0x0, 0x0, 0x0, 0x0, 0x0, 0x0,
    0x0, 0x0, 0xdf, 0xe4, 0x0, 0x0, 0x0, 0x0,
    0x0, 0x0, 0x0, 0x0, 0x1b, 0xff, 0x80, 0x49,
    0xdf, 0xfd, 0xa5, 0x0, 0x0, 0x0, 0x0, 0x7f,
    0xff, 0xff, 0xd8, 0x8c, 0xff, 0xd4, 0x0, 0x0,
    0x0, 0x4, 0xef, 0xf8, 0x0, 0x0, 0x4e, 0xff,
    0x70, 0x0, 0x0, 0x0, 0x1c, 0xff, 0x69, 0xe8,
    0x4, 0xff, 0xf7, 0x0, 0x4, 0xe3, 0x0, 0x9f,
    0xfe, 0xff, 0x80, 0xcf, 0xff, 0x40, 0xd, 0xff,
    0x70, 0x5, 0xff, 0xff, 0xe0, 0x8f, 0xff, 0xd0,
    0xd, 0xff, 0xf7, 0x0, 0x2d, 0xff, 0xe0, 0x8f,
    0xff, 0xd0, 0x4, 0xff, 0xfc, 0x0, 0x0, 0xaf,
    0xf8, 0xcf, 0xff, 0x30, 0x0, 0x7f, 0xff, 0x40,
    0x0, 0x6, 0xff, 0xff, 0xf7, 0x0, 0x0, 0x8,
    0xff, 0xf4, 0x0, 0x0, 0x3e, 0xff, 0xa0, 0x0,
    0x0, 0x0, 0x4d, 0xff, 0xc8, 0x82, 0x1, 0xbf,
    0xf7, 0x0, 0x0, 0x0, 0x0, 0x5a, 0xdf, 0xfc,
    0x10, 0x8, 0xff, 0xb0, 0x0, 0x0, 0x0, 0x0,
    0x0, 0x0, 0x0, 0x0, 0x4e, 0xfd, 0x0, 0x0,
    0x0, 0x0, 0x0, 0x0, 0x0, 0x0, 0x2, 0xc8,

    /* U+F071 "" */
    0x0, 0x0, 0x0, 0x0, 0x2d, 0xd2, 0x0, 0x0,
    0x0, 0x0, 0x0, 0x0, 0x0, 0x0, 0xbf, 0xfb,
    0x0, 0x0, 0x0, 0x0, 0x0, 0x0, 0x0, 0x5,
    0xff, 0xff, 0x50, 0x0, 0x0, 0x0, 0x0, 0x0,
    0x0, 0xd, 0xff, 0xff, 0xd0, 0x0, 0x0, 0x0,
    0x0, 0x0, 0x0, 0x7f, 0xff, 0xff, 0xf7, 0x0,
    0x0, 0x0, 0x0, 0x0, 0x1, 0xff, 0xd8, 0x8d,
    0xff, 0x10, 0x0, 0x0, 0x0, 0x0, 0xa, 0xff,
    0xa0, 0xa, 0xff, 0xa0, 0x0, 0x0, 0x0, 0x0,
    0x3f, 0xff, 0xb0, 0xb, 0xff, 0xf3, 0x0, 0x0,
    0x0, 0x0, 0xcf, 0xff, 0xc0, 0xc, 0xff, 0xfc,
    0x0, 0x0, 0x0, 0x5, 0xff, 0xff, 0xd0, 0xd,
    0xff, 0xff, 0x50, 0x0, 0x0, 0xe, 0xff, 0xff,
    0xf9, 0x9f, 0xff, 0xff, 0xe0, 0x0, 0x0, 0x8f,
    0xff, 0xff, 0xe2, 0x2e, 0xff, 0xff, 0xf8, 0x0,
    0x2, 0xff, 0xff, 0xff, 0x90, 0x9, 0xff, 0xff,
    0xff, 0x10, 0xa, 0xff, 0xff, 0xff, 0xe3, 0x3e,
    0xff, 0xff, 0xff, 0xa0, 0xf, 0xff, 0xff, 0xff,
    0xff, 0xff, 0xff, 0xff, 0xff, 0xf0, 0x8, 0xff,
    0xff, 0xff, 0xff, 0xff, 0xff, 0xff, 0xff, 0x80,

    /* U+F074 "" */
    0x0, 0x0, 0x0, 0x0, 0x0, 0x0, 0x0, 0x0,
    0x0, 0x0, 0x0, 0x0, 0x0, 0x0, 0xd8, 0x0,
    0x0, 0x0, 0x0, 0x0, 0x0, 0x0, 0xff, 0x80,
    0xff, 0xff, 0x70, 0x0, 0x7, 0xff, 0xff, 0xf8,
    0xff, 0xff, 0xf6, 0x0, 0x6f, 0xff, 0xff, 0xfd,
    0x78, 0x8e, 0xff, 0x15, 0xff, 0xe8, 0xff, 0xe2,
    0x0, 0x2, 0xe5, 0x4f, 0xfe, 0x20, 0xfe, 0x20,
    0x0, 0x0, 0x13, 0xff, 0xf3, 0x0, 0x52, 0x0,
    0x0, 0x0, 0x3f, 0xff, 0x31, 0x0, 0x52, 0x0,
    0x0, 0x2, 0xef, 0xf4, 0x5e, 0x20, 0xfe, 0x20,
    0x78, 0x8e, 0xff, 0x51, 0xff, 0xe8, 0xff, 0xe2,
    0xff, 0xff, 0xf6, 0x0, 0x6f, 0xff, 0xff, 0xfd,
    0xff, 0xff, 0x70, 0x0, 0x7, 0xff, 0xff, 0xf8,
    0x0, 0x0, 0x0, 0x0, 0x0, 0x0, 0xff, 0x80,
    0x0, 0x0, 0x0, 0x0, 0x0, 0x0, 0xd8, 0x0,
    0x0, 0x0, 0x0, 0x0, 0x0, 0x0, 0x0, 0x0,

    /* U+F077 "" */
    0x0, 0x0, 0x0, 0x0, 0x0, 0x0, 0x0, 0x0,
    0x0, 0x1, 0xdd, 0x10, 0x0, 0x0, 0x0, 0x0,
    0x1d, 0xff, 0xd1, 0x0, 0x0, 0x0, 0x1, 0xdf,
    0xff, 0xfd, 0x10, 0x0, 0x0, 0x1d, 0xff, 0x99,
    0xff, 0xd1, 0x0, 0x1, 0xdf, 0xf9, 0x0, 0x9f,
    0xfd, 0x10, 0x1d, 0xff, 0x90, 0x0, 0x9, 0xff,
    0xd1, 0xbf, 0xf9, 0x0, 0x0, 0x0, 0x9f, 0xfb,
    0x5f, 0x90, 0x0, 0x0, 0x0, 0x9, 0xf5, 0x0,
    0x0, 0x0, 0x0, 0x0, 0x0, 0x0,

    /* U+F078 "" */
    0x0, 0x0, 0x0, 0x0, 0x0, 0x0, 0x0, 0x5f,
    0x90, 0x0, 0x0, 0x0, 0x9, 0xf5, 0xbf, 0xf9,
    0x0, 0x0, 0x0, 0x9f, 0xfb, 0x1d, 0xff, 0x90,
    0x0, 0x9, 0xff, 0xd1, 0x1, 0xdf, 0xf9, 0x0,
    0x9f, 0xfd, 0x10, 0x0, 0x1d, 0xff, 0x99, 0xff,
    0xd1, 0x0, 0x0, 0x1, 0xdf, 0xff, 0xfd, 0x10,
    0x0, 0x0, 0x0, 0x1d, 0xff, 0xd1, 0x0, 0x0,
    0x0, 0x0, 0x1, 0xdd, 0x10, 0x0, 0x0, 0x0,
    0x0, 0x0, 0x0, 0x0, 0x0, 0x0,

    /* U+F079 "" */
    0x0, 0x0, 0x0, 0x0, 0x0, 0x0, 0x0, 0x0,
    0x0, 0x0, 0x0, 0x1d, 0xd1, 0x0, 0x0, 0x0,
    0x0, 0x0, 0x0, 0x0, 0x1, 0xdf, 0xfd, 0x10,
    0xef, 0xff, 0xff, 0xff, 0xd0, 0x0, 0x1d, 0xff,
    0xff, 0xd1, 0xaf, 0xff, 0xff, 0xff, 0xf0, 0x0,
    0xcf, 0xcf, 0xfc, 0xfc, 0x0, 0x0, 0x0, 0xf,
    0xf0, 0x0, 0x6b, 0x1f, 0xf1, 0xb6, 0x0, 0x0,
    0x0, 0xf, 0xf0, 0x0, 0x0, 0xf, 0xf0, 0x0,
    0x0, 0x0, 0x0, 0xf, 0xf0, 0x0, 0x0, 0xf,
    0xf0, 0x0, 0x0, 0x0, 0x0, 0xf, 0xf0, 0x0,
    0x0, 0xf, 0xf0, 0x0, 0x0, 0x0, 0x6b, 0x1f,
    0xf1, 0xb6, 0x0, 0xf, 0xf0, 0x0, 0x0, 0x0,
    0xcf, 0xcf, 0xfc, 0xfc, 0x0, 0xf, 0xff, 0xff,
    0xff, 0xfa, 0x1d, 0xff, 0xff, 0xd1, 0x0, 0xd,
    0xff, 0xff, 0xff, 0xfe, 0x1, 0xdf, 0xfd, 0x10,
    0x0, 0x0, 0x0, 0x0, 0x0, 0x0, 0x0, 0x1d,
    0xd1, 0x0, 0x0, 0x0, 0x0, 0x0, 0x0, 0x0,
    0x0, 0x0, 0x0, 0x0,

    /* U+F07B "" */
    0x8f, 0xff, 0xff, 0xd1, 0x0, 0x0, 0x0, 0x0,
    0xff, 0xff, 0xff, 0xfd, 0x10, 0x0, 0x0, 0x0,
    0xff, 0xff, 0xff, 0xff, 0xff, 0xff, 0xff, 0xf8,
    0xff, 0xff, 0xff, 0xff, 0xff, 0xff, 0xff, 0xff,
    0xff, 0xff, 0xff, 0xff, 0xff, 0xff, 0xff, 0xff,
    0xff, 0xff, 0xff, 0xff, 0xff, 0xff, 0xff, 0xff,
    0xff, 0xff, 0xff, 0xff, 0xff, 0xff, 0xff, 0xff,
    0xff, 0xff, 0xff, 0xff, 0xff, 0xff, 0xff, 0xff,
    0xff, 0xff, 0xff, 0xff, 0xff, 0xff, 0xff, 0xff,
    0xff, 0xff, 0xff, 0xff, 0xff, 0xff, 0xff, 0xff,
    0xff, 0xff, 0xff, 0xff, 0xff, 0xff, 0xff, 0xff,
    0x8f, 0xff, 0xff, 0xff, 0xff, 0xff, 0xff, 0xf8,

    /* U+F093 "" */
    0x0, 0x0, 0x0, 0xb, 0xb0, 0x0, 0x0, 0x0,
    0x0, 0x0, 0x0, 0xbf, 0xfb, 0x0, 0x0, 0x0,
    0x0, 0x0, 0xb, 0xff, 0xff, 0xb0, 0x0, 0x0,
    0x0, 0x0, 0xbf, 0xff, 0xff, 0xfb, 0x0, 0x0,
    0x0, 0xb, 0xff, 0xff, 0xff, 0xff, 0xb0, 0x0,
    0x0, 0x4f, 0xff, 0xff, 0xff, 0xff, 0xf4, 0x0,
    0x0, 0x0, 0x0, 0xff, 0xff, 0x0, 0x0, 0x0,
    0x0, 0x0, 0x0, 0xff, 0xff, 0x0, 0x0, 0x0,
    0x0, 0x0, 0x0, 0xff, 0xff, 0x0, 0x0, 0x0,
    0x0, 0x0, 0x0, 0xff, 0xff, 0x0, 0x0, 0x0,
    0x0, 0x0, 0x0, 0xff, 0xff, 0x0, 0x0, 0x0,
    0xdf, 0xff, 0xf0, 0xdf, 0xfd, 0xf, 0xff, 0xfd,
    0xff, 0xff, 0xf9, 0x0, 0x0, 0x9f, 0xff, 0xff,
    0xff, 0xff, 0xff, 0xff, 0xff, 0xff, 0xff, 0xff,
    0xff, 0xff, 0xff, 0xff, 0xff, 0xf0, 0xe0, 0xff,
    0xdf, 0xff, 0xff, 0xff, 0xff, 0xff, 0xff, 0xfd,

    /* U+F095 "" */
    0x0, 0x0, 0x0, 0x0, 0x0, 0x0, 0x0, 0x0,
    0x0, 0x0, 0x0, 0x0, 0x0, 0x0, 0xa, 0xea,
    0x62, 0x0, 0x0, 0x0, 0x0, 0x0, 0x2, 0xff,
    0xff, 0xf0, 0x0, 0x0, 0x0, 0x0, 0x0, 0x9f,
    0xff, 0xff, 0x0, 0x0, 0x0, 0x0, 0x0, 0xf,
    0xff, 0xff, 0xd0, 0x0, 0x0, 0x0, 0x0, 0x2,
    0xff, 0xff, 0xfb, 0x0, 0x0, 0x0, 0x0, 0x0,
    0x3, 0xef, 0xff, 0x70, 0x0, 0x0, 0x0, 0x0,
    0x0, 0x4, 0xff, 0xf2, 0x0, 0x0, 0x0, 0x0,
    0x0, 0x0, 0xbf, 0xfb, 0x0, 0x0, 0x0, 0x0,
    0x0, 0x0, 0x6f, 0xff, 0x30, 0x0, 0x0, 0x2,
    0x0, 0x0, 0x4f, 0xff, 0x90, 0x0, 0x2, 0x8f,
    0xf3, 0x0, 0x6f, 0xff, 0xd0, 0x0, 0xa, 0xff,
    0xff, 0xe4, 0xbf, 0xff, 0xd1, 0x0, 0x0, 0xef,
    0xff, 0xff, 0xff, 0xff, 0xd1, 0x0, 0x0, 0xa,
    0xff, 0xff, 0xff, 0xff, 0x90, 0x0, 0x0, 0x0,
    0x6f, 0xff, 0xff, 0xfb, 0x30, 0x0, 0x0, 0x0,
    0x2, 0xff, 0xdb, 0x72, 0x0, 0x0, 0x0, 0x0,
    0x0,

    /* U+F0C4 "" */
    0x8, 0xee, 0x80, 0x0, 0x0, 0x6, 0x61, 0x8,
    0xff, 0xff, 0x80, 0x0, 0x2d, 0xff, 0xd0, 0xef,
    0x33, 0xfe, 0x0, 0x2e, 0xff, 0xf3, 0xe, 0xf3,
    0x3f, 0xe0, 0x2e, 0xff, 0xf3, 0x0, 0x8f, 0xff,
    0xff, 0x6e, 0xff, 0xf3, 0x0, 0x0, 0x8e, 0xff,
    0xff, 0xff, 0xf3, 0x0, 0x0, 0x0, 0x2, 0xef,
    0xff, 0xf3, 0x0, 0x0, 0x0, 0x0, 0x2e, 0xff,
    0xff, 0x30, 0x0, 0x0, 0x8, 0xef, 0xff, 0xff,
    0xff, 0x30, 0x0, 0x8, 0xff, 0xff, 0xf6, 0xef,
    0xff, 0x30, 0x0, 0xef, 0x33, 0xfe, 0x2, 0xef,
    0xff, 0x30, 0xe, 0xf3, 0x3f, 0xe0, 0x2, 0xef,
    0xff, 0x30, 0x8f, 0xff, 0xf8, 0x0, 0x2, 0xdf,
    0xfd, 0x0, 0x8e, 0xe8, 0x0, 0x0, 0x0, 0x66,
    0x10,

    /* U+F0C5 "" */
    0x0, 0x0, 0xdf, 0xff, 0xff, 0xd, 0x10, 0x0,
    0x0, 0xff, 0xff, 0xff, 0xf, 0xd1, 0x0, 0x0,
    0xff, 0xff, 0xff, 0xf, 0xfd, 0xdf, 0xf0, 0xff,
    0xff, 0xff, 0x20, 0x0, 0xff, 0xf0, 0xff, 0xff,
    0xff, 0xff, 0xff, 0xff, 0xf0, 0xff, 0xff, 0xff,
    0xff, 0xff, 0xff, 0xf0, 0xff, 0xff, 0xff, 0xff,
    0xff, 0xff, 0xf0, 0xff, 0xff, 0xff, 0xff, 0xff,
    0xff, 0xf0, 0xff, 0xff, 0xff, 0xff, 0xff, 0xff,
    0xf0, 0xff, 0xff, 0xff, 0xff, 0xff, 0xff, 0xf0,
    0xff, 0xff, 0xff, 0xff, 0xff, 0xff, 0xf0, 0xff,
    0xff, 0xff, 0xff, 0xff, 0xff, 0xf0, 0xdf, 0xff,
    0xff, 0xff, 0xfd, 0xff, 0xf9, 0x0, 0x0, 0x0,
    0x0, 0x0, 0xff, 0xff, 0xff, 0xff, 0xff, 0x0,
    0x0, 0xdf, 0xff, 0xff, 0xff, 0xfd, 0x0, 0x0,

    /* U+F0C7 "" */
    0x8f, 0xff, 0xff, 0xff, 0xff, 0xc1, 0x0, 0xff,
    0xff, 0xff, 0xff, 0xff, 0xfd, 0x10, 0xff, 0x0,
    0x0, 0x0, 0x1, 0xff, 0xd1, 0xff, 0x0, 0x0,
    0x0, 0x0, 0xff, 0xfc, 0xff, 0x0, 0x0, 0x0,
    0x0, 0xff, 0xff, 0xff, 0x0, 0x0, 0x0, 0x0,
    0xff, 0xff, 0xff, 0xff, 0xff, 0xff, 0xff, 0xff,
    0xff, 0xff, 0xff, 0xff, 0xff, 0xff, 0xff, 0xff,
    0xff, 0xff, 0xfb, 0x11, 0xbf, 0xff, 0xff, 0xff,
    0xff, 0xf1, 0x0, 0x1f, 0xff, 0xff, 0xff, 0xff,
    0xf1, 0x0, 0x1f, 0xff, 0xff, 0xff, 0xff, 0xfb,
    0x11, 0xbf, 0xff, 0xff, 0xff, 0xff, 0xff, 0xff,
    0xff, 0xff, 0xff, 0x8f, 0xff, 0xff, 0xff, 0xff,
    0xff, 0xf8,

    /* U+F0C9 "" */
    0x12, 0x22, 0x22, 0x22, 0x22, 0x22, 0x21, 0xff,
    0xff, 0xff, 0xff, 0xff, 0xff, 0xff, 0xff, 0xff,
    0xff, 0xff, 0xff, 0xff, 0xff, 0x12, 0x22, 0x22,
    0x22, 0x22, 0x22, 0x21, 0x0, 0x0, 0x0, 0x0,
    0x0, 0x0, 0x0, 0x12, 0x22, 0x22, 0x22, 0x22,
    0x22, 0x21, 0xff, 0xff, 0xff, 0xff, 0xff, 0xff,
    0xff, 0xff, 0xff, 0xff, 0xff, 0xff, 0xff, 0xff,
    0x12, 0x22, 0x22, 0x22, 0x22, 0x22, 0x21, 0x0,
    0x0, 0x0, 0x0, 0x0, 0x0, 0x0, 0x12, 0x22,
    0x22, 0x22, 0x22, 0x22, 0x21, 0xff, 0xff, 0xff,
    0xff, 0xff, 0xff, 0xff, 0xff, 0xff, 0xff, 0xff,
    0xff, 0xff, 0xff, 0x12, 0x22, 0x22, 0x22, 0x22,
    0x22, 0x21,

    /* U+F0E0 "" */
    0x8f, 0xff, 0xff, 0xff, 0xff, 0xff, 0xff, 0xf8,
    0xff, 0xff, 0xff, 0xff, 0xff, 0xff, 0xff, 0xff,
    0xcf, 0xff, 0xff, 0xff, 0xff, 0xff, 0xff, 0xfc,
    0x9, 0xff, 0xff, 0xff, 0xff, 0xff, 0xff, 0x90,
    0xd2, 0x5f, 0xff, 0xff, 0xff, 0xff, 0xf5, 0x2d,
    0xff, 0x62, 0xcf, 0xff, 0xff, 0xfc, 0x26, 0xff,
    0xff, 0xfa, 0x18, 0xff, 0xff, 0x81, 0xaf, 0xff,
    0xff, 0xff, 0xe3, 0x4d, 0xd4, 0x3e, 0xff, 0xff,
    0xff, 0xff, 0xff, 0x81, 0x18, 0xff, 0xff, 0xff,
    0xff, 0xff, 0xff, 0xff, 0xff, 0xff, 0xff, 0xff,
    0xff, 0xff, 0xff, 0xff, 0xff, 0xff, 0xff, 0xff,
    0x8f, 0xff, 0xff, 0xff, 0xff, 0xff, 0xff, 0xf8,

    /* U+F0E7 "" */
    0x0, 0xdf, 0xff, 0xfd, 0x0, 0x0, 0x1, 0xff,
    0xff, 0xfc, 0x0, 0x0, 0x3, 0xff, 0xff, 0xf7,
    0x0, 0x0, 0x6, 0xff, 0xff, 0xf2, 0x0, 0x0,
    0x8, 0xff, 0xff, 0xd0, 0x0, 0x0, 0xa, 0xff,
    0xff, 0xff, 0xff, 0xd0, 0xc, 0xff, 0xff, 0xff,
    0xff, 0xa0, 0xe, 0xff, 0xff, 0xff, 0xff, 0x20,
    0xd, 0xff, 0xff, 0xff, 0xf8, 0x0, 0x0, 0x0,
    0xa, 0xff, 0xe0, 0x0, 0x0, 0x0, 0xe, 0xff,
    0x50, 0x0, 0x0, 0x0, 0x2f, 0xfc, 0x0, 0x0,
    0x0, 0x0, 0x5f, 0xf3, 0x0, 0x0, 0x0, 0x0,
    0x9f, 0xa0, 0x0, 0x0, 0x0, 0x0, 0xdf, 0x10,
    0x0, 0x0, 0x0, 0x0, 0xd7, 0x0, 0x0, 0x0,

    /* U+F0EA "" */
    0x0, 0x4, 0xde, 0x40, 0x0, 0x0, 0x0, 0xdf,
    0xff, 0x99, 0xff, 0xfd, 0x0, 0x0, 0xff, 0xff,
    0x99, 0xff, 0xff, 0x0, 0x0, 0xff, 0xff, 0xff,
    0xff, 0xff, 0x0, 0x0, 0xff, 0xff, 0x90, 0x0,
    0x0, 0x0, 0x0, 0xff, 0xff, 0xd, 0xff, 0xff,
    0xd, 0x10, 0xff, 0xff, 0xf, 0xff, 0xff, 0xf,
    0xd1, 0xff, 0xff, 0xf, 0xff, 0xff, 0xf, 0xfd,
    0xff, 0xff, 0xf, 0xff, 0xff, 0x20, 0x0, 0xff,
    0xff, 0xf, 0xff, 0xff, 0xff, 0xff, 0xff, 0xff,
    0xf, 0xff, 0xff, 0xff, 0xff, 0xff, 0xff, 0xf,
    0xff, 0xff, 0xff, 0xff, 0xdf, 0xff, 0xf, 0xff,
    0xff, 0xff, 0xff, 0x0, 0x0, 0xf, 0xff, 0xff,
    0xff, 0xff, 0x0, 0x0, 0xf, 0xff, 0xff, 0xff,
    0xff, 0x0, 0x0, 0xd, 0xff, 0xff, 0xff, 0xfd,

    /* U+F0F3 "" */
    0x0, 0x0, 0x0, 0xcc, 0x0, 0x0, 0x0, 0x0,
    0x0, 0x2, 0xff, 0x30, 0x0, 0x0, 0x0, 0x1,
    0xbf, 0xff, 0xfc, 0x20, 0x0, 0x0, 0x1e, 0xff,
    0xff, 0xff, 0xe1, 0x0, 0x0, 0x9f, 0xff, 0xff,
    0xff, 0xf8, 0x0, 0x0, 0xef, 0xff, 0xff, 0xff,
    0xfd, 0x0, 0x0, 0xff, 0xff, 0xff, 0xff, 0xff,
    0x0, 0x1, 0xff, 0xff, 0xff, 0xff, 0xff, 0x0,
    0x3, 0xff, 0xff, 0xff, 0xff, 0xff, 0x30, 0x8,
    0xff, 0xff, 0xff, 0xff, 0xff, 0x80, 0x1e, 0xff,
    0xff, 0xff, 0xff, 0xff, 0xe1, 0xcf, 0xff, 0xff,
    0xff, 0xff, 0xff, 0xfc, 0xcf, 0xff, 0xff, 0xff,
    0xff, 0xff, 0xfc, 0x0, 0x0, 0x0, 0x0, 0x0,
    0x0, 0x0, 0x0, 0x0, 0xe, 0xff, 0xe0, 0x0,
    0x0, 0x0, 0x0, 0x4, 0xee, 0x40, 0x0, 0x0,

    /* U+F11C "" */
    0x8f, 0xff, 0xff, 0xff, 0xff, 0xff, 0xff, 0xff,
    0xf8, 0xff, 0xff, 0xff, 0xff, 0xff, 0xff, 0xff,
    0xff, 0xff, 0xff, 0x0, 0xf0, 0xf, 0x0, 0xf0,
    0xf, 0x0, 0xff, 0xff, 0x0, 0xf0, 0xf, 0x0,
    0xf0, 0xf, 0x0, 0xff, 0xff, 0xff, 0xff, 0xff,
    0xff, 0xff, 0xff, 0xff, 0xff, 0xff, 0xf8, 0x8,
    0x80, 0x88, 0x8, 0x80, 0x8f, 0xff, 0xff, 0xf8,
    0x8, 0x80, 0x88, 0x8, 0x80, 0x8f, 0xff, 0xff,
    0xff, 0xff, 0xff, 0xff, 0xff, 0xff, 0xff, 0xff,
    0xff, 0x0, 0xf0, 0x0, 0x0, 0x0, 0xf, 0x0,
    0xff, 0xff, 0x0, 0xf0, 0x0, 0x0, 0x0, 0xf,
    0x0, 0xff, 0xff, 0xff, 0xff, 0xff, 0xff, 0xff,
    0xff, 0xff, 0xff, 0x8f, 0xff, 0xff, 0xff, 0xff,
    0xff, 0xff, 0xff, 0xf8,

    /* U+F124 "" */
    0x0, 0x0, 0x0, 0x0, 0x0, 0x0, 0x0, 0x0,
    0x0, 0x0, 0x0, 0x0, 0x0, 0x0, 0x0, 0x3,
    0xaf, 0x70, 0x0, 0x0, 0x0, 0x0, 0x0, 0x4,
    0xcf, 0xff, 0xf0, 0x0, 0x0, 0x0, 0x0, 0x6,
    0xdf, 0xff, 0xff, 0xa0, 0x0, 0x0, 0x0, 0x17,
    0xef, 0xff, 0xff, 0xff, 0x30, 0x0, 0x0, 0x18,
    0xff, 0xff, 0xff, 0xff, 0xfc, 0x0, 0x0, 0x2a,
    0xff, 0xff, 0xff, 0xff, 0xff, 0xf4, 0x0, 0x8,
    0xff, 0xff, 0xff, 0xff, 0xff, 0xff, 0xd0, 0x0,
    0xf, 0xff, 0xff, 0xff, 0xff, 0xff, 0xff, 0x60,
    0x0, 0x8, 0xff, 0xff, 0xff, 0xff, 0xff, 0xfe,
    0x0, 0x0, 0x0, 0x0, 0x0, 0x0, 0xff, 0xff,
    0xf7, 0x0, 0x0, 0x0, 0x0, 0x0, 0x0, 0xff,
    0xff, 0xf1, 0x0, 0x0, 0x0, 0x0, 0x0, 0x0,
    0xff, 0xff, 0x80, 0x0, 0x0, 0x0, 0x0, 0x0,
    0x0, 0xff, 0xff, 0x10, 0x0, 0x0, 0x0, 0x0,
    0x0, 0x0, 0xff, 0xfa, 0x0, 0x0, 0x0, 0x0,
    0x0, 0x0, 0x0, 0xff, 0xf2, 0x0, 0x0, 0x0,
    0x0, 0x0, 0x0, 0x0, 0x8f, 0x80, 0x0, 0x0,
    0x0, 0x0, 0x0, 0x0, 0x0, 0x0, 0x0, 0x0,
    0x0, 0x0,

    /* U+F15B "" */
    0xdf, 0xff, 0xff, 0xf0, 0xd1, 0x0, 0xff, 0xff,
    0xff, 0xf0, 0xfd, 0x10, 0xff, 0xff, 0xff, 0xf0,
    0xff, 0xd1, 0xff, 0xff, 0xff, 0xf0, 0xff, 0xfd,
    0xff, 0xff, 0xff, 0xf2, 0x0, 0x0, 0xff, 0xff,
    0xff, 0xff, 0xff, 0xff, 0xff, 0xff, 0xff, 0xff,
    0xff, 0xff, 0xff, 0xff, 0xff, 0xff, 0xff, 0xff,
    0xff, 0xff, 0xff, 0xff, 0xff, 0xff, 0xff, 0xff,
    0xff, 0xff, 0xff, 0xff, 0xff, 0xff, 0xff, 0xff,
    0xff, 0xff, 0xff, 0xff, 0xff, 0xff, 0xff, 0xff,
    0xff, 0xff, 0xff, 0xff, 0xff, 0xff, 0xff, 0xff,
    0xff, 0xff, 0xff, 0xff, 0xff, 0xff, 0xff, 0xff,
    0xff, 0xff, 0xdf, 0xff, 0xff, 0xff, 0xff, 0xfd,

    /* U+F1EB "" */
    0x0, 0x0, 0x0, 0x0, 0x0, 0x0, 0x0, 0x0,
    0x0, 0x0, 0x0, 0x0, 0x4, 0x9c, 0xef, 0xfe,
    0xc9, 0x40, 0x0, 0x0, 0x0, 0x7, 0xef, 0xff,
    0xff, 0xff, 0xff, 0xfe, 0x70, 0x0, 0x4, 0xdf,
    0xff, 0xfc, 0xa8, 0x8a, 0xcf, 0xff, 0xfd, 0x40,
    0x6f, 0xff, 0xd5, 0x0, 0x0, 0x0, 0x0, 0x5d,
    0xff, 0xf6, 0xcf, 0xf6, 0x0, 0x0, 0x0, 0x0,
    0x0, 0x0, 0x6f, 0xfc, 0x1a, 0x30, 0x0, 0x5a,
    0xdf, 0xfd, 0xa5, 0x0, 0x3, 0xa1, 0x0, 0x0,
    0x4d, 0xff, 0xff, 0xff, 0xff, 0xd4, 0x0, 0x0,
    0x0, 0x5, 0xff, 0xfe, 0xa8, 0x8a, 0xef, 0xff,
    0x50, 0x0, 0x0, 0x1, 0xdf, 0x70, 0x0, 0x0,
    0x7, 0xfd, 0x10, 0x0, 0x0, 0x0, 0x12, 0x0,
    0x0, 0x0, 0x0, 0x21, 0x0, 0x0, 0x0, 0x0,
    0x0, 0x0, 0x4e, 0xe4, 0x0, 0x0, 0x0, 0x0,
    0x0, 0x0, 0x0, 0x0, 0xef, 0xfe, 0x0, 0x0,
    0x0, 0x0, 0x0, 0x0, 0x0, 0x0, 0xef, 0xfe,
    0x0, 0x0, 0x0, 0x0, 0x0, 0x0, 0x0, 0x0,
    0x4e, 0xe4, 0x0, 0x0, 0x0, 0x0,

    /* U+F240 "" */
    0x8f, 0xff, 0xff, 0xff, 0xff, 0xff, 0xff, 0xff,
    0xff, 0x80, 0xff, 0xff, 0xff, 0xff, 0xff, 0xff,
    0xff, 0xff, 0xff, 0xf0, 0xff, 0x0, 0x0, 0x0,
    0x0, 0x0, 0x0, 0x0, 0xf, 0xfd, 0xff, 0xf,
    0xff, 0xff, 0xff, 0xff, 0xff, 0xff, 0xf, 0xff,
    0xff, 0xf, 0xff, 0xff, 0xff, 0xff, 0xff, 0xff,
    0x0, 0xff, 0xff, 0xf, 0xff, 0xff, 0xff, 0xff,
    0xff, 0xff, 0x0, 0xff, 0xff, 0xf, 0xff, 0xff,
    0xff, 0xff, 0xff, 0xff, 0xf, 0xff, 0xff, 0x0,
    0x0, 0x0, 0x0, 0x0, 0x0, 0x0, 0xf, 0xfd,
    0xff, 0xff, 0xff, 0xff, 0xff, 0xff, 0xff, 0xff,
    0xff, 0xf0, 0x8f, 0xff, 0xff, 0xff, 0xff, 0xff,
    0xff, 0xff, 0xff, 0x80,

    /* U+F241 "" */
    0x8f, 0xff, 0xff, 0xff, 0xff, 0xff, 0xff, 0xff,
    0xff, 0x80, 0xff, 0xff, 0xff, 0xff, 0xff, 0xff,
    0xff, 0xff, 0xff, 0xf0, 0xff, 0x0, 0x0, 0x0,
    0x0, 0x0, 0x0, 0x0, 0xf, 0xfd, 0xff, 0xf,
    0xff, 0xff, 0xff, 0xff, 0xf0, 0x0, 0xf, 0xff,
    0xff, 0xf, 0xff, 0xff, 0xff, 0xff, 0xf0, 0x0,
    0x0, 0xff, 0xff, 0xf, 0xff, 0xff, 0xff, 0xff,
    0xf0, 0x0, 0x0, 0xff, 0xff, 0xf, 0xff, 0xff,
    0xff, 0xff, 0xf0, 0x0, 0xf, 0xff, 0xff, 0x0,
    0x0, 0x0, 0x0, 0x0, 0x0, 0x0, 0xf, 0xfd,
    0xff, 0xff, 0xff, 0xff, 0xff, 0xff, 0xff, 0xff,
    0xff, 0xf0, 0x8f, 0xff, 0xff, 0xff, 0xff, 0xff,
    0xff, 0xff, 0xff, 0x80,

    /* U+F242 "" */
    0x8f, 0xff, 0xff, 0xff, 0xff, 0xff, 0xff, 0xff,
    0xff, 0x80, 0xff, 0xff, 0xff, 0xff, 0xff, 0xff,
    0xff, 0xff, 0xff, 0xf0, 0xff, 0x0, 0x0, 0x0,
    0x0, 0x0, 0x0, 0x0, 0xf, 0xfd, 0xff, 0xf,
    0xff, 0xff, 0xff, 0x0, 0x0, 0x0, 0xf, 0xff,
    0xff, 0xf, 0xff, 0xff, 0xff, 0x0, 0x0, 0x0,
    0x0, 0xff, 0xff, 0xf, 0xff, 0xff, 0xff, 0x0,
    0x0, 0x0, 0x0, 0xff, 0xff, 0xf, 0xff, 0xff,
    0xff, 0x0, 0x0, 0x0, 0xf, 0xff, 0xff, 0x0,
    0x0, 0x0, 0x0, 0x0, 0x0, 0x0, 0xf, 0xfd,
    0xff, 0xff, 0xff, 0xff, 0xff, 0xff, 0xff, 0xff,
    0xff, 0xf0, 0x8f, 0xff, 0xff, 0xff, 0xff, 0xff,
    0xff, 0xff, 0xff, 0x80,

    /* U+F243 "" */
    0x8f, 0xff, 0xff, 0xff, 0xff, 0xff, 0xff, 0xff,
    0xff, 0x80, 0xff, 0xff, 0xff, 0xff, 0xff, 0xff,
    0xff, 0xff, 0xff, 0xf0, 0xff, 0x0, 0x0, 0x0,
    0x0, 0x0, 0x0, 0x0, 0xf, 0xfd, 0xff, 0xf,
    0xff, 0xf0, 0x0, 0x0, 0x0, 0x0, 0xf, 0xff,
    0xff, 0xf, 0xff, 0xf0, 0x0, 0x0, 0x0, 0x0,
    0x0, 0xff, 0xff, 0xf, 0xff, 0xf0, 0x0, 0x0,
    0x0, 0x0, 0x0, 0xff, 0xff, 0xf, 0xff, 0xf0,
    0x0, 0x0, 0x0, 0x0, 0xf, 0xff, 0xff, 0x0,
    0x0, 0x0, 0x0, 0x0, 0x0, 0x0, 0xf, 0xfd,
    0xff, 0xff, 0xff, 0xff, 0xff, 0xff, 0xff, 0xff,
    0xff, 0xf0, 0x8f, 0xff, 0xff, 0xff, 0xff, 0xff,
    0xff, 0xff, 0xff, 0x80,

    /* U+F244 "" */
    0x8f, 0xff, 0xff, 0xff, 0xff, 0xff, 0xff, 0xff,
    0xff, 0x80, 0xff, 0xff, 0xff, 0xff, 0xff, 0xff,
    0xff, 0xff, 0xff, 0xf0, 0xff, 0x0, 0x0, 0x0,
    0x0, 0x0, 0x0, 0x0, 0xf, 0xfd, 0xff, 0x0,
    0x0, 0x0, 0x0, 0x0, 0x0, 0x0, 0xf, 0xff,
    0xff, 0x0, 0x0, 0x0, 0x0, 0x0, 0x0, 0x0,
    0x0, 0xff, 0xff, 0x0, 0x0, 0x0, 0x0, 0x0,
    0x0, 0x0, 0x0, 0xff, 0xff, 0x0, 0x0, 0x0,
    0x0, 0x0, 0x0, 0x0, 0xf, 0xff, 0xff, 0x0,
    0x0, 0x0, 0x0, 0x0, 0x0, 0x0, 0xf, 0xfd,
    0xff, 0xff, 0xff, 0xff, 0xff, 0xff, 0xff, 0xff,
    0xff, 0xf0, 0x8f, 0xff, 0xff, 0xff, 0xff, 0xff,
    0xff, 0xff, 0xff, 0x80,

    /* U+F287 "" */
    0x0, 0x0, 0x0, 0x0, 0x0, 0x1, 0x0, 0x0,
    0x0, 0x0, 0x0, 0x0, 0x0, 0x0, 0x0, 0x7,
    0xfd, 0x10, 0x0, 0x0, 0x0, 0x0, 0x0, 0x0,
    0x1, 0xcf, 0xff, 0xf5, 0x0, 0x0, 0x0, 0x0,
    0x0, 0x0, 0x0, 0xb9, 0x29, 0xfe, 0x10, 0x0,
    0x0, 0x0, 0x0, 0x0, 0x0, 0x3f, 0x10, 0x2,
    0x0, 0x0, 0x0, 0x0, 0x3, 0xdf, 0x80, 0xa,
    0x90, 0x0, 0x0, 0x0, 0x3, 0x70, 0x0, 0xdf,
    0xff, 0x77, 0xf7, 0x55, 0x55, 0x55, 0x55, 0x8f,
    0xd3, 0xf, 0xff, 0xfd, 0xcc, 0xdf, 0xdc, 0xcc,
    0xcc, 0xcd, 0xff, 0xb0, 0x8f, 0xfe, 0x10, 0x0,
    0xaa, 0x0, 0x0, 0x0, 0x4d, 0x40, 0x0, 0x46,
    0x10, 0x0, 0x1, 0xf2, 0x2, 0x33, 0x10, 0x0,
    0x0, 0x0, 0x0, 0x0, 0x0, 0x9, 0xb1, 0xcf,
    0xf9, 0x0, 0x0, 0x0, 0x0, 0x0, 0x0, 0x0,
    0xa, 0xff, 0xff, 0x90, 0x0, 0x0, 0x0, 0x0,
    0x0, 0x0, 0x0, 0x0, 0xbf, 0xf9, 0x0, 0x0,
    0x0, 0x0, 0x0, 0x0, 0x0, 0x0, 0x1, 0x22,
    0x0, 0x0, 0x0,

    /* U+F293 "" */
    0x0, 0x18, 0xdf, 0xfd, 0x92, 0x0, 0x2, 0xef,
    0xfb, 0xef, 0xff, 0x40, 0xd, 0xff, 0xfa, 0x2e,
    0xff, 0xe0, 0x4f, 0xff, 0xfa, 0x3, 0xff, 0xf5,
    0x9f, 0xfa, 0xfa, 0x35, 0x4f, 0xfa, 0xcf, 0xc0,
    0x8a, 0x3d, 0xb, 0xfd, 0xef, 0xfb, 0x3, 0x11,
    0x8f, 0xfe, 0xff, 0xff, 0xb0, 0x6, 0xff, 0xff,
    0xff, 0xff, 0xd1, 0x8, 0xff, 0xff, 0xef, 0xfd,
    0x11, 0x10, 0x9f, 0xff, 0xdf, 0xd1, 0x59, 0x3b,
    0xb, 0xfd, 0xaf, 0xd6, 0xfa, 0x37, 0x1d, 0xfb,
    0x5f, 0xff, 0xfa, 0x1, 0xdf, 0xf7, 0xd, 0xff,
    0xfa, 0x1d, 0xff, 0xf1, 0x3, 0xef, 0xfc, 0xdf,
    0xff, 0x50, 0x0, 0x18, 0xdf, 0xfe, 0xa3, 0x0,

    /* U+F2ED "" */
    0x0, 0x0, 0x7f, 0xff, 0xf7, 0x0, 0x0, 0xef,
    0xff, 0xff, 0xff, 0xff, 0xff, 0xfe, 0xef, 0xff,
    0xff, 0xff, 0xff, 0xff, 0xfe, 0x0, 0x0, 0x0,
    0x0, 0x0, 0x0, 0x0, 0xf, 0xff, 0xff, 0xff,
    0xff, 0xff, 0xf0, 0xf, 0xff, 0xff, 0xff, 0xff,
    0xff, 0xf0, 0xf, 0xf9, 0x9f, 0x99, 0xf9, 0x9f,
    0xf0, 0xf, 0xf8, 0x8f, 0x88, 0xf8, 0x8f, 0xf0,
    0xf, 0xf8, 0x8f, 0x88, 0xf8, 0x8f, 0xf0, 0xf,
    0xf8, 0x8f, 0x88, 0xf8, 0x8f, 0xf0, 0xf, 0xf8,
    0x8f, 0x88, 0xf8, 0x8f, 0xf0, 0xf, 0xf8, 0x8f,
    0x88, 0xf8, 0x8f, 0xf0, 0xf, 0xf8, 0x8f, 0x88,
    0xf8, 0x8f, 0xf0, 0xf, 0xf9, 0x9f, 0x99, 0xf9,
    0x9f, 0xf0, 0xf, 0xff, 0xff, 0xff, 0xff, 0xff,
    0xf0, 0x8, 0xff, 0xff, 0xff, 0xff, 0xff, 0x80,

    /* U+F304 "" */
    0x0, 0x0, 0x0, 0x0, 0x0, 0x0, 0x7f, 0xa0,
    0x0, 0x0, 0x0, 0x0, 0x0, 0x0, 0x7f, 0xff,
    0xb0, 0x0, 0x0, 0x0, 0x0, 0x0, 0xd, 0xff,
    0xff, 0xa0, 0x0, 0x0, 0x0, 0x0, 0x7a, 0x1d,
    0xff, 0xff, 0x0, 0x0, 0x0, 0x0, 0x7f, 0xfa,
    0x1d, 0xff, 0x70, 0x0, 0x0, 0x0, 0x7f, 0xff,
    0xfa, 0x1d, 0x70, 0x0, 0x0, 0x0, 0x7f, 0xff,
    0xff, 0xfa, 0x0, 0x0, 0x0, 0x0, 0x7f, 0xff,
    0xff, 0xff, 0x70, 0x0, 0x0, 0x0, 0x7f, 0xff,
    0xff, 0xff, 0x70, 0x0, 0x0, 0x0, 0x7f, 0xff,
    0xff, 0xff, 0x70, 0x0, 0x0, 0x0, 0x7f, 0xff,
    0xff, 0xff, 0x70, 0x0, 0x0, 0x0, 0x6f, 0xff,
    0xff, 0xff, 0x70, 0x0, 0x0, 0x0, 0xb, 0xff,
    0xff, 0xff, 0x70, 0x0, 0x0, 0x0, 0x0, 0xdf,
    0xff, 0xff, 0x70, 0x0, 0x0, 0x0, 0x0, 0xe,
    0xff, 0xff, 0x70, 0x0, 0x0, 0x0, 0x0, 0x0,
    0xde, 0xdb, 0x60, 0x0, 0x0, 0x0, 0x0, 0x0,
    0x0, 0x0, 0x0, 0x0, 0x0, 0x0, 0x0, 0x0,
    0x0,

    /* U+F55A "" */
    0x0, 0x0, 0x1b, 0xff, 0xff, 0xff, 0xff, 0xff,
    0xff, 0xe4, 0x0, 0x1, 0xdf, 0xff, 0xff, 0xff,
    0xff, 0xff, 0xff, 0xfe, 0x0, 0x1d, 0xff, 0xff,
    0xfa, 0xef, 0xfe, 0xaf, 0xff, 0xff, 0x1, 0xdf,
    0xff, 0xff, 0xa0, 0x2e, 0xe2, 0xa, 0xff, 0xff,
    0x1d, 0xff, 0xff, 0xff, 0xe2, 0x2, 0x20, 0x2e,
    0xff, 0xff, 0xcf, 0xff, 0xff, 0xff, 0xfe, 0x20,
    0x2, 0xef, 0xff, 0xff, 0xcf, 0xff, 0xff, 0xff,
    0xfe, 0x20, 0x2, 0xef, 0xff, 0xff, 0x1d, 0xff,
    0xff, 0xff, 0xe2, 0x2, 0x20, 0x2e, 0xff, 0xff,
    0x1, 0xdf, 0xff, 0xff, 0xa0, 0x2e, 0xe2, 0xa,
    0xff, 0xff, 0x0, 0x1d, 0xff, 0xff, 0xfa, 0xef,
    0xfe, 0xaf, 0xff, 0xff, 0x0, 0x1, 0xdf, 0xff,
    0xff, 0xff, 0xff, 0xff, 0xff, 0xfe, 0x0, 0x0,
    0x1b, 0xff, 0xff, 0xff, 0xff, 0xff, 0xff, 0xe4,

    /* U+F7C2 "" */
    0x0, 0x7, 0xff, 0xff, 0xff, 0xe4, 0x0, 0x7f,
    0xff, 0xff, 0xff, 0xfe, 0x7, 0xf8, 0xf, 0xb,
    0x40, 0xff, 0x7f, 0xf8, 0xf, 0xb, 0x40, 0xff,
    0xff, 0xf8, 0xf, 0xb, 0x40, 0xff, 0xff, 0xff,
    0xff, 0xff, 0xff, 0xff, 0xff, 0xff, 0xff, 0xff,
    0xff, 0xff, 0xff, 0xff, 0xff, 0xff, 0xff, 0xff,
    0xff, 0xff, 0xff, 0xff, 0xff, 0xff, 0xff, 0xff,
    0xff, 0xff, 0xff, 0xff, 0xff, 0xff, 0xff, 0xff,
    0xff, 0xff, 0xff, 0xff, 0xff, 0xff, 0xff, 0xff,
    0xff, 0xff, 0xff, 0xff, 0xff, 0xff, 0xff, 0xff,
    0xff, 0xff, 0xff, 0xff, 0xef, 0xff, 0xff, 0xff,
    0xff, 0xfe, 0x4e, 0xff, 0xff, 0xff, 0xff, 0xe4,

    /* U+F8A2 "" */
    0x0, 0x0, 0x0, 0x0, 0x0, 0x0, 0x0, 0x1,
    0x0, 0x0, 0x0, 0x0, 0x0, 0x0, 0x0, 0x3,
    0xe0, 0x0, 0x0, 0x10, 0x0, 0x0, 0x0, 0x2,
    0xef, 0x10, 0x0, 0xbf, 0x0, 0x0, 0x0, 0x0,
    0x7f, 0xf1, 0x0, 0xcf, 0xf1, 0x0, 0x0, 0x0,
    0x7, 0xff, 0x11, 0xcf, 0xff, 0x77, 0x77, 0x77,
    0x77, 0xbf, 0xf1, 0xcf, 0xff, 0xff, 0xff, 0xff,
    0xff, 0xff, 0xff, 0x17, 0xff, 0xff, 0xff, 0xff,
    0xff, 0xff, 0xff, 0xe0, 0x7, 0xff, 0xf1, 0x0,
    0x0, 0x0, 0x0, 0x0, 0x0, 0x6, 0xff, 0x10,
    0x0, 0x0, 0x0, 0x0, 0x0, 0x0, 0x5, 0xa0,
    0x0, 0x0, 0x0, 0x0, 0x0, 0x0,

    /* U+FF0C "，" */
    0x27, 0x8, 0xf2, 0x2f, 0x17, 0x80
};


/*---------------------
 *  GLYPH DESCRIPTION
 *--------------------*/

static const lv_font_fmt_txt_glyph_dsc_t glyph_dsc[] = {
    {.bitmap_index = 0, .adv_w = 0, .box_w = 0, .box_h = 0, .ofs_x = 0, .ofs_y = 0} /* id = 0 reserved */,
    {.bitmap_index = 0, .adv_w = 51, .box_w = 0, .box_h = 0, .ofs_x = 0, .ofs_y = 0},
    {.bitmap_index = 0, .adv_w = 59, .box_w = 3, .box_h = 13, .ofs_x = 0, .ofs_y = -1},
    {.bitmap_index = 20, .adv_w = 90, .box_w = 5, .box_h = 5, .ofs_x = 0, .ofs_y = 7},
    {.bitmap_index = 33, .adv_w = 173, .box_w = 10, .box_h = 12, .ofs_x = 0, .ofs_y = 0},
    {.bitmap_index = 93, .adv_w = 141, .box_w = 9, .box_h = 15, .ofs_x = 0, .ofs_y = -3},
    {.bitmap_index = 161, .adv_w = 233, .box_w = 14, .box_h = 13, .ofs_x = 0, .ofs_y = -1},
    {.bitmap_index = 252, .adv_w = 177, .box_w = 11, .box_h = 13, .ofs_x = 0, .ofs_y = -1},
    {.bitmap_index = 324, .adv_w = 49, .box_w = 3, .box_h = 5, .ofs_x = 0, .ofs_y = 7},
    {.bitmap_index = 332, .adv_w = 76, .box_w = 5, .box_h = 15, .ofs_x = 0, .ofs_y = -3},
    {.bitmap_index = 370, .adv_w = 78, .box_w = 5, .box_h = 15, .ofs_x = 0, .ofs_y = -3},
    {.bitmap_index = 408, .adv_w = 138, .box_w = 8, .box_h = 7, .ofs_x = 0, .ofs_y = 5},
    {.bitmap_index = 436, .adv_w = 155, .box_w = 10, .box_h = 9, .ofs_x = 0, .ofs_y = 1},
    {.bitmap_index = 481, .adv_w = 56, .box_w = 3, .box_h = 4, .ofs_x = 0, .ofs_y = -2},
    {.bitmap_index = 487, .adv_w = 131, .box_w = 8, .box_h = 3, .ofs_x = 0, .ofs_y = 4},
    {.bitmap_index = 499, .adv_w = 71, .box_w = 3, .box_h = 2, .ofs_x = 1, .ofs_y = -1},
    {.bitmap_index = 502, .adv_w = 115, .box_w = 7, .box_h = 13, .ofs_x = 0, .ofs_y = -1},
    {.bitmap_index = 548, .adv_w = 169, .box_w = 10, .box_h = 13, .ofs_x = 0, .ofs_y = -1},
    {.bitmap_index = 613, .adv_w = 169, .box_w = 5, .box_h = 13, .ofs_x = 2, .ofs_y = -1},
    {.bitmap_index = 646, .adv_w = 170, .box_w = 11, .box_h = 13, .ofs_x = 0, .ofs_y = -1},
    {.bitmap_index = 718, .adv_w = 169, .box_w = 10, .box_h = 13, .ofs_x = 0, .ofs_y = -1},
    {.bitmap_index = 783, .adv_w = 179, .box_w = 11, .box_h = 13, .ofs_x = 0, .ofs_y = -1},
    {.bitmap_index = 855, .adv_w = 174, .box_w = 11, .box_h = 13, .ofs_x = 0, .ofs_y = -1},
    {.bitmap_index = 927, .adv_w = 180, .box_w = 11, .box_h = 13, .ofs_x = 0, .ofs_y = -1},
    {.bitmap_index = 999, .adv_w = 164, .box_w = 10, .box_h = 13, .ofs_x = 0, .ofs_y = -1},
    {.bitmap_index = 1064, .adv_w = 174, .box_w = 11, .box_h = 13, .ofs_x = 0, .ofs_y = -1},
    {.bitmap_index = 1136, .adv_w = 176, .box_w = 11, .box_h = 13, .ofs_x = 0, .ofs_y = -1},
    {.bitmap_index = 1208, .adv_w = 69, .box_w = 3, .box_h = 9, .ofs_x = 1, .ofs_y = -1},
    {.bitmap_index = 1222, .adv_w = 67, .box_w = 3, .box_h = 10, .ofs_x = 1, .ofs_y = -2},
    {.bitmap_index = 1237, .adv_w = 154, .box_w = 9, .box_h = 8, .ofs_x = 0, .ofs_y = 1},
    {.bitmap_index = 1273, .adv_w = 155, .box_w = 10, .box_h = 6, .ofs_x = 0, .ofs_y = 2},
    {.bitmap_index = 1303, .adv_w = 154, .box_w = 9, .box_h = 8, .ofs_x = 0, .ofs_y = 1},
    {.bitmap_index = 1339, .adv_w = 129, .box_w = 8, .box_h = 13, .ofs_x = 0, .ofs_y = -1},
    {.bitmap_index = 1391, .adv_w = 196, .box_w = 12, .box_h = 13, .ofs_x = 0, .ofs_y = -1},
    {.bitmap_index = 1469, .adv_w = 189, .box_w = 12, .box_h = 13, .ofs_x = 0, .ofs_y = -1},
    {.bitmap_index = 1547, .adv_w = 161, .box_w = 10, .box_h = 13, .ofs_x = 0, .ofs_y = -1},
    {.bitmap_index = 1612, .adv_w = 186, .box_w = 11, .box_h = 13, .ofs_x = 0, .ofs_y = -1},
    {.bitmap_index = 1684, .adv_w = 183, .box_w = 11, .box_h = 13, .ofs_x = 0, .ofs_y = -1},
    {.bitmap_index = 1756, .adv_w = 158, .box_w = 10, .box_h = 13, .ofs_x = 0, .ofs_y = -1},
    {.bitmap_index = 1821, .adv_w = 162, .box_w = 10, .box_h = 13, .ofs_x = 0, .ofs_y = -1},
    {.bitmap_index = 1886, .adv_w = 189, .box_w = 12, .box_h = 13, .ofs_x = 0, .ofs_y = -1},
    {.bitmap_index = 1964, .adv_w = 177, .box_w = 11, .box_h = 13, .ofs_x = 0, .ofs_y = -1},
    {.bitmap_index = 2036, .adv_w = 46, .box_w = 3, .box_h = 13, .ofs_x = 0, .ofs_y = -1},
    {.bitmap_index = 2056, .adv_w = 132, .box_w = 8, .box_h = 13, .ofs_x = 0, .ofs_y = -1},
    {.bitmap_index = 2108, .adv_w = 165, .box_w = 11, .box_h = 13, .ofs_x = 0, .ofs_y = -1},
    {.bitmap_index = 2180, .adv_w = 152, .box_w = 10, .box_h = 13, .ofs_x = 0, .ofs_y = -1},
    {.bitmap_index = 2245, .adv_w = 205, .box_w = 13, .box_h = 13, .ofs_x = 0, .ofs_y = -1},
    {.bitmap_index = 2330, .adv_w = 179, .box_w = 11, .box_h = 13, .ofs_x = 0, .ofs_y = -1},
    {.bitmap_index = 2402, .adv_w = 191, .box_w = 12, .box_h = 13, .ofs_x = 0, .ofs_y = -1},
    {.bitmap_index = 2480, .adv_w = 166, .box_w = 11, .box_h = 13, .ofs_x = 0, .ofs_y = -1},
    {.bitmap_index = 2552, .adv_w = 192, .box_w = 12, .box_h = 13, .ofs_x = 0, .ofs_y = -1},
    {.bitmap_index = 2630, .adv_w = 171, .box_w = 11, .box_h = 13, .ofs_x = 0, .ofs_y = -1},
    {.bitmap_index = 2702, .adv_w = 159, .box_w = 10, .box_h = 13, .ofs_x = 0, .ofs_y = -1},
    {.bitmap_index = 2767, .adv_w = 171, .box_w = 11, .box_h = 13, .ofs_x = 0, .ofs_y = -1},
    {.bitmap_index = 2839, .adv_w = 178, .box_w = 11, .box_h = 13, .ofs_x = 0, .ofs_y = -1},
    {.bitmap_index = 2911, .adv_w = 184, .box_w = 12, .box_h = 13, .ofs_x = 0, .ofs_y = -1},
    {.bitmap_index = 2989, .adv_w = 251, .box_w = 16, .box_h = 13, .ofs_x = 0, .ofs_y = -1},
    {.bitmap_index = 3093, .adv_w = 189, .box_w = 12, .box_h = 13, .ofs_x = 0, .ofs_y = -1},
    {.bitmap_index = 3171, .adv_w = 189, .box_w = 12, .box_h = 13, .ofs_x = 0, .ofs_y = -1},
    {.bitmap_index = 3249, .adv_w = 165, .box_w = 10, .box_h = 13, .ofs_x = 0, .ofs_y = -1},
    {.bitmap_index = 3314, .adv_w = 87, .box_w = 5, .box_h = 15, .ofs_x = 0, .ofs_y = -3},
    {.bitmap_index = 3352, .adv_w = 115, .box_w = 7, .box_h = 13, .ofs_x = 0, .ofs_y = -1},
    {.bitmap_index = 3398, .adv_w = 87, .box_w = 5, .box_h = 15, .ofs_x = 0, .ofs_y = -3},
    {.bitmap_index = 3436, .adv_w = 131, .box_w = 8, .box_h = 6, .ofs_x = 0, .ofs_y = 6},
    {.bitmap_index = 3460, .adv_w = 154, .box_w = 10, .box_h = 3, .ofs_x = 0, .ofs_y = -2},
    {.bitmap_index = 3475, .adv_w = 168, .box_w = 10, .box_h = 9, .ofs_x = 0, .ofs_y = -1},
    {.bitmap_index = 3520, .adv_w = 168, .box_w = 11, .box_h = 13, .ofs_x = 0, .ofs_y = -1},
    {.bitmap_index = 3592, .adv_w = 150, .box_w = 9, .box_h = 9, .ofs_x = 0, .ofs_y = -1},
    {.bitmap_index = 3633, .adv_w = 168, .box_w = 10, .box_h = 13, .ofs_x = 0, .ofs_y = -1},
    {.bitmap_index = 3698, .adv_w = 158, .box_w = 10, .box_h = 9, .ofs_x = 0, .ofs_y = -1},
    {.bitmap_index = 3743, .adv_w = 89, .box_w = 6, .box_h = 13, .ofs_x = 0, .ofs_y = -1},
    {.bitmap_index = 3782, .adv_w = 162, .box_w = 10, .box_h = 13, .ofs_x = 0, .ofs_y = -5},
    {.bitmap_index = 3847, .adv_w = 148, .box_w = 9, .box_h = 13, .ofs_x = 0, .ofs_y = -1},
    {.bitmap_index = 3906, .adv_w = 49, .box_w = 3, .box_h = 12, .ofs_x = 0, .ofs_y = -1},
    {.bitmap_index = 3924, .adv_w = 53, .box_w = 5, .box_h = 16, .ofs_x = -2, .ofs_y = -5},
    {.bitmap_index = 3964, .adv_w = 138, .box_w = 9, .box_h = 13, .ofs_x = 0, .ofs_y = -1},
    {.bitmap_index = 4023, .adv_w = 72, .box_w = 5, .box_h = 13, .ofs_x = 0, .ofs_y = -1},
    {.bitmap_index = 4056, .adv_w = 222, .box_w = 14, .box_h = 9, .ofs_x = 0, .ofs_y = -1},
    {.bitmap_index = 4119, .adv_w = 141, .box_w = 9, .box_h = 9, .ofs_x = 0, .ofs_y = -1},
    {.bitmap_index = 4160, .adv_w = 167, .box_w = 10, .box_h = 9, .ofs_x = 0, .ofs_y = -1},
    {.bitmap_index = 4205, .adv_w = 169, .box_w = 11, .box_h = 13, .ofs_x = 0, .ofs_y = -5},
    {.bitmap_index = 4277, .adv_w = 169, .box_w = 10, .box_h = 13, .ofs_x = 0, .ofs_y = -5},
    {.bitmap_index = 4342, .adv_w = 103, .box_w = 7, .box_h = 10, .ofs_x = 0, .ofs_y = -1},
    {.bitmap_index = 4377, .adv_w = 136, .box_w = 9, .box_h = 9, .ofs_x = 0, .ofs_y = -1},
    {.bitmap_index = 4418, .adv_w = 98, .box_w = 6, .box_h = 13, .ofs_x = 0, .ofs_y = -1},
    {.bitmap_index = 4457, .adv_w = 141, .box_w = 9, .box_h = 9, .ofs_x = 0, .ofs_y = -1},
    {.bitmap_index = 4498, .adv_w = 144, .box_w = 9, .box_h = 9, .ofs_x = 0, .ofs_y = -1},
    {.bitmap_index = 4539, .adv_w = 213, .box_w = 14, .box_h = 9, .ofs_x = 0, .ofs_y = -1},
    {.bitmap_index = 4602, .adv_w = 145, .box_w = 9, .box_h = 9, .ofs_x = 0, .ofs_y = -1},
    {.bitmap_index = 4643, .adv_w = 143, .box_w = 9, .box_h = 13, .ofs_x = 0, .ofs_y = -5},
    {.bitmap_index = 4702, .adv_w = 130, .box_w = 8, .box_h = 9, .ofs_x = 0, .ofs_y = -1},
    {.bitmap_index = 4738, .adv_w = 103, .box_w = 6, .box_h = 14, .ofs_x = 0, .ofs_y = -2},
    {.bitmap_index = 4780, .adv_w = 101, .box_w = 6, .box_h = 14, .ofs_x = 0, .ofs_y = -2},
    {.bitmap_index = 4822, .adv_w = 142, .box_w = 9, .box_h = 4, .ofs_x = 0, .ofs_y = 3},
    {.bitmap_index = 4840, .adv_w = 230, .box_w = 14, .box_h = 14, .ofs_x = 0, .ofs_y = -2},
    {.bitmap_index = 4938, .adv_w = 230, .box_w = 14, .box_h = 15, .ofs_x = 0, .ofs_y = -2},
    {.bitmap_index = 5043, .adv_w = 230, .box_w = 13, .box_h = 15, .ofs_x = 1, .ofs_y = -2},
    {.bitmap_index = 5141, .adv_w = 230, .box_w = 14, .box_h = 16, .ofs_x = 0, .ofs_y = -2},
    {.bitmap_index = 5253, .adv_w = 230, .box_w = 14, .box_h = 15, .ofs_x = 0, .ofs_y = -2},
    {.bitmap_index = 5358, .adv_w = 230, .box_w = 14, .box_h = 15, .ofs_x = 0, .ofs_y = -2},
    {.bitmap_index = 5463, .adv_w = 230, .box_w = 13, .box_h = 15, .ofs_x = 1, .ofs_y = -2},
    {.bitmap_index = 5561, .adv_w = 230, .box_w = 13, .box_h = 16, .ofs_x = 0, .ofs_y = -2},
    {.bitmap_index = 5665, .adv_w = 230, .box_w = 13, .box_h = 14, .ofs_x = 1, .ofs_y = -2},
    {.bitmap_index = 5756, .adv_w = 230, .box_w = 14, .box_h = 15, .ofs_x = 0, .ofs_y = -2},
    {.bitmap_index = 5861, .adv_w = 230, .box_w = 14, .box_h = 16, .ofs_x = 0, .ofs_y = -3},
    {.bitmap_index = 5973, .adv_w = 230, .box_w = 14, .box_h = 16, .ofs_x = 0, .ofs_y = -3},
    {.bitmap_index = 6085, .adv_w = 230, .box_w = 14, .box_h = 16, .ofs_x = 0, .ofs_y = -2},
    {.bitmap_index = 6197, .adv_w = 230, .box_w = 14, .box_h = 14, .ofs_x = 0, .ofs_y = -2},
    {.bitmap_index = 6295, .adv_w = 230, .box_w = 13, .box_h = 15, .ofs_x = 1, .ofs_y = -2},
    {.bitmap_index = 6393, .adv_w = 230, .box_w = 14, .box_h = 15, .ofs_x = 0, .ofs_y = -2},
    {.bitmap_index = 6498, .adv_w = 230, .box_w = 14, .box_h = 15, .ofs_x = 0, .ofs_y = -2},
    {.bitmap_index = 6603, .adv_w = 230, .box_w = 14, .box_h = 15, .ofs_x = 0, .ofs_y = -2},
    {.bitmap_index = 6708, .adv_w = 230, .box_w = 14, .box_h = 14, .ofs_x = 0, .ofs_y = -2},
    {.bitmap_index = 6806, .adv_w = 230, .box_w = 14, .box_h = 16, .ofs_x = 0, .ofs_y = -2},
    {.bitmap_index = 6918, .adv_w = 230, .box_w = 14, .box_h = 17, .ofs_x = 0, .ofs_y = -3},
    {.bitmap_index = 7037, .adv_w = 230, .box_w = 14, .box_h = 15, .ofs_x = 0, .ofs_y = -2},
    {.bitmap_index = 7142, .adv_w = 230, .box_w = 14, .box_h = 15, .ofs_x = 0, .ofs_y = -2},
    {.bitmap_index = 7247, .adv_w = 230, .box_w = 14, .box_h = 14, .ofs_x = 0, .ofs_y = -2},
    {.bitmap_index = 7345, .adv_w = 230, .box_w = 14, .box_h = 15, .ofs_x = 0, .ofs_y = -2},
    {.bitmap_index = 7450, .adv_w = 230, .box_w = 14, .box_h = 16, .ofs_x = 0, .ofs_y = -2},
    {.bitmap_index = 7562, .adv_w = 230, .box_w = 14, .box_h = 14, .ofs_x = 0, .ofs_y = -2},
    {.bitmap_index = 7660, .adv_w = 230, .box_w = 14, .box_h = 15, .ofs_x = 1, .ofs_y = -2},
    {.bitmap_index = 7765, .adv_w = 230, .box_w = 14, .box_h = 15, .ofs_x = 0, .ofs_y = -2},
    {.bitmap_index = 7870, .adv_w = 230, .box_w = 14, .box_h = 15, .ofs_x = 0, .ofs_y = -2},
    {.bitmap_index = 7975, .adv_w = 230, .box_w = 14, .box_h = 15, .ofs_x = 0, .ofs_y = -2},
    {.bitmap_index = 8080, .adv_w = 230, .box_w = 14, .box_h = 16, .ofs_x = 0, .ofs_y = -3},
    {.bitmap_index = 8192, .adv_w = 230, .box_w = 14, .box_h = 15, .ofs_x = 0, .ofs_y = -2},
    {.bitmap_index = 8297, .adv_w = 230, .box_w = 14, .box_h = 14, .ofs_x = 0, .ofs_y = -2},
    {.bitmap_index = 8395, .adv_w = 230, .box_w = 14, .box_h = 15, .ofs_x = 0, .ofs_y = -2},
    {.bitmap_index = 8500, .adv_w = 230, .box_w = 14, .box_h = 15, .ofs_x = 0, .ofs_y = -2},
    {.bitmap_index = 8605, .adv_w = 230, .box_w = 13, .box_h = 14, .ofs_x = 0, .ofs_y = -2},
    {.bitmap_index = 8696, .adv_w = 230, .box_w = 14, .box_h = 15, .ofs_x = 0, .ofs_y = -2},
    {.bitmap_index = 8801, .adv_w = 230, .box_w = 14, .box_h = 16, .ofs_x = 0, .ofs_y = -3},
    {.bitmap_index = 8913, .adv_w = 230, .box_w = 15, .box_h = 15, .ofs_x = 0, .ofs_y = -2},
    {.bitmap_index = 9026, .adv_w = 230, .box_w = 13, .box_h = 14, .ofs_x = 1, .ofs_y = -2},
    {.bitmap_index = 9117, .adv_w = 230, .box_w = 14, .box_h = 14, .ofs_x = 0, .ofs_y = -2},
    {.bitmap_index = 9215, .adv_w = 230, .box_w = 14, .box_h = 16, .ofs_x = 0, .ofs_y = -3},
    {.bitmap_index = 9327, .adv_w = 230, .box_w = 14, .box_h = 15, .ofs_x = 0, .ofs_y = -2},
    {.bitmap_index = 9432, .adv_w = 230, .box_w = 14, .box_h = 15, .ofs_x = 0, .ofs_y = -2},
    {.bitmap_index = 9537, .adv_w = 230, .box_w = 14, .box_h = 16, .ofs_x = 0, .ofs_y = -3},
    {.bitmap_index = 9649, .adv_w = 230, .box_w = 14, .box_h = 17, .ofs_x = 0, .ofs_y = -3},
    {.bitmap_index = 9768, .adv_w = 230, .box_w = 14, .box_h = 15, .ofs_x = 0, .ofs_y = -2},
    {.bitmap_index = 9873, .adv_w = 230, .box_w = 14, .box_h = 17, .ofs_x = 0, .ofs_y = -3},
    {.bitmap_index = 9992, .adv_w = 230, .box_w = 14, .box_h = 16, .ofs_x = 0, .ofs_y = -2},
    {.bitmap_index = 10104, .adv_w = 230, .box_w = 14, .box_h = 17, .ofs_x = 0, .ofs_y = -3},
    {.bitmap_index = 10223, .adv_w = 230, .box_w = 14, .box_h = 15, .ofs_x = 0, .ofs_y = -2},
    {.bitmap_index = 10328, .adv_w = 230, .box_w = 14, .box_h = 15, .ofs_x = 0, .ofs_y = -2},
    {.bitmap_index = 10433, .adv_w = 230, .box_w = 13, .box_h = 14, .ofs_x = 1, .ofs_y = -2},
    {.bitmap_index = 10524, .adv_w = 230, .box_w = 14, .box_h = 15, .ofs_x = 0, .ofs_y = -2},
    {.bitmap_index = 10629, .adv_w = 256, .box_w = 16, .box_h = 17, .ofs_x = 0, .ofs_y = -2},
    {.bitmap_index = 10765, .adv_w = 256, .box_w = 16, .box_h = 12, .ofs_x = 0, .ofs_y = 0},
    {.bitmap_index = 10861, .adv_w = 256, .box_w = 16, .box_h = 14, .ofs_x = 0, .ofs_y = -1},
    {.bitmap_index = 10973, .adv_w = 256, .box_w = 16, .box_h = 12, .ofs_x = 0, .ofs_y = 0},
    {.bitmap_index = 11069, .adv_w = 176, .box_w = 11, .box_h = 12, .ofs_x = 0, .ofs_y = 0},
    {.bitmap_index = 11135, .adv_w = 256, .box_w = 16, .box_h = 16, .ofs_x = 0, .ofs_y = -2},
    {.bitmap_index = 11263, .adv_w = 256, .box_w = 16, .box_h = 16, .ofs_x = 0, .ofs_y = -2},
    {.bitmap_index = 11391, .adv_w = 288, .box_w = 18, .box_h = 14, .ofs_x = 0, .ofs_y = -1},
    {.bitmap_index = 11517, .adv_w = 256, .box_w = 16, .box_h = 16, .ofs_x = 0, .ofs_y = -2},
    {.bitmap_index = 11645, .adv_w = 288, .box_w = 18, .box_h = 12, .ofs_x = 0, .ofs_y = 0},
    {.bitmap_index = 11753, .adv_w = 256, .box_w = 16, .box_h = 16, .ofs_x = 0, .ofs_y = -2},
    {.bitmap_index = 11881, .adv_w = 128, .box_w = 8, .box_h = 14, .ofs_x = 0, .ofs_y = -1},
    {.bitmap_index = 11937, .adv_w = 192, .box_w = 12, .box_h = 14, .ofs_x = 0, .ofs_y = -1},
    {.bitmap_index = 12021, .adv_w = 288, .box_w = 18, .box_h = 16, .ofs_x = 0, .ofs_y = -2},
    {.bitmap_index = 12165, .adv_w = 256, .box_w = 16, .box_h = 12, .ofs_x = 0, .ofs_y = 0},
    {.bitmap_index = 12261, .adv_w = 176, .box_w = 11, .box_h = 16, .ofs_x = 0, .ofs_y = -2},
    {.bitmap_index = 12349, .adv_w = 224, .box_w = 10, .box_h = 16, .ofs_x = 2, .ofs_y = -2},
    {.bitmap_index = 12429, .adv_w = 224, .box_w = 14, .box_h = 18, .ofs_x = 0, .ofs_y = -3},
    {.bitmap_index = 12555, .adv_w = 224, .box_w = 14, .box_h = 15, .ofs_x = 0, .ofs_y = -1},
    {.bitmap_index = 12660, .adv_w = 224, .box_w = 14, .box_h = 14, .ofs_x = 0, .ofs_y = -1},
    {.bitmap_index = 12758, .adv_w = 224, .box_w = 10, .box_h = 16, .ofs_x = 2, .ofs_y = -2},
    {.bitmap_index = 12838, .adv_w = 224, .box_w = 16, .box_h = 14, .ofs_x = -1, .ofs_y = -1},
    {.bitmap_index = 12950, .adv_w = 160, .box_w = 10, .box_h = 14, .ofs_x = 0, .ofs_y = -1},
    {.bitmap_index = 13020, .adv_w = 160, .box_w = 10, .box_h = 14, .ofs_x = 0, .ofs_y = -1},
    {.bitmap_index = 13090, .adv_w = 224, .box_w = 14, .box_h = 14, .ofs_x = 0, .ofs_y = -1},
    {.bitmap_index = 13188, .adv_w = 224, .box_w = 14, .box_h = 4, .ofs_x = 0, .ofs_y = 4},
    {.bitmap_index = 13216, .adv_w = 288, .box_w = 18, .box_h = 12, .ofs_x = 0, .ofs_y = 0},
    {.bitmap_index = 13324, .adv_w = 320, .box_w = 20, .box_h = 16, .ofs_x = 0, .ofs_y = -2},
    {.bitmap_index = 13484, .adv_w = 288, .box_w = 20, .box_h = 16, .ofs_x = -1, .ofs_y = -2},
    {.bitmap_index = 13644, .adv_w = 256, .box_w = 16, .box_h = 16, .ofs_x = 0, .ofs_y = -2},
    {.bitmap_index = 13772, .adv_w = 224, .box_w = 14, .box_h = 10, .ofs_x = 0, .ofs_y = 1},
    {.bitmap_index = 13842, .adv_w = 224, .box_w = 14, .box_h = 10, .ofs_x = 0, .ofs_y = 1},
    {.bitmap_index = 13912, .adv_w = 320, .box_w = 20, .box_h = 14, .ofs_x = 0, .ofs_y = -1},
    {.bitmap_index = 14052, .adv_w = 256, .box_w = 16, .box_h = 12, .ofs_x = 0, .ofs_y = 0},
    {.bitmap_index = 14148, .adv_w = 256, .box_w = 16, .box_h = 16, .ofs_x = 0, .ofs_y = -2},
    {.bitmap_index = 14276, .adv_w = 256, .box_w = 17, .box_h = 17, .ofs_x = -1, .ofs_y = -2},
    {.bitmap_index = 14421, .adv_w = 224, .box_w = 15, .box_h = 14, .ofs_x = 0, .ofs_y = -1},
    {.bitmap_index = 14526, .adv_w = 224, .box_w = 14, .box_h = 16, .ofs_x = 0, .ofs_y = -2},
    {.bitmap_index = 14638, .adv_w = 224, .box_w = 14, .box_h = 14, .ofs_x = 0, .ofs_y = -1},
    {.bitmap_index = 14736, .adv_w = 224, .box_w = 14, .box_h = 14, .ofs_x = 0, .ofs_y = -1},
    {.bitmap_index = 14834, .adv_w = 256, .box_w = 16, .box_h = 12, .ofs_x = 0, .ofs_y = 0},
    {.bitmap_index = 14930, .adv_w = 160, .box_w = 12, .box_h = 16, .ofs_x = -1, .ofs_y = -2},
    {.bitmap_index = 15026, .adv_w = 224, .box_w = 14, .box_h = 16, .ofs_x = 0, .ofs_y = -2},
    {.bitmap_index = 15138, .adv_w = 224, .box_w = 14, .box_h = 16, .ofs_x = 0, .ofs_y = -2},
    {.bitmap_index = 15250, .adv_w = 288, .box_w = 18, .box_h = 12, .ofs_x = 0, .ofs_y = 0},
    {.bitmap_index = 15358, .adv_w = 256, .box_w = 18, .box_h = 18, .ofs_x = -1, .ofs_y = -3},
    {.bitmap_index = 15520, .adv_w = 192, .box_w = 12, .box_h = 16, .ofs_x = 0, .ofs_y = -2},
    {.bitmap_index = 15616, .adv_w = 320, .box_w = 20, .box_h = 15, .ofs_x = 0, .ofs_y = -1},
    {.bitmap_index = 15766, .adv_w = 320, .box_w = 20, .box_h = 10, .ofs_x = 0, .ofs_y = 1},
    {.bitmap_index = 15866, .adv_w = 320, .box_w = 20, .box_h = 10, .ofs_x = 0, .ofs_y = 1},
    {.bitmap_index = 15966, .adv_w = 320, .box_w = 20, .box_h = 10, .ofs_x = 0, .ofs_y = 1},
    {.bitmap_index = 16066, .adv_w = 320, .box_w = 20, .box_h = 10, .ofs_x = 0, .ofs_y = 1},
    {.bitmap_index = 16166, .adv_w = 320, .box_w = 20, .box_h = 10, .ofs_x = 0, .ofs_y = 1},
    {.bitmap_index = 16266, .adv_w = 320, .box_w = 21, .box_h = 14, .ofs_x = 0, .ofs_y = -1},
    {.bitmap_index = 16413, .adv_w = 224, .box_w = 12, .box_h = 16, .ofs_x = 1, .ofs_y = -2},
    {.bitmap_index = 16509, .adv_w = 224, .box_w = 14, .box_h = 16, .ofs_x = 0, .ofs_y = -2},
    {.bitmap_index = 16621, .adv_w = 256, .box_w = 17, .box_h = 17, .ofs_x = -1, .ofs_y = -3},
    {.bitmap_index = 16766, .adv_w = 320, .box_w = 20, .box_h = 12, .ofs_x = 0, .ofs_y = 0},
    {.bitmap_index = 16886, .adv_w = 192, .box_w = 12, .box_h = 16, .ofs_x = 0, .ofs_y = -2},
    {.bitmap_index = 16982, .adv_w = 258, .box_w = 17, .box_h = 11, .ofs_x = 0, .ofs_y = 1},
    {.bitmap_index = 17076, .adv_w = 230, .box_w = 3, .box_h = 4, .ofs_x = 2, .ofs_y = -2}
};

/*---------------------
 *  CHARACTER MAPPING
 *--------------------*/

static const uint16_t unicode_list_2[] = {
    0x0, 0x1, 0x4d8e, 0x4d96, 0x4db0, 0x4fbf, 0x50cb, 0x50cc,
    0x5222, 0x53b2, 0x5681, 0x589d, 0x58ad, 0x58b4, 0x5b49, 0x5bd2,
    0x5dbb, 0x5dd8, 0x5e29, 0x5e7d, 0x5e83, 0x5f84, 0x6193, 0x61ce,
    0x6328, 0x65d5, 0x66bd, 0x6890, 0x6ae6, 0x6bb1, 0x6bb7, 0x6cca,
    0x6dac, 0x6e02, 0x70ea, 0x71dc, 0x71ec, 0x7239, 0x74ab, 0x7784,
    0x787a, 0x7e5f, 0x7ed4, 0x7ef1, 0x8080, 0x8460, 0x87eb, 0x8b31,
    0x8b41, 0x8b72, 0x8ca8, 0x8f00, 0x8f61, 0x9441, 0x949c, 0x95b6,
    0x9919, 0xef84, 0xef8b, 0xef8e, 0xef8f, 0xef90, 0xef94, 0xef96,
    0xef98, 0xef9c, 0xef9f, 0xefa4, 0xefa9, 0xefaa, 0xefab, 0xefc1,
    0xefc6, 0xefcb, 0xefce, 0xefcf, 0xefd0, 0xefd4, 0xefd5, 0xefd6,
    0xefd7, 0xefea, 0xefeb, 0xeff1, 0xeff3, 0xeff4, 0xeff7, 0xeffa,
    0xeffb, 0xeffc, 0xeffe, 0xf016, 0xf018, 0xf047, 0xf048, 0xf04a,
    0xf04c, 0xf063, 0xf06a, 0xf06d, 0xf076, 0xf09f, 0xf0a7, 0xf0de,
    0xf16e, 0xf1c3, 0xf1c4, 0xf1c5, 0xf1c6, 0xf1c7, 0xf20a, 0xf216,
    0xf270, 0xf287, 0xf4dd, 0xf745, 0xf825, 0xfe8f
};

/*Collect the unicode lists and glyph_id offsets*/
static const lv_font_fmt_txt_cmap_t cmaps[] =
{
    {
        .range_start = 32, .range_length = 64, .glyph_id_start = 1,
        .unicode_list = NULL, .glyph_id_ofs_list = NULL, .list_length = 0, .type = LV_FONT_FMT_TXT_CMAP_FORMAT0_TINY
    },
    {
        .range_start = 97, .range_length = 27, .glyph_id_start = 65,
        .unicode_list = NULL, .glyph_id_ofs_list = NULL, .list_length = 0, .type = LV_FONT_FMT_TXT_CMAP_FORMAT0_TINY
    },
    {
        .range_start = 125, .range_length = 65168, .glyph_id_start = 92,
        .unicode_list = unicode_list_2, .glyph_id_ofs_list = NULL, .list_length = 118, .type = LV_FONT_FMT_TXT_CMAP_SPARSE_TINY
    }
};

/*-----------------
 *    KERNING
 *----------------*/


/*Map glyph_ids to kern left classes*/
static const uint8_t kern_left_class_mapping[] =
{
    0, 0, 0, 0, 0, 0, 0, 0,
    0, 0, 0, 0, 0, 0, 0, 0,
    0, 0, 0, 0, 0, 0, 0, 0,
    0, 0, 0, 0, 0, 0, 0, 0,
    0, 0, 1, 2, 3, 4, 5, 6,
    7, 0, 0, 8, 9, 10, 0, 0,
    11, 12, 13, 14, 15, 16, 17, 18,
    19, 20, 21, 22, 0, 0, 0, 0,
    0, 23, 24, 25, 26, 27, 28, 29,
    30, 31, 32, 33, 34, 35, 36, 37,
    38, 39, 40, 41, 42, 43, 44, 45,
    46, 47, 48, 0, 0, 0, 0, 0,
    0, 0, 0, 0, 0, 0, 0, 0,
    0, 0, 0, 0, 0, 0, 0, 0,
    0, 0, 0, 0, 0, 0, 0, 0,
    0, 0, 0, 0, 0, 0, 0, 0,
    0, 0, 0, 0, 0, 0, 0, 0,
    0, 0, 0, 0, 0, 0, 0, 0,
    0, 0, 0, 0, 0, 0, 0, 0,
    0, 0, 0, 0, 0, 0, 0, 0,
    0, 0, 0, 0, 0, 0, 0, 0,
    0, 0, 0, 0, 0, 0, 0, 0,
    0, 0, 0, 0, 0, 0, 0, 0,
    0, 0, 0, 0, 0, 0, 0, 0,
    0, 0, 0, 0, 0, 0, 0, 0,
    0, 0, 0, 0, 0, 0, 0, 0,
    0, 0
};

/*Map glyph_ids to kern right classes*/
static const uint8_t kern_right_class_mapping[] =
{
    0, 0, 0, 0, 0, 0, 0, 0,
    0, 0, 0, 0, 0, 0, 0, 0,
    0, 0, 0, 0, 0, 0, 0, 0,
    0, 0, 0, 0, 0, 0, 0, 0,
    0, 0, 1, 2, 3, 4, 5, 6,
    7, 0, 8, 9, 10, 11, 12, 12,
    13, 14, 15, 16, 17, 18, 19, 20,
    21, 22, 23, 24, 0, 0, 0, 0,
    0, 25, 26, 27, 28, 29, 30, 31,
    32, 33, 34, 35, 36, 37, 38, 39,
    40, 41, 42, 43, 44, 45, 46, 47,
    48, 49, 50, 0, 0, 0, 0, 0,
    0, 0, 0, 0, 0, 0, 0, 0,
    0, 0, 0, 0, 0, 0, 0, 0,
    0, 0, 0, 0, 0, 0, 0, 0,
    0, 0, 0, 0, 0, 0, 0, 0,
    0, 0, 0, 0, 0, 0, 0, 0,
    0, 0, 0, 0, 0, 0, 0, 0,
    0, 0, 0, 0, 0, 0, 0, 0,
    0, 0, 0, 0, 0, 0, 0, 0,
    0, 0, 0, 0, 0, 0, 0, 0,
    0, 0, 0, 0, 0, 0, 0, 0,
    0, 0, 0, 0, 0, 0, 0, 0,
    0, 0, 0, 0, 0, 0, 0, 0,
    0, 0, 0, 0, 0, 0, 0, 0,
    0, 0, 0, 0, 0, 0, 0, 0,
    0, 0
};

/*Kern values between classes*/
static const int8_t kern_class_values[] =
{
    0, 0, -13, -3, -3, 0, -15, 0,
    -9, 0, -1, 0, -12, 0, -13, 0,
    -5, -41, -10, -39, -33, -5, -46, 0,
    -8, 0, -10, -10, -10, -10, -6, -3,
    0, 0, -3, -4, -3, -3, -10, -3,
    -5, 0, -5, -15, -8, -31, -26, -5,
    -26, -3, 0, 0, -5, 0, 0, 0,
    -5, -5, -10, -1, 0, 0, -5, 0,
    -5, 0, -10, -13, 0, -14, -15, -10,
    -20, -10, 0, 0, 0, 0, 0, -8,
    0, 0, 0, -5, 0, 0, 0, 0,
    0, 0, 0, 0, 0, 0, 0, -13,
    0, 0, 0, -5, -13, 0, 0, 0,
    0, 0, -3, 0, -16, 0, 0, 0,
    0, 0, 0, 0, -5, -13, 0, -10,
    -8, -10, -13, -8, -5, 0, -3, -5,
    -3, -7, -4, 0, 0, 0, 0, -3,
    -5, -5, -5, 0, -5, 0, 0, 0,
    -5, -3, -4, -5, -5, -5, -15, -3,
    -3, 0, 0, 0, -4, -3, -26, 0,
    0, 0, -5, 0, 0, 0, -8, -18,
    -5, -14, -13, -18, -22, -13, -3, 0,
    -3, -2, 0, 0, -1, 0, -5, -7,
    0, 0, 0, 0, -3, 0, -3, 0,
    0, 0, 0, -3, 0, 0, 0, 0,
    -5, 0, -10, 0, 0, 0, -10, -5,
    -18, 0, 0, -3, -5, 0, -5, 0,
    -5, 0, 0, -3, -3, 0, -3, 0,
    -10, 0, -8, -15, -10, -5, -10, 0,
    -5, -10, 0, 0, -3, -3, -10, -5,
    -13, -3, -3, -3, -8, -12, -7, 0,
    -8, -5, -33, 0, -10, 0, 0, 0,
    -10, 0, -82, 0, 0, 0, -13, 0,
    -10, 0, -10, 0, 0, 0, 0, -3,
    -5, -3, -21, 0, -15, -18, -22, -15,
    -15, 0, -9, -15, 0, 0, -13, -13,
    -20, -14, -20, -11, -10, -8, -13, -13,
    -18, -16, -13, -20, -14, -2, -3, 0,
    0, 0, 0, 0, -18, 0, 0, 0,
    0, 0, 0, 0, -3, -13, 0, -10,
    -8, -12, -17, -11, 0, 0, 0, 0,
    0, 0, 0, 0, 0, 0, 0, 0,
    0, 0, 0, 0, 0, 0, 0, 0,
    0, 0, 0, 0, 0, 0, -8, 0,
    0, 0, 0, 8, 0, 0, 0, 0,
    0, 0, 0, 0, 0, 0, 0, 0,
    0, 0, 0, 0, 0, 0, 0, 0,
    0, 0, 0, 0, 0, 0, 0, 0,
    0, 0, 0, 0, 0, 0, 0, 0,
    0, 0, 0, 0, -3, 0, 0, 0,
    0, -7, -20, 0, 0, 0, -20, 0,
    -13, 0, 0, 0, -15, 0, -15, 0,
    -8, -5, 0, -5, 0, 0, -5, 0,
    -18, 0, -17, -19, -15, -17, -21, 0,
    -5, 0, 0, -3, -3, 0, -18, 0,
    -20, -3, -8, -15, -14, -28, -33, -3,
    -33, -3, -1, -5, -26, 0, 0, 0,
    -18, 0, -10, 0, 0, -5, -23, 0,
    -25, 0, -8, -44, -21, -51, -36, -5,
    -56, 0, -20, 0, -19, -20, -20, -15,
    -16, 0, 0, 0, 0, 0, 0, 0,
    -18, 0, -18, 0, -3, -22, -9, -35,
    -28, 0, -23, 0, -12, -5, 0, 0,
    0, 0, 0, 0, -13, 0, 0, 0,
    0, 0, 0, 0, -5, -18, 0, -15,
    -15, -15, -23, -13, 0, 0, -3, 0,
    0, 0, 0, 0, 0, 0, 0, 0,
    0, 0, 0, 0, 0, 0, 0, 0,
    0, -3, 0, -3, 0, -3, -33, 0,
    0, 0, 0, 0, 0, 0, -79, 0,
    0, 0, -3, 0, -3, 0, -3, -15,
    0, -13, -8, -10, -17, -16, -16, 0,
    -13, -15, -15, 0, -13, 0, -3, -5,
    0, 0, 0, 0, -15, 0, -15, 0,
    -5, 0, 0, 0, 0, 0, 0, 0,
    -8, 0, 0, 0, 0, 0, 0, 0,
    -8, 0, 0, 0, 0, 0, 0, 0,
    -5, -20, 0, -17, -17, -10, -27, -8,
    0, 0, 0, 0, 0, 0, 0, 0,
    0, 0, 0, 0, 0, 0, 0, 0,
    0, 0, 0, 0, 0, 0, 0, 0,
    0, 0, -3, 0, 0, 0, 0, 0,
    -5, 0, -10, 0, 0, 0, -5, 0,
    -5, 0, 0, -10, -3, -10, -9, -8,
    -18, -5, -15, 0, -13, -17, -11, 0,
    -15, 0, -3, -5, 0, 0, 0, 0,
    -15, 0, -16, 0, -5, 0, -5, -3,
    0, -3, -3, 0, -6, -3, -8, 0,
    0, 0, -3, 0, 0, 0, 0, 0,
    -5, -3, -5, 0, 0, 0, 0, -8,
    -5, -8, -5, -5, 0, -5, -3, 0,
    -1, -15, 0, 0, 0, -5, 0, 0,
    0, 0, -2, 0, 0, 0, -5, -10,
    -3, -18, -13, -15, -16, -10, -41, -2,
    -13, -3, 0, 0, -18, 0, -64, 0,
    0, 0, -18, 0, -20, -5, -8, 0,
    0, 0, 0, 0, 0, 0, -51, -5,
    -51, -51, -51, -30, -51, -5, -13, -13,
    -5, -5, -51, -51, -51, -51, -51, -44,
    -51, -24, -51, -51, -49, -51, -51, -51,
    -10, 0, 0, 0, 0, 0, 0, 0,
    -8, 0, 0, 0, 0, 0, 0, 0,
    0, 0, 0, 0, 0, 0, 0, 0,
    0, 0, 0, 0, 0, 0, 0, 0,
    0, 0, 0, 0, 0, 0, 0, 0,
    0, 0, 0, 0, 0, 0, 0, 0,
    0, 0, -39, -2, -10, -3, -3, 0,
    -15, 0, -54, -3, 0, 0, -15, -5,
    -17, -5, -13, 0, 0, 0, 0, 0,
    0, 0, -38, 0, -37, -38, -38, -23,
    -38, -5, -13, -13, -3, 0, -28, -28,
    -38, -27, -38, -28, -33, -23, -25, -23,
    -20, -20, -22, -23, -33, -3, -10, -3,
    -3, 0, -13, 0, -41, 0, 0, 0,
    -15, -5, -17, -5, -10, 0, 0, 0,
    0, 0, 0, 0, -28, 0, -26, -25,
    -28, -6, -23, 0, -13, -9, 0, 0,
    -16, -15, -28, -20, -28, -18, -25, -15,
    -18, -13, -13, -15, -15, -15, -5, -3,
    -13, 0, 0, 0, -15, 0, -13, 0,
    0, 0, -15, 0, -10, -3, -10, 0,
    0, 0, 0, 0, 0, 0, -16, 0,
    -18, -20, -20, -17, -18, -3, 0, -3,
    0, 0, -5, -5, -23, 0, -23, 0,
    -5, -13, -12, -23, -26, 0, -23, -3,
    -46, -5, -15, -5, -3, -5, -22, 0,
    -67, 0, 0, 0, -23, -5, -27, -8,
    -10, 0, 0, 0, 0, 0, 0, 0,
    -56, 0, -54, -56, -56, -23, -56, 0,
    -10, -5, 0, 0, -33, -33, -56, -41,
    -54, -38, -44, -31, -38, -33, -36, -26,
    -36, -26, 0, -3, -10, 0, 0, -3,
    -20, 0, -15, 0, 0, 0, -13, 0,
    -19, -3, -5, 0, 0, 0, 0, 0,
    0, 0, -20, 0, -17, -18, -16, -13,
    -15, 0, 0, 0, 0, 0, -3, -3,
    -25, -3, -18, -3, -8, -5, -10, -20,
    -28, -5, -26, 0, -3, 0, 0, 0,
    0, 0, 0, 0, -5, 0, 0, 0,
    0, 0, 0, 0, -8, -49, 0, -30,
    -26, -3, -38, -3, 0, 0, 0, 0,
    0, 0, 0, 0, 0, 0, 0, 0,
    0, 0, 0, 0, 0, 0, 0, 0,
    0, 0, 0, 0, 0, 0, -10, 0,
    0, 0, 0, 0, -3, 0, -8, 0,
    0, 0, 0, 0, 0, 0, -21, -51,
    0, -38, -26, -23, -54, -18, 0, 0,
    0, 0, 0, -13, 0, 0, 0, -5,
    0, 0, 0, 0, 0, 0, 0, 0,
    0, -13, 0, -10, -10, -10, -8, -8,
    -5, 0, -2, 0, 0, 0, 0, 0,
    -3, 0, 0, 0, -3, 0, 0, 0,
    -13, -51, 0, -31, -23, -10, -51, -5,
    -3, 0, 0, 0, -3, -5, 0, 0,
    0, 0, 0, 0, 0, 0, -3, 0,
    0, 0, 0, -5, 0, -3, -5, -5,
    -3, -3, -3, 0, 0, 0, 0, 0,
    0, 0, 0, 0, 0, 0, 0, 0,
    0, 0, 0, -3, 0, -5, 0, -3,
    0, 0, 0, 0, 0, 0, 0, 0,
    0, 0, 0, 0, 0, 0, 0, 0,
    0, 0, 0, 0, 0, 0, 0, 0,
    0, 0, 0, 0, -13, 0, -3, 0,
    0, 0, 0, 0, -10, 0, 0, 0,
    0, 0, 0, 0, -17, -51, 0, -38,
    -28, -20, -56, -14, 0, 0, -3, 0,
    0, -8, 0, 0, 0, -5, 0, 0,
    0, 0, 0, 0, 0, 0, 0, -13,
    0, -10, -10, -8, -10, -10, -13, 0,
    -2, 0, 0, 0, 0, 0, -28, 0,
    0, 0, 0, 0, 0, 0, -3, -3,
    0, -3, 0, -2, 0, 0, -13, 0,
    -12, -13, -13, 0, -8, 0, 0, 0,
    0, 0, 0, 0, -13, 0, -13, 0,
    0, 0, 0, 0, 0, 0, 0, 0,
    -3, 0, 0, 0, 0, 0, 0, 0,
    0, 0, 0, 0, 0, 0, 0, 0,
    -10, -51, 0, -26, -18, -7, -41, -5,
    0, 0, 0, 0, 0, 0, 0, 0,
    0, 0, 0, 0, 0, 0, 0, 0,
    -3, 0, 0, 0, 0, 0, -3, 0,
    0, 0, -5, 0, 0, 0, 0, 0,
    0, 0, -5, 0, 0, 0, 0, 0,
    0, 0, -13, -51, 0, -37, -28, -5,
    -51, -5, 0, 0, 0, 0, 0, -5,
    0, 0, 0, 0, 0, 0, 0, 0,
    0, 0, 0, 0, 0, -5, 0, -8,
    -10, -5, -5, 0, 0, 0, 0, 0,
    0, 0, 0, 0, 0, 0, 0, 0,
    0, 0, 0, 0, 0, -13, 0, -13,
    -13, 0, -10, 0, 0, 0, 0, 0,
    0, 0, 0, 0, 0, 0, 0, 0,
    0, 0, 0, 0, 0, 0, 0, 0,
    0, 0, 0, 0, 0, 0, 0, 0,
    0, 0, 0, 0, 0, 0, 0, 0,
    0, 0, 0, 0, 0, 0, -6, -10,
    0, -8, -7, 0, -5, 0, 0, 0,
    0, 0, 0, 0, 0, 0, 0, 0,
    0, 0, 0, 0, 0, 0, 0, 0,
    0, 0, 0, 0, 0, 0, 0, 0,
    -5, 0, -5, 0, 0, 0, -8, 0,
    -13, 0, 0, 0, -8, 0, 0, 0,
    -8, -51, 0, -26, -18, -5, -38, -5,
    -13, 0, -13, -13, -13, 0, -10, 0,
    -5, -5, 0, -3, 0, 0, -13, 0,
    -15, 0, -5, 0, -5, 0, -3, -3,
    0, 0, 0, 0, -20, -4, 0, 0,
    -15, 0, -8, 0, 0, 0, -8, 0,
    0, 0, 0, -28, 0, -26, -21, 0,
    -20, 0, -13, 0, -10, -13, -8, -8,
    -10, 0, -5, -5, 0, 0, 0, 0,
    -13, 0, -15, 0, 0, -10, -8, -20,
    -15, 0, -13, 0, -3, 0, -5, 0,
    0, 0, 0, 0, -5, 0, 0, 0,
    0, 0, 0, 0, -15, -51, 0, -38,
    -24, -5, -41, -5, 0, 0, 0, 0,
    0, 0, 0, 0, 0, 0, 0, 0,
    0, 0, 0, 0, 0, 0, 0, -5,
    0, 0, -10, -6, -8, 0, -3, 0,
    -5, 0, 0, 0, 0, 0, -5, -3,
    0, 0, 0, 0, 0, 0, -11, -51,
    0, -37, -24, -5, -49, -8, 0, 0,
    0, 0, 0, 0, 0, 0, 0, 0,
    0, 0, 0, 0, 0, 0, 0, 0,
    0, -5, 0, 0, -8, -6, -8, 0,
    -10, 0, -2, -1, 0, 0, 0, 0,
    -8, 0, 0, 0, 0, 0, 0, 0,
    -23, -51, 0, -38, -28, -23, -56, -20,
    0, 0, 0, 0, 0, -13, 0, 0,
    0, 0, 0, 0, 0, 0, 0, 0,
    0, 0, 0, -15, 0, -10, -10, -8,
    -10, -10, -13, 0, 0, 0, 0, 0,
    0, 0, -5, 0, 0, 0, 0, 0,
    0, 0, -24, -51, 0, -38, -28, -23,
    -56, -18, 0, 0, 0, 0, 0, -10,
    0, 0, 0, -3, 0, 0, 0, 0,
    0, 0, 0, 0, 0, -15, 0, -10,
    -10, -10, -10, -10, 0, 0, 0, 0,
    0, 0, 0, 0, 0, 0, 0, 0,
    0, 0, 0, 0, 0, -46, 0, -30,
    -20, -5, -36, 0, 0, 0, 0, 0,
    0, 0, 0, 0, 0, 18, 0, 0,
    0, 0, 0, 0, 0, 0, 0, 0,
    0, 0, 0, 0, 0, 0, -31, 0,
    0, 0, 0, 0, 0, 0, -51, 0,
    0, 0, 0, 0, 0, 0, 0, -56,
    0, -23, -15, -30, -38, -28, -18, 0,
    -18, -18, -18, 0, -15, 0, 0, -13,
    0, 0, 0, 0, -15, 0, -18, 0,
    -10, 0, 0, 0, 0, 0, 0, 0,
    -5, 0, 0, 0, 0, 0, 0, 0,
    0, 0, 0, 0, 0, 0, 0, 0,
    -13, -51, 0, -36, -25, -5, -46, -11,
    0, 0, 0, 0, 0, 0, -2, 0,
    0, 0, -4, 0, 0, 0, 0, 0,
    0, 0, 0, 0, 0, 0, -5, 0,
    -5, 0, -3, 0, 0, 0, 0, 0,
    0, 0, -10, 0, 0, 0, 0, 0,
    0, 0, -3, -36, 0, -28, -18, -7,
    -43, -5, -15, 0, -13, -15, -13, 0,
    -10, 0, 0, -8, 0, 0, 0, 0,
    -15, 0, -13, 0, 0, 0, 0, 0,
    -5, 0, 0, 0, -8, 0, 0, 0,
    0, 0, 0, 0, 0, 0, 0, 0,
    0, 0, 0, 0, -3, -51, 0, -25,
    -18, -5, -38, -6, 0, 0, 0, 0,
    0, 0, 0, 0, 0, 0, 0, 0,
    0, 0, 0, 0, 0, 0, 0, 0,
    0, 0, 0, 0, 0, 0, -31, -1,
    0, 0, 0, 0, 0, 0, -38, 0,
    0, 0, -3, 0, 0, 0, -8, -51,
    0, -23, -13, -23, -33, -20, -10, 0,
    -10, -10, -10, 0, -10, 0, 0, 0,
    0, 0, 0, 0, -10, 0, -10, 0,
    0, 0, 0, 0, 0, 0, 0, 0,
    -26, 0, 0, 0, 0, 0, 0, 0,
    -31, 0, 0, 0, 0, 0, 0, 0,
    -5, -49, 0, -20, -13, -26, -36, -28,
    -10, 0, -10, -8, -10, 0, -8, 0,
    0, 0, 0, -3, 0, 0, -10, 0,
    -10, 0, -3, 0, 0, 0, 0, 0,
    0, 0, -5, 0, -3, 0, 0, 0,
    0, 0, -10, 0, 0, 0, -3, 0,
    0, 0, -5, -51, 0, -20, -15, 0,
    -26, -5, -8, 0, -8, -8, -8, 0,
    -8, 0, 0, 0, 0, 0, 0, 0,
    -8, 0, -8, 0, 0, 0, 0, 0,
    0, 0, 0, 0, -28, 0, 0, 0,
    -1, 0, 0, 0, -36, 0, 0, 0,
    0, 0, 0, 0, -5, -51, 0, -21,
    -15, -23, -36, -28, -10, 0, -8, -10,
    -10, 0, -8, 0, 0, 0, 0, -3,
    0, 0, -10, 0, -8, 0, -5, 0,
    0, 0, 0, 0, 0, 0, -5, 0,
    -3, 0, 0, 0, 0, 0, -12, 0,
    0, 0, -3, 0, 0, 0, -5, -51,
    0, -23, -15, -3, -26, 0, -10, 0,
    -10, -13, -10, 0, -10, 0, 0, 0,
    0, 0, 0, 0, -10, 0, -8, 0,
    0, 0, 0, 0, 0, 0, 0, 0
};


/*Collect the kern class' data in one place*/
static const lv_font_fmt_txt_kern_classes_t kern_classes =
{
    .class_pair_values   = kern_class_values,
    .left_class_mapping  = kern_left_class_mapping,
    .right_class_mapping = kern_right_class_mapping,
    .left_class_cnt      = 48,
    .right_class_cnt     = 50,
};

/*--------------------
 *  ALL CUSTOM DATA
 *--------------------*/

#if LVGL_VERSION_MAJOR == 8
/*Store all the custom data of the font*/
static  lv_font_fmt_txt_glyph_cache_t cache;
#endif

#if LVGL_VERSION_MAJOR >= 8
static const lv_font_fmt_txt_dsc_t font_dsc = {
#else
static lv_font_fmt_txt_dsc_t font_dsc = {
#endif
    .glyph_bitmap = glyph_bitmap,
    .glyph_dsc = glyph_dsc,
    .cmaps = cmaps,
    .kern_dsc = &kern_classes,
    .kern_scale = 16,
    .cmap_num = 3,
    .bpp = 4,
    .kern_classes = 1,
    .bitmap_format = 0,
#if LVGL_VERSION_MAJOR == 8
    .cache = &cache
#endif
};



/*-----------------
 *  PUBLIC FONT
 *----------------*/

/*Initialize a public general font descriptor*/
#if LVGL_VERSION_MAJOR >= 8
const lv_font_t lv_font_YouSheYuFeiTeJianKangTi_2_16 = {
#else
lv_font_t lv_font_YouSheYuFeiTeJianKangTi_2_16 = {
#endif
    .get_glyph_dsc = lv_font_get_glyph_dsc_fmt_txt,    /*Function pointer to get glyph's data*/
    .get_glyph_bitmap = lv_font_get_bitmap_fmt_txt,    /*Function pointer to get glyph's bitmap*/
    .line_height = 16,          /*The maximum line height required by the font*/
    .base_line = 2,             /*Baseline measured from the bottom of the line*/
#if !(LVGL_VERSION_MAJOR == 6 && LVGL_VERSION_MINOR == 0)
    .subpx = LV_FONT_SUBPX_NONE,
#endif
#if LV_VERSION_CHECK(7, 4, 0) || LVGL_VERSION_MAJOR >= 8
    .underline_position = -2,
    .underline_thickness = 1,
#endif
    .dsc = &font_dsc,          /*The custom font data. Will be accessed by `get_glyph_bitmap/dsc` */
#if LV_VERSION_CHECK(8, 2, 0) || LVGL_VERSION_MAJOR >= 9
    .fallback = NULL,
#endif
    .user_data = NULL,
};



#endif /*#if LV_FONT_YOUSHEYUFEITEJIANKANGTI_2_16*/

