/*******************************************************************************
 * Size: 18 px
 * Bpp: 4
 * Opts: undefined
 ******************************************************************************/

#ifdef LV_LVGL_H_INCLUDE_SIMPLE
#include "lvgl.h"
#else
#include "lvgl.h"
#endif

#ifndef LV_FONT_YOUSHEYUFEITEJIANKANGTI_2_18
#define LV_FONT_YOUSHEYUFEITEJIANKANGTI_2_18 1
#endif

#if LV_FONT_YOUSHEYUFEITEJIANKANGTI_2_18

/*-----------------
 *    BITMAPS
 *----------------*/

/*Store the image of the glyphs*/
static LV_ATTRIBUTE_LARGE_CONST const uint8_t glyph_bitmap[] = {
    /* U+0020 " " */

    /* U+0021 "!" */
    0x8a, 0xb, 0xe0, 0xbe, 0xb, 0xe0, 0xbe, 0xb,
    0xe0, 0xbe, 0xb, 0xe0, 0xbe, 0xb, 0xd0, 0x23,
    0x0, 0x0, 0xac, 0xb, 0xd0,

    /* U+0022 "\"" */
    0xd, 0x51, 0xe4, 0x1f, 0x83, 0xf6, 0x1f, 0x83,
    0xf6, 0x1f, 0x83, 0xf6, 0xd, 0x51, 0xe4,

    /* U+0023 "#" */
    0x0, 0x9, 0xa0, 0x7, 0xc0, 0x0, 0x0, 0xeb,
    0x0, 0xcc, 0x0, 0x0, 0xf, 0x80, 0xf, 0x90,
    0x6, 0xff, 0xff, 0xff, 0xff, 0xd0, 0x28, 0xbf,
    0x98, 0xbf, 0x96, 0x0, 0x9, 0xf0, 0x7, 0xf1,
    0x0, 0x0, 0xcc, 0x0, 0xae, 0x0, 0x0, 0xf,
    0xa0, 0xd, 0xb0, 0x0, 0x58, 0xfc, 0x88, 0xfc,
    0x83, 0xb, 0xff, 0xff, 0xff, 0xff, 0x90, 0x7,
    0xf1, 0x5, 0xf3, 0x0, 0x0, 0xae, 0x0, 0x8f,
    0x0, 0x0, 0xa, 0xa0, 0x8, 0xb0, 0x0, 0x0,

    /* U+0024 "$" */
    0x0, 0x0, 0x8a, 0x0, 0x0, 0x0, 0x0, 0xce,
    0x0, 0x0, 0x1, 0xaf, 0xff, 0xf8, 0x0, 0xb,
    0xf9, 0xde, 0xaf, 0x80, 0x1f, 0x80, 0xce, 0xc,
    0xd0, 0x3f, 0x60, 0xce, 0x1, 0x20, 0xf, 0xc2,
    0xce, 0x0, 0x0, 0x6, 0xff, 0xff, 0x61, 0x0,
    0x0, 0x28, 0xef, 0xfe, 0x40, 0x0, 0x0, 0xce,
    0x4e, 0xe0, 0x3a, 0x0, 0xce, 0x7, 0xf3, 0x5f,
    0x50, 0xce, 0x8, 0xf1, 0xd, 0xe8, 0xde, 0x7f,
    0xc0, 0x2, 0xbf, 0xff, 0xfc, 0x20, 0x0, 0x1,
    0xce, 0x10, 0x0, 0x0, 0x0, 0x9b, 0x0, 0x0,
    0x0, 0x0, 0x0, 0x0, 0x0,

    /* U+0025 "%" */
    0x0, 0x1, 0x0, 0x0, 0x0, 0x1, 0x20, 0x0,
    0x2, 0xcf, 0xf6, 0x0, 0x0, 0xc, 0xb0, 0x0,
    0xc, 0xd5, 0x9f, 0x20, 0x0, 0x6f, 0x40, 0x0,
    0x2f, 0x40, 0xe, 0x80, 0x1, 0xfa, 0x0, 0x0,
    0x3f, 0x20, 0xc, 0xa0, 0xa, 0xe1, 0x0, 0x0,
    0x2f, 0x40, 0xd, 0x90, 0x4f, 0x60, 0x0, 0x0,
    0xd, 0xb2, 0x6f, 0x40, 0xec, 0x0, 0x0, 0x0,
    0x4, 0xef, 0xf9, 0x8, 0xf2, 0x0, 0x0, 0x0,
    0x0, 0x3, 0x20, 0x2f, 0x80, 0x3d, 0xff, 0x60,
    0x0, 0x0, 0x0, 0xcd, 0x0, 0xeb, 0x58, 0xf4,
    0x0, 0x0, 0x6, 0xf4, 0x3, 0xf3, 0x0, 0xe8,
    0x0, 0x0, 0x1f, 0xa0, 0x4, 0xf2, 0x0, 0xd8,
    0x0, 0x0, 0xaf, 0x10, 0x1, 0xf8, 0x4, 0xf4,
    0x0, 0x0, 0xf6, 0x0, 0x0, 0x4e, 0xff, 0x80,
    0x0, 0x0, 0x10, 0x0, 0x0, 0x0, 0x20, 0x0,

    /* U+0026 "&" */
    0x0, 0x1, 0xbf, 0xd5, 0x0, 0x0, 0x0, 0xd,
    0xe8, 0xbf, 0x40, 0x0, 0x0, 0x5f, 0x30, 0xd,
    0xb0, 0x0, 0x0, 0x9e, 0x0, 0xd, 0xc0, 0x0,
    0x0, 0xad, 0x0, 0x7f, 0x70, 0x0, 0x0, 0x8f,
    0x6b, 0xfd, 0x10, 0x0, 0x0, 0x3f, 0xff, 0xc2,
    0x0, 0x0, 0x1, 0xcf, 0xf7, 0x0, 0x0, 0x0,
    0xa, 0xf8, 0xfc, 0x0, 0x0, 0x0, 0x1f, 0x80,
    0x6f, 0xa0, 0x1, 0x0, 0x4f, 0x40, 0x9, 0xfa,
    0xe, 0x90, 0x2f, 0x50, 0x0, 0x9f, 0xcf, 0x50,
    0xd, 0xc0, 0x0, 0x9, 0xff, 0x20, 0x3, 0xed,
    0x75, 0x8e, 0xff, 0xe4, 0x0, 0x1a, 0xef, 0xd9,
    0x13, 0xd8,

    /* U+0027 "'" */
    0xd, 0x51, 0xf8, 0x1f, 0x81, 0xf8, 0xd, 0x50,

    /* U+0028 "(" */
    0x0, 0xc, 0x80, 0x8, 0xf6, 0x1, 0xfb, 0x0,
    0x8f, 0x30, 0xd, 0xd0, 0x1, 0xf8, 0x0, 0x3f,
    0x50, 0x4, 0xf4, 0x0, 0x4f, 0x40, 0x3, 0xf6,
    0x0, 0xf, 0x90, 0x0, 0xcd, 0x0, 0x7, 0xf3,
    0x0, 0x1f, 0xc0, 0x0, 0x7f, 0x60, 0x0, 0xb7,

    /* U+0029 ")" */
    0x2e, 0x40, 0x0, 0xee, 0x10, 0x4, 0xf8, 0x0,
    0xc, 0xe0, 0x0, 0x6f, 0x30, 0x2, 0xf7, 0x0,
    0xe, 0xa0, 0x0, 0xdb, 0x0, 0xd, 0xb0, 0x0,
    0xfa, 0x0, 0x2f, 0x70, 0x6, 0xf3, 0x0, 0xce,
    0x0, 0x5f, 0x70, 0x1e, 0xe0, 0x2, 0xd3, 0x0,

    /* U+002A "*" */
    0x0, 0xb, 0x60, 0x0, 0x0, 0xe, 0x90, 0x0,
    0x66, 0x1e, 0x93, 0x83, 0xbf, 0xff, 0xff, 0xf6,
    0x3, 0xcf, 0xf8, 0x10, 0x3, 0xfc, 0xfc, 0x0,
    0xd, 0xe1, 0x5f, 0x90, 0x2e, 0x40, 0x8, 0xc0,

    /* U+002B "+" */
    0x0, 0x0, 0x0, 0x0, 0x0, 0x0, 0x0, 0x3,
    0xf2, 0x0, 0x0, 0x0, 0x0, 0x5f, 0x40, 0x0,
    0x0, 0x0, 0x5, 0xf4, 0x0, 0x0, 0x0, 0x0,
    0x5f, 0x40, 0x0, 0x2, 0xff, 0xff, 0xff, 0xff,
    0xe1, 0x8, 0x99, 0xbf, 0xb9, 0x98, 0x0, 0x0,
    0x5, 0xf4, 0x0, 0x0, 0x0, 0x0, 0x5f, 0x40,
    0x0, 0x0, 0x0, 0x5, 0xf4, 0x0, 0x0, 0x0,
    0x0, 0x3e, 0x20, 0x0, 0x0,

    /* U+002C "," */
    0xc, 0x90, 0xd, 0xf0, 0x9, 0xc0, 0xe, 0x30,

    /* U+002D "-" */
    0x7, 0x99, 0x99, 0x98, 0x0, 0xef, 0xff, 0xff,
    0xf2,

    /* U+002E "." */
    0x0, 0x6, 0xf6, 0x5f, 0x50,

    /* U+002F "/" */
    0x0, 0x0, 0x25, 0x0, 0x0, 0xb, 0xf0, 0x0,
    0x1, 0xfa, 0x0, 0x0, 0x6f, 0x50, 0x0, 0xb,
    0xf0, 0x0, 0x1, 0xfa, 0x0, 0x0, 0x6f, 0x50,
    0x0, 0xb, 0xf0, 0x0, 0x1, 0xfa, 0x0, 0x0,
    0x6f, 0x50, 0x0, 0xb, 0xf0, 0x0, 0x1, 0xfa,
    0x0, 0x0, 0x6f, 0x40, 0x0, 0xb, 0xf0, 0x0,
    0x0, 0xb8, 0x0, 0x0, 0x0,

    /* U+0030 "0" */
    0x0, 0x7, 0xdf, 0xfc, 0x50, 0x0, 0x0, 0xbf,
    0xfd, 0xdf, 0xf9, 0x0, 0x5, 0xfb, 0x0, 0x1,
    0xcf, 0x30, 0xc, 0xf1, 0x0, 0x0, 0x3f, 0x90,
    0xf, 0xc0, 0x0, 0x0, 0xe, 0xd0, 0x2f, 0x90,
    0x0, 0x0, 0xc, 0xf0, 0x3f, 0x80, 0x0, 0x0,
    0xb, 0xf1, 0x4f, 0x80, 0x0, 0x0, 0xa, 0xf2,
    0x3f, 0x80, 0x0, 0x0, 0xb, 0xf1, 0x2f, 0x90,
    0x0, 0x0, 0xc, 0xf0, 0xf, 0xc0, 0x0, 0x0,
    0xe, 0xd0, 0xc, 0xf1, 0x0, 0x0, 0x3f, 0x90,
    0x5, 0xfb, 0x10, 0x1, 0xdf, 0x30, 0x0, 0xbf,
    0xfd, 0xdf, 0xf8, 0x0, 0x0, 0x7, 0xdf, 0xfc,
    0x50, 0x0,

    /* U+0031 "1" */
    0x0, 0x3c, 0xd0, 0x1a, 0xff, 0xf1, 0x8f, 0xcd,
    0xf1, 0x3, 0xb, 0xf1, 0x0, 0xb, 0xf1, 0x0,
    0xb, 0xf1, 0x0, 0xb, 0xf1, 0x0, 0xb, 0xf1,
    0x0, 0xb, 0xf1, 0x0, 0xb, 0xf1, 0x0, 0xb,
    0xf1, 0x0, 0xb, 0xf1, 0x0, 0xb, 0xf1, 0x0,
    0xb, 0xf1, 0x0, 0x8, 0xd0,

    /* U+0032 "2" */
    0x0, 0x5, 0xcf, 0xfc, 0x50, 0x0, 0x0, 0xaf,
    0xfd, 0xdf, 0xfa, 0x0, 0x7, 0xfb, 0x10, 0x2,
    0xcf, 0x50, 0xe, 0xf0, 0x0, 0x0, 0x2f, 0xc0,
    0xe, 0xa0, 0x0, 0x0, 0xe, 0xe0, 0x1, 0x0,
    0x0, 0x0, 0xf, 0xd0, 0x0, 0x0, 0x0, 0x0,
    0x6f, 0x80, 0x0, 0x0, 0x0, 0x1, 0xef, 0x10,
    0x0, 0x0, 0x0, 0xc, 0xf6, 0x0, 0x0, 0x0,
    0x1, 0xcf, 0x90, 0x0, 0x0, 0x0, 0x2d, 0xf9,
    0x0, 0x0, 0x0, 0x5, 0xff, 0x90, 0x0, 0x0,
    0x0, 0x9f, 0xf5, 0x0, 0x0, 0x0, 0x1d, 0xff,
    0xec, 0xcc, 0xcc, 0xb1, 0x2e, 0xff, 0xff, 0xff,
    0xff, 0xe2,

    /* U+0033 "3" */
    0x0, 0x6, 0xdf, 0xeb, 0x20, 0x0, 0x0, 0xbf,
    0xfd, 0xdf, 0xf6, 0x0, 0x8, 0xfa, 0x0, 0x3,
    0xef, 0x10, 0xc, 0xf0, 0x0, 0x0, 0x7f, 0x50,
    0x6, 0x70, 0x0, 0x0, 0x8f, 0x50, 0x0, 0x0,
    0x0, 0x16, 0xfe, 0x0, 0x0, 0x0, 0xbf, 0xff,
    0xf3, 0x0, 0x0, 0x0, 0x8c, 0xdf, 0xfb, 0x0,
    0x0, 0x0, 0x0, 0x1, 0xbf, 0x80, 0x4, 0x0,
    0x0, 0x0, 0xe, 0xf0, 0x3f, 0x80, 0x0, 0x0,
    0xb, 0xf1, 0x2f, 0xc0, 0x0, 0x0, 0xe, 0xf0,
    0xb, 0xf9, 0x10, 0x1, 0xaf, 0x90, 0x1, 0xdf,
    0xfd, 0xdf, 0xfb, 0x0, 0x0, 0x7, 0xcf, 0xfc,
    0x60, 0x0,

    /* U+0034 "4" */
    0x0, 0x0, 0x0, 0x0, 0x8e, 0x10, 0x0, 0x0,
    0x0, 0x5, 0xff, 0x20, 0x0, 0x0, 0x0, 0x2f,
    0xff, 0x20, 0x0, 0x0, 0x0, 0xdf, 0xef, 0x20,
    0x0, 0x0, 0x9, 0xf9, 0xaf, 0x20, 0x0, 0x0,
    0x6f, 0xd0, 0xaf, 0x20, 0x0, 0x2, 0xff, 0x20,
    0xaf, 0x20, 0x0, 0xd, 0xf5, 0x0, 0xaf, 0x20,
    0x0, 0xaf, 0x80, 0x0, 0xaf, 0x20, 0x7, 0xfc,
    0x0, 0x0, 0xaf, 0x20, 0x2f, 0xff, 0xff, 0xff,
    0xff, 0xfa, 0x1b, 0xcc, 0xcc, 0xcc, 0xef, 0xd7,
    0x0, 0x0, 0x0, 0x0, 0xaf, 0x20, 0x0, 0x0,
    0x0, 0x0, 0xaf, 0x20, 0x0, 0x0, 0x0, 0x0,
    0x6e, 0x10,

    /* U+0035 "5" */
    0x0, 0xbf, 0xff, 0xff, 0xff, 0x90, 0x0, 0xff,
    0xcc, 0xcc, 0xcc, 0x60, 0x2, 0xfa, 0x0, 0x0,
    0x0, 0x0, 0x4, 0xf8, 0x0, 0x0, 0x0, 0x0,
    0x6, 0xf6, 0x0, 0x0, 0x0, 0x0, 0x8, 0xf7,
    0x8b, 0xb8, 0x30, 0x0, 0xa, 0xff, 0xff, 0xff,
    0xf9, 0x0, 0xc, 0xfc, 0x40, 0x14, 0xcf, 0x90,
    0x7, 0xa0, 0x0, 0x0, 0xc, 0xf2, 0x0, 0x0,
    0x0, 0x0, 0x5, 0xf7, 0x6, 0x10, 0x0, 0x0,
    0x5, 0xf7, 0x3f, 0xb0, 0x0, 0x0, 0xa, 0xf4,
    0xc, 0xf9, 0x10, 0x0, 0x9f, 0xc0, 0x1, 0xcf,
    0xfd, 0xdf, 0xfc, 0x10, 0x0, 0x6, 0xce, 0xfc,
    0x60, 0x0,

    /* U+0036 "6" */
    0x0, 0x0, 0x5, 0xe2, 0x0, 0x0, 0x0, 0x0,
    0x1e, 0xf1, 0x0, 0x0, 0x0, 0x0, 0x8f, 0x70,
    0x0, 0x0, 0x0, 0x2, 0xfd, 0x0, 0x0, 0x0,
    0x0, 0xb, 0xf3, 0x0, 0x0, 0x0, 0x0, 0x4f,
    0xfe, 0xfd, 0x92, 0x0, 0x0, 0xdf, 0xfd, 0xdf,
    0xff, 0x40, 0x6, 0xfd, 0x20, 0x0, 0x6f, 0xf2,
    0xe, 0xe1, 0x0, 0x0, 0x5, 0xfa, 0x3f, 0x90,
    0x0, 0x0, 0x0, 0xee, 0x3f, 0x90, 0x0, 0x0,
    0x0, 0xee, 0x1f, 0xe0, 0x0, 0x0, 0x5, 0xfa,
    0x9, 0xfc, 0x20, 0x0, 0x6f, 0xf2, 0x0, 0xaf,
    0xfe, 0xdf, 0xff, 0x40, 0x0, 0x5, 0xbe, 0xfd,
    0x91, 0x0,

    /* U+0037 "7" */
    0x2f, 0xff, 0xff, 0xff, 0xff, 0x91, 0xbc, 0xcc,
    0xcc, 0xcf, 0xf8, 0x0, 0x0, 0x0, 0x1, 0xfe,
    0x0, 0x0, 0x0, 0x0, 0x9f, 0x50, 0x0, 0x0,
    0x0, 0x2f, 0xd0, 0x0, 0x0, 0x0, 0x8, 0xf6,
    0x0, 0x0, 0x0, 0x0, 0xef, 0x0, 0x0, 0x0,
    0x0, 0x4f, 0x90, 0x0, 0x0, 0x0, 0x9, 0xf4,
    0x0, 0x0, 0x0, 0x0, 0xef, 0x0, 0x0, 0x0,
    0x0, 0x2f, 0xb0, 0x0, 0x0, 0x0, 0x5, 0xf7,
    0x0, 0x0, 0x0, 0x0, 0x8f, 0x30, 0x0, 0x0,
    0x0, 0xb, 0xf1, 0x0, 0x0, 0x0, 0x0, 0x9c,
    0x0, 0x0, 0x0,

    /* U+0038 "8" */
    0x0, 0x4, 0xbf, 0xfd, 0x60, 0x0, 0x0, 0x9f,
    0xfd, 0xdf, 0xfc, 0x0, 0x5, 0xfc, 0x20, 0x0,
    0x9f, 0x80, 0x9, 0xf4, 0x0, 0x0, 0xf, 0xd0,
    0x8, 0xf5, 0x0, 0x0, 0x1f, 0xc0, 0x3, 0xfe,
    0x51, 0x3, 0xcf, 0x60, 0x0, 0x5f, 0xff, 0xff,
    0xf9, 0x0, 0x0, 0xcf, 0xfd, 0xdf, 0xfe, 0x20,
    0xa, 0xfa, 0x10, 0x0, 0x7f, 0xd0, 0x1f, 0xc0,
    0x0, 0x0, 0x9, 0xf5, 0x3f, 0x80, 0x0, 0x0,
    0x5, 0xf7, 0x2f, 0xc0, 0x0, 0x0, 0x9, 0xf5,
    0xb, 0xfa, 0x10, 0x0, 0x7f, 0xd0, 0x1, 0xcf,
    0xfd, 0xdf, 0xfe, 0x20, 0x0, 0x6, 0xcf, 0xfd,
    0x81, 0x0,

    /* U+0039 "9" */
    0x0, 0x5, 0xbf, 0xfd, 0x70, 0x0, 0x0, 0xaf,
    0xfe, 0xdf, 0xfe, 0x20, 0x9, 0xfb, 0x20, 0x0,
    0x7f, 0xe0, 0x1f, 0xd0, 0x0, 0x0, 0x8, 0xf6,
    0x3f, 0x80, 0x0, 0x0, 0x2, 0xf9, 0x3f, 0x90,
    0x0, 0x0, 0x3, 0xf8, 0xe, 0xe1, 0x0, 0x0,
    0xb, 0xf4, 0x6, 0xfd, 0x51, 0x3, 0xbf, 0xd0,
    0x0, 0x7f, 0xff, 0xff, 0xff, 0x40, 0x0, 0x2,
    0x8b, 0xcc, 0xfb, 0x0, 0x0, 0x0, 0x0, 0xc,
    0xf3, 0x0, 0x0, 0x0, 0x0, 0x5f, 0xa0, 0x0,
    0x0, 0x0, 0x0, 0xef, 0x10, 0x0, 0x0, 0x0,
    0x7, 0xf8, 0x0, 0x0, 0x0, 0x0, 0x7, 0xd1,
    0x0, 0x0,

    /* U+003A ":" */
    0x6f, 0x48, 0xf5, 0x0, 0x0, 0x0, 0x0, 0x0,
    0x0, 0x0, 0x0, 0x0, 0x8f, 0x57, 0xf4,

    /* U+003B ";" */
    0x7e, 0x39, 0xf4, 0x0, 0x0, 0x0, 0x0, 0x0,
    0x0, 0x0, 0x7, 0xd1, 0x7f, 0x53, 0xf2, 0x89,
    0x0,

    /* U+003C "<" */
    0x0, 0x0, 0x0, 0x0, 0x13, 0x0, 0x0, 0x0,
    0x3, 0xaf, 0xf0, 0x0, 0x0, 0x5c, 0xff, 0xa3,
    0x0, 0x17, 0xef, 0xe8, 0x10, 0x0, 0x2f, 0xfe,
    0x60, 0x0, 0x0, 0x1, 0xbf, 0xfb, 0x40, 0x0,
    0x0, 0x0, 0x29, 0xff, 0xd6, 0x0, 0x0, 0x0,
    0x0, 0x7d, 0xff, 0x80, 0x0, 0x0, 0x0, 0x4,
    0xbe, 0x0,

    /* U+003D "=" */
    0x2f, 0xff, 0xff, 0xff, 0xfe, 0x10, 0x89, 0x99,
    0x99, 0x99, 0x80, 0x0, 0x0, 0x0, 0x0, 0x0,
    0x0, 0x89, 0x99, 0x99, 0x99, 0x80, 0x2f, 0xff,
    0xff, 0xff, 0xfe, 0x10,

    /* U+003E ">" */
    0x4, 0x0, 0x0, 0x0, 0x0, 0x3, 0xff, 0x92,
    0x0, 0x0, 0x0, 0x4, 0xbf, 0xfb, 0x40, 0x0,
    0x0, 0x0, 0x29, 0xff, 0xd6, 0x0, 0x0, 0x0,
    0x1, 0x7f, 0xfe, 0x0, 0x0, 0x0, 0x5c, 0xff,
    0x90, 0x0, 0x18, 0xef, 0xe8, 0x10, 0x0, 0xaf,
    0xfc, 0x60, 0x0, 0x0, 0x2e, 0xa3, 0x0, 0x0,
    0x0, 0x0,

    /* U+003F "?" */
    0x0, 0x1, 0x0, 0x0, 0x6e, 0xff, 0xa0, 0x4f,
    0xc6, 0x9f, 0x9b, 0xf1, 0x0, 0xbe, 0xdb, 0x0,
    0xb, 0xe2, 0x10, 0x3, 0xfa, 0x0, 0x1, 0xee,
    0x20, 0x0, 0xcf, 0x30, 0x0, 0x3f, 0x90, 0x0,
    0x6, 0xf5, 0x0, 0x0, 0x2b, 0x0, 0x0, 0x0,
    0x0, 0x0, 0x0, 0x0, 0x0, 0x0, 0x5, 0xe3,
    0x0, 0x0, 0x5f, 0x30, 0x0,

    /* U+0040 "@" */
    0x0, 0x0, 0x0, 0x0, 0x0, 0x0, 0x0, 0x0,
    0x0, 0x4b, 0xff, 0xea, 0x20, 0x0, 0x0, 0xa,
    0xfe, 0xa9, 0xbf, 0xf5, 0x0, 0x0, 0xbf, 0x80,
    0x10, 0x1, 0xcf, 0x10, 0x6, 0xf7, 0x1c, 0xff,
    0xbe, 0x5f, 0x80, 0xd, 0xc0, 0xaf, 0x9a, 0xff,
    0x3b, 0xc0, 0x1f, 0x70, 0xf9, 0x0, 0xcf, 0x9,
    0xe0, 0x3f, 0x43, 0xf5, 0x0, 0xbd, 0xa, 0xd0,
    0x3f, 0x45, 0xf2, 0x0, 0xdb, 0xc, 0xb0, 0x1f,
    0x65, 0xf2, 0x1, 0xfa, 0xf, 0x80, 0xd, 0xb1,
    0xf8, 0x19, 0xfc, 0x8f, 0x20, 0x6, 0xf4, 0x6e,
    0xff, 0x9f, 0xf9, 0x0, 0x0, 0xbf, 0x60, 0x20,
    0x2, 0x59, 0xd0, 0x0, 0xb, 0xfe, 0xa8, 0x8b,
    0xff, 0x80, 0x0, 0x0, 0x4a, 0xdf, 0xfd, 0x82,
    0x0,

    /* U+0041 "A" */
    0x0, 0x0, 0x2, 0xe6, 0x0, 0x0, 0x0, 0x0,
    0x0, 0x9f, 0xd0, 0x0, 0x0, 0x0, 0x0, 0xf,
    0xff, 0x40, 0x0, 0x0, 0x0, 0x6, 0xfb, 0xfa,
    0x0, 0x0, 0x0, 0x0, 0xcf, 0x2d, 0xf1, 0x0,
    0x0, 0x0, 0x3f, 0xb0, 0x6f, 0x80, 0x0, 0x0,
    0x9, 0xf4, 0x0, 0xfe, 0x0, 0x0, 0x1, 0xfe,
    0x0, 0x9, 0xf5, 0x0, 0x0, 0x6f, 0x70, 0x0,
    0x3f, 0xb0, 0x0, 0xd, 0xfd, 0xcc, 0xcc, 0xff,
    0x20, 0x3, 0xff, 0xff, 0xff, 0xff, 0xf8, 0x0,
    0xaf, 0x40, 0x0, 0x0, 0xf, 0xe0, 0x1f, 0xe0,
    0x0, 0x0, 0x0, 0x9f, 0x57, 0xf7, 0x0, 0x0,
    0x0, 0x2, 0xfc, 0x6e, 0x10, 0x0, 0x0, 0x0,
    0xa, 0xb0,

    /* U+0042 "B" */
    0xa, 0xff, 0xff, 0xfb, 0x10, 0x3, 0xfe, 0xcc,
    0xcd, 0xfe, 0x20, 0x4f, 0x80, 0x0, 0x5, 0xfa,
    0x4, 0xf8, 0x0, 0x0, 0xd, 0xf0, 0x4f, 0x80,
    0x0, 0x0, 0xef, 0x4, 0xf8, 0x0, 0x0, 0x6f,
    0xb0, 0x4f, 0xec, 0xcc, 0xdf, 0xf2, 0x4, 0xff,
    0xff, 0xff, 0xff, 0x80, 0x4f, 0x80, 0x0, 0x3,
    0xdf, 0x54, 0xf8, 0x0, 0x0, 0x2, 0xfc, 0x4f,
    0x80, 0x0, 0x0, 0xe, 0xe4, 0xf8, 0x0, 0x0,
    0x0, 0xfd, 0x4f, 0x80, 0x0, 0x0, 0xaf, 0x83,
    0xfe, 0xcc, 0xcc, 0xff, 0xc0, 0xa, 0xff, 0xff,
    0xfd, 0x70, 0x0,

    /* U+0043 "C" */
    0x0, 0x1, 0x8d, 0xfe, 0xc6, 0x0, 0x0, 0x3,
    0xff, 0xfd, 0xdf, 0xfc, 0x10, 0x1, 0xef, 0x60,
    0x0, 0x19, 0xfb, 0x0, 0x8f, 0x60, 0x0, 0x0,
    0xb, 0xf4, 0xe, 0xe0, 0x0, 0x0, 0x0, 0x17,
    0x1, 0xfb, 0x0, 0x0, 0x0, 0x0, 0x0, 0x3f,
    0x90, 0x0, 0x0, 0x0, 0x0, 0x4, 0xf8, 0x0,
    0x0, 0x0, 0x0, 0x0, 0x3f, 0x90, 0x0, 0x0,
    0x0, 0x0, 0x1, 0xfb, 0x0, 0x0, 0x0, 0x0,
    0x0, 0xe, 0xe0, 0x0, 0x0, 0x0, 0x15, 0x0,
    0x8f, 0x60, 0x0, 0x0, 0xb, 0xf3, 0x1, 0xef,
    0x60, 0x0, 0x19, 0xfb, 0x0, 0x3, 0xff, 0xfd,
    0xdf, 0xfc, 0x10, 0x0, 0x1, 0x8d, 0xfe, 0xc6,
    0x0, 0x0,

    /* U+0044 "D" */
    0xa, 0xff, 0xff, 0xfd, 0x81, 0x0, 0x3, 0xfe,
    0xcc, 0xcc, 0xff, 0xe2, 0x0, 0x4f, 0x80, 0x0,
    0x0, 0x7f, 0xd0, 0x4, 0xf8, 0x0, 0x0, 0x0,
    0x8f, 0x60, 0x4f, 0x80, 0x0, 0x0, 0x1, 0xfb,
    0x4, 0xf8, 0x0, 0x0, 0x0, 0xd, 0xe0, 0x4f,
    0x80, 0x0, 0x0, 0x0, 0xbf, 0x4, 0xf8, 0x0,
    0x0, 0x0, 0xb, 0xf1, 0x4f, 0x80, 0x0, 0x0,
    0x0, 0xbf, 0x4, 0xf8, 0x0, 0x0, 0x0, 0xd,
    0xe0, 0x4f, 0x80, 0x0, 0x0, 0x1, 0xfb, 0x4,
    0xf8, 0x0, 0x0, 0x0, 0x8f, 0x60, 0x4f, 0x80,
    0x0, 0x0, 0x7f, 0xd0, 0x3, 0xfe, 0xcc, 0xcd,
    0xff, 0xe2, 0x0, 0xa, 0xff, 0xff, 0xfd, 0x91,
    0x0, 0x0,

    /* U+0045 "E" */
    0xa, 0xff, 0xff, 0xff, 0xff, 0x33, 0xfe, 0xcc,
    0xcc, 0xcc, 0xb2, 0x4f, 0x80, 0x0, 0x0, 0x0,
    0x4, 0xf8, 0x0, 0x0, 0x0, 0x0, 0x4f, 0x80,
    0x0, 0x0, 0x0, 0x4, 0xf8, 0x0, 0x0, 0x0,
    0x0, 0x4f, 0xec, 0xcc, 0xcc, 0xca, 0x4, 0xff,
    0xff, 0xff, 0xff, 0xd0, 0x4f, 0x80, 0x0, 0x0,
    0x0, 0x4, 0xf8, 0x0, 0x0, 0x0, 0x0, 0x4f,
    0x80, 0x0, 0x0, 0x0, 0x4, 0xf8, 0x0, 0x0,
    0x0, 0x0, 0x4f, 0x80, 0x0, 0x0, 0x0, 0x3,
    0xfe, 0xcc, 0xcc, 0xcc, 0xc2, 0xa, 0xff, 0xff,
    0xff, 0xff, 0x30,

    /* U+0046 "F" */
    0xa, 0xff, 0xff, 0xff, 0xff, 0xa3, 0xfe, 0xcc,
    0xcc, 0xcc, 0xc7, 0x4f, 0x80, 0x0, 0x0, 0x0,
    0x4, 0xf8, 0x0, 0x0, 0x0, 0x0, 0x4f, 0x80,
    0x0, 0x0, 0x0, 0x4, 0xf8, 0x0, 0x0, 0x0,
    0x0, 0x4f, 0xec, 0xcc, 0xcc, 0xc8, 0x4, 0xff,
    0xff, 0xff, 0xff, 0xb0, 0x4f, 0x80, 0x0, 0x0,
    0x0, 0x4, 0xf8, 0x0, 0x0, 0x0, 0x0, 0x4f,
    0x80, 0x0, 0x0, 0x0, 0x4, 0xf8, 0x0, 0x0,
    0x0, 0x0, 0x4f, 0x80, 0x0, 0x0, 0x0, 0x4,
    0xf8, 0x0, 0x0, 0x0, 0x0, 0x2e, 0x50, 0x0,
    0x0, 0x0, 0x0,

    /* U+0047 "G" */
    0x0, 0x1, 0x8d, 0xfe, 0xc6, 0x0, 0x0, 0x3,
    0xff, 0xfd, 0xdf, 0xfc, 0x10, 0x1, 0xef, 0x60,
    0x0, 0x19, 0xfc, 0x0, 0x8f, 0x60, 0x0, 0x0,
    0xb, 0xf4, 0xe, 0xe0, 0x0, 0x0, 0x0, 0x16,
    0x1, 0xfb, 0x0, 0x0, 0x0, 0x0, 0x0, 0x3f,
    0x90, 0x0, 0x0, 0x0, 0x0, 0x4, 0xf8, 0x0,
    0x1, 0xef, 0xff, 0xf5, 0x3f, 0x90, 0x0, 0xa,
    0xcc, 0xdf, 0x81, 0xfb, 0x0, 0x0, 0x0, 0x5,
    0xf7, 0xe, 0xe0, 0x0, 0x0, 0x0, 0x7f, 0x50,
    0x8f, 0x60, 0x0, 0x0, 0xb, 0xf1, 0x1, 0xef,
    0x60, 0x0, 0x7, 0xfb, 0x0, 0x3, 0xff, 0xfc,
    0xcf, 0xfe, 0x10, 0x0, 0x1, 0x8d, 0xff, 0xd9,
    0x10, 0x0,

    /* U+0048 "H" */
    0x2e, 0x50, 0x0, 0x0, 0x0, 0xd8, 0x4f, 0x80,
    0x0, 0x0, 0x1, 0xfb, 0x4f, 0x80, 0x0, 0x0,
    0x1, 0xfb, 0x4f, 0x80, 0x0, 0x0, 0x1, 0xfb,
    0x4f, 0x80, 0x0, 0x0, 0x1, 0xfb, 0x4f, 0x80,
    0x0, 0x0, 0x1, 0xfb, 0x4f, 0xec, 0xcc, 0xcc,
    0xcc, 0xfb, 0x4f, 0xff, 0xff, 0xff, 0xff, 0xfb,
    0x4f, 0x80, 0x0, 0x0, 0x1, 0xfb, 0x4f, 0x80,
    0x0, 0x0, 0x1, 0xfb, 0x4f, 0x80, 0x0, 0x0,
    0x1, 0xfb, 0x4f, 0x80, 0x0, 0x0, 0x1, 0xfb,
    0x4f, 0x80, 0x0, 0x0, 0x1, 0xfb, 0x4f, 0x80,
    0x0, 0x0, 0x1, 0xfb, 0x2e, 0x50, 0x0, 0x0,
    0x0, 0xd8,

    /* U+0049 "I" */
    0x2e, 0x54, 0xf8, 0x4f, 0x84, 0xf8, 0x4f, 0x84,
    0xf8, 0x4f, 0x84, 0xf8, 0x4f, 0x84, 0xf8, 0x4f,
    0x84, 0xf8, 0x4f, 0x84, 0xf8, 0x2e, 0x50,

    /* U+004A "J" */
    0x0, 0x0, 0x0, 0x1e, 0x50, 0x0, 0x0, 0x4,
    0xf8, 0x0, 0x0, 0x0, 0x3f, 0x80, 0x0, 0x0,
    0x3, 0xf8, 0x0, 0x0, 0x0, 0x3f, 0x80, 0x0,
    0x0, 0x3, 0xf9, 0x0, 0x0, 0x0, 0x3f, 0x90,
    0x0, 0x0, 0x3, 0xf9, 0x0, 0x0, 0x0, 0x3f,
    0x90, 0x0, 0x0, 0x3, 0xf9, 0x0, 0x0, 0x0,
    0x3f, 0x94, 0x90, 0x0, 0x5, 0xf8, 0x8f, 0x80,
    0x1, 0xcf, 0x31, 0xdf, 0xed, 0xff, 0x80, 0x1,
    0x9e, 0xfd, 0x60, 0x0,

    /* U+004B "K" */
    0x2e, 0x50, 0x0, 0x0, 0x1c, 0xa0, 0x4f, 0x80,
    0x0, 0x1, 0xcf, 0x80, 0x4f, 0x80, 0x0, 0x1c,
    0xf9, 0x0, 0x4f, 0x80, 0x1, 0xcf, 0x90, 0x0,
    0x4f, 0x80, 0xc, 0xf9, 0x0, 0x0, 0x4f, 0x80,
    0xcf, 0x90, 0x0, 0x0, 0x4f, 0x9c, 0xfc, 0x0,
    0x0, 0x0, 0x4f, 0xff, 0xff, 0x50, 0x0, 0x0,
    0x4f, 0xfa, 0x3f, 0xf2, 0x0, 0x0, 0x4f, 0xb0,
    0x6, 0xfd, 0x0, 0x0, 0x4f, 0x80, 0x0, 0x9f,
    0xa0, 0x0, 0x4f, 0x80, 0x0, 0xc, 0xf7, 0x0,
    0x4f, 0x80, 0x0, 0x1, 0xef, 0x30, 0x4f, 0x80,
    0x0, 0x0, 0x4f, 0xe1, 0x2e, 0x50, 0x0, 0x0,
    0x7, 0xe2,

    /* U+004C "L" */
    0x2e, 0x50, 0x0, 0x0, 0x0, 0x4, 0xf8, 0x0,
    0x0, 0x0, 0x0, 0x4f, 0x80, 0x0, 0x0, 0x0,
    0x4, 0xf8, 0x0, 0x0, 0x0, 0x0, 0x4f, 0x80,
    0x0, 0x0, 0x0, 0x4, 0xf8, 0x0, 0x0, 0x0,
    0x0, 0x4f, 0x80, 0x0, 0x0, 0x0, 0x4, 0xf8,
    0x0, 0x0, 0x0, 0x0, 0x4f, 0x80, 0x0, 0x0,
    0x0, 0x4, 0xf8, 0x0, 0x0, 0x0, 0x0, 0x4f,
    0x80, 0x0, 0x0, 0x0, 0x4, 0xf8, 0x0, 0x0,
    0x0, 0x0, 0x4f, 0x80, 0x0, 0x0, 0x0, 0x3,
    0xfe, 0xcc, 0xcc, 0xcc, 0xb1, 0xa, 0xff, 0xff,
    0xff, 0xfe, 0x20,

    /* U+004D "M" */
    0x2e, 0x60, 0x0, 0x0, 0x0, 0x1, 0xe8, 0x4f,
    0xe0, 0x0, 0x0, 0x0, 0x8, 0xfb, 0x4f, 0xf7,
    0x0, 0x0, 0x0, 0x1f, 0xfb, 0x4f, 0xfe, 0x0,
    0x0, 0x0, 0x8f, 0xfb, 0x4f, 0xff, 0x60, 0x0,
    0x0, 0xff, 0xfb, 0x4f, 0x9f, 0xe0, 0x0, 0x7,
    0xf9, 0xfb, 0x4f, 0x89, 0xf6, 0x0, 0xe, 0xf2,
    0xfb, 0x4f, 0x81, 0xfe, 0x0, 0x7f, 0x81, 0xfb,
    0x4f, 0x80, 0x9f, 0x60, 0xef, 0x11, 0xfb, 0x4f,
    0x80, 0x2f, 0xd7, 0xf8, 0x1, 0xfb, 0x4f, 0x80,
    0x9, 0xff, 0xf1, 0x1, 0xfb, 0x4f, 0x80, 0x2,
    0xff, 0x90, 0x1, 0xfb, 0x4f, 0x80, 0x0, 0x9e,
    0x10, 0x1, 0xfb, 0x4f, 0x80, 0x0, 0x0, 0x0,
    0x1, 0xfb, 0x2e, 0x50, 0x0, 0x0, 0x0, 0x0,
    0xd8,

    /* U+004E "N" */
    0x2e, 0x70, 0x0, 0x0, 0x0, 0xbb, 0x4f, 0xf3,
    0x0, 0x0, 0x0, 0xee, 0x4f, 0xfd, 0x0, 0x0,
    0x0, 0xee, 0x4f, 0xff, 0x90, 0x0, 0x0, 0xee,
    0x4f, 0x8d, 0xf5, 0x0, 0x0, 0xee, 0x4f, 0x83,
    0xfe, 0x10, 0x0, 0xee, 0x4f, 0x80, 0x7f, 0xb0,
    0x0, 0xee, 0x4f, 0x80, 0xc, 0xf6, 0x0, 0xee,
    0x4f, 0x80, 0x2, 0xff, 0x20, 0xee, 0x4f, 0x80,
    0x0, 0x6f, 0xc0, 0xee, 0x4f, 0x80, 0x0, 0xb,
    0xf7, 0xee, 0x4f, 0x80, 0x0, 0x1, 0xef, 0xfe,
    0x4f, 0x80, 0x0, 0x0, 0x4f, 0xfe, 0x4f, 0x80,
    0x0, 0x0, 0x9, 0xfe, 0x2e, 0x50, 0x0, 0x0,
    0x0, 0xdb,

    /* U+004F "O" */
    0x0, 0x2, 0x9e, 0xfe, 0xb5, 0x0, 0x0, 0x5,
    0xff, 0xec, 0xdf, 0xfb, 0x0, 0x3, 0xfe, 0x40,
    0x0, 0x1b, 0xf9, 0x0, 0xbf, 0x30, 0x0, 0x0,
    0xc, 0xf2, 0x1f, 0xc0, 0x0, 0x0, 0x0, 0x5f,
    0x74, 0xf8, 0x0, 0x0, 0x0, 0x1, 0xfb, 0x6f,
    0x60, 0x0, 0x0, 0x0, 0xf, 0xc7, 0xf5, 0x0,
    0x0, 0x0, 0x0, 0xfd, 0x6f, 0x60, 0x0, 0x0,
    0x0, 0xf, 0xc4, 0xf8, 0x0, 0x0, 0x0, 0x1,
    0xfb, 0x1f, 0xc0, 0x0, 0x0, 0x0, 0x5f, 0x70,
    0xbf, 0x30, 0x0, 0x0, 0xd, 0xf2, 0x3, 0xfe,
    0x40, 0x0, 0x1b, 0xf9, 0x0, 0x5, 0xff, 0xec,
    0xdf, 0xfb, 0x0, 0x0, 0x2, 0xae, 0xfe, 0xb6,
    0x0, 0x0,

    /* U+0050 "P" */
    0xa, 0xff, 0xff, 0xfe, 0x91, 0x0, 0x3f, 0xec,
    0xcc, 0xce, 0xfe, 0x20, 0x4f, 0x80, 0x0, 0x0,
    0x6f, 0xd0, 0x4f, 0x80, 0x0, 0x0, 0xb, 0xf2,
    0x4f, 0x80, 0x0, 0x0, 0x8, 0xf4, 0x4f, 0x80,
    0x0, 0x0, 0xb, 0xf2, 0x4f, 0x80, 0x0, 0x0,
    0x6f, 0xd0, 0x4f, 0xec, 0xcc, 0xce, 0xff, 0x30,
    0x4f, 0xff, 0xff, 0xfe, 0xa2, 0x0, 0x4f, 0x80,
    0x0, 0x0, 0x0, 0x0, 0x4f, 0x80, 0x0, 0x0,
    0x0, 0x0, 0x4f, 0x80, 0x0, 0x0, 0x0, 0x0,
    0x4f, 0x80, 0x0, 0x0, 0x0, 0x0, 0x4f, 0x80,
    0x0, 0x0, 0x0, 0x0, 0x2e, 0x50, 0x0, 0x0,
    0x0, 0x0,

    /* U+0051 "Q" */
    0x0, 0x2, 0x9e, 0xfe, 0xb5, 0x0, 0x0, 0x5,
    0xff, 0xec, 0xdf, 0xfb, 0x0, 0x3, 0xfe, 0x40,
    0x0, 0x1b, 0xf9, 0x0, 0xbf, 0x30, 0x0, 0x0,
    0xc, 0xf2, 0x1f, 0xc0, 0x0, 0x0, 0x0, 0x5f,
    0x74, 0xf8, 0x0, 0x0, 0x0, 0x1, 0xfb, 0x6f,
    0x60, 0x0, 0x0, 0x0, 0xf, 0xd7, 0xf5, 0x0,
    0x0, 0x0, 0x0, 0xfd, 0x6f, 0x60, 0x0, 0x0,
    0x0, 0xf, 0xd4, 0xf8, 0x0, 0x0, 0x0, 0x1,
    0xfb, 0x1f, 0xc0, 0x0, 0x3, 0x90, 0x5f, 0x70,
    0xbf, 0x30, 0x0, 0x3f, 0xdd, 0xf2, 0x3, 0xfe,
    0x40, 0x0, 0x4f, 0xfa, 0x0, 0x5, 0xff, 0xed,
    0xef, 0xfe, 0xf6, 0x0, 0x2, 0xae, 0xfe, 0xb5,
    0x9, 0xc0,

    /* U+0052 "R" */
    0xa, 0xff, 0xff, 0xfe, 0xb4, 0x0, 0x3f, 0xec,
    0xcc, 0xcd, 0xff, 0x80, 0x4f, 0x80, 0x0, 0x0,
    0x2d, 0xf3, 0x4f, 0x80, 0x0, 0x0, 0x4, 0xf8,
    0x4f, 0x80, 0x0, 0x0, 0x4, 0xf7, 0x4f, 0x80,
    0x0, 0x0, 0x2d, 0xf3, 0x4f, 0xec, 0xcc, 0xcd,
    0xff, 0x90, 0x4f, 0xff, 0xff, 0xff, 0xc6, 0x0,
    0x4f, 0x80, 0x1, 0xff, 0x20, 0x0, 0x4f, 0x80,
    0x0, 0x6f, 0xc0, 0x0, 0x4f, 0x80, 0x0, 0xb,
    0xf6, 0x0, 0x4f, 0x80, 0x0, 0x1, 0xff, 0x20,
    0x4f, 0x80, 0x0, 0x0, 0x6f, 0xc0, 0x4f, 0x80,
    0x0, 0x0, 0xb, 0xf6, 0x2e, 0x50, 0x0, 0x0,
    0x1, 0xe7,

    /* U+0053 "S" */
    0x0, 0x3c, 0xff, 0xff, 0xff, 0x20, 0x5f, 0xfd,
    0xcc, 0xcc, 0xb1, 0x1e, 0xe2, 0x0, 0x0, 0x0,
    0x5, 0xf7, 0x0, 0x0, 0x0, 0x0, 0x6f, 0x60,
    0x0, 0x0, 0x0, 0x4, 0xf8, 0x0, 0x0, 0x0,
    0x0, 0xd, 0xf5, 0x0, 0x0, 0x0, 0x0, 0x3e,
    0xff, 0xff, 0xd7, 0x0, 0x0, 0x19, 0xcc, 0xcf,
    0xfb, 0x0, 0x0, 0x0, 0x0, 0xb, 0xf5, 0x0,
    0x0, 0x0, 0x0, 0x3f, 0x90, 0x0, 0x0, 0x0,
    0x3, 0xfa, 0x0, 0x0, 0x0, 0x0, 0xaf, 0x51,
    0xbc, 0xcc, 0xcc, 0xef, 0xb0, 0x2e, 0xff, 0xff,
    0xfd, 0x70, 0x0,

    /* U+0054 "T" */
    0x7f, 0xff, 0xff, 0xff, 0xff, 0xf7, 0x4c, 0xcc,
    0xcf, 0xfc, 0xcc, 0xc4, 0x0, 0x0, 0xe, 0xe0,
    0x0, 0x0, 0x0, 0x0, 0xe, 0xe0, 0x0, 0x0,
    0x0, 0x0, 0xe, 0xe0, 0x0, 0x0, 0x0, 0x0,
    0xe, 0xe0, 0x0, 0x0, 0x0, 0x0, 0xe, 0xe0,
    0x0, 0x0, 0x0, 0x0, 0xe, 0xe0, 0x0, 0x0,
    0x0, 0x0, 0xe, 0xe0, 0x0, 0x0, 0x0, 0x0,
    0xe, 0xe0, 0x0, 0x0, 0x0, 0x0, 0xe, 0xe0,
    0x0, 0x0, 0x0, 0x0, 0xe, 0xe0, 0x0, 0x0,
    0x0, 0x0, 0xe, 0xe0, 0x0, 0x0, 0x0, 0x0,
    0xe, 0xe0, 0x0, 0x0, 0x0, 0x0, 0xa, 0xb0,
    0x0, 0x0,

    /* U+0055 "U" */
    0x2e, 0x60, 0x0, 0x0, 0x0, 0xd8, 0x4f, 0x80,
    0x0, 0x0, 0x1, 0xfb, 0x4f, 0x80, 0x0, 0x0,
    0x1, 0xfb, 0x4f, 0x80, 0x0, 0x0, 0x0, 0xfb,
    0x4f, 0x80, 0x0, 0x0, 0x0, 0xfb, 0x4f, 0x80,
    0x0, 0x0, 0x0, 0xfb, 0x4f, 0x80, 0x0, 0x0,
    0x0, 0xfc, 0x4f, 0x80, 0x0, 0x0, 0x0, 0xfc,
    0x4f, 0x80, 0x0, 0x0, 0x0, 0xfc, 0x4f, 0x80,
    0x0, 0x0, 0x0, 0xfc, 0x3f, 0x90, 0x0, 0x0,
    0x1, 0xfb, 0xf, 0xe1, 0x0, 0x0, 0x7, 0xf8,
    0x8, 0xfc, 0x20, 0x0, 0x7f, 0xe1, 0x0, 0x9f,
    0xfe, 0xdf, 0xfe, 0x30, 0x0, 0x4, 0xbf, 0xfd,
    0x81, 0x0,

    /* U+0056 "V" */
    0x4e, 0x30, 0x0, 0x0, 0x0, 0x4e, 0x34, 0xfa,
    0x0, 0x0, 0x0, 0xb, 0xf3, 0xe, 0xf0, 0x0,
    0x0, 0x1, 0xfd, 0x0, 0x8f, 0x60, 0x0, 0x0,
    0x7f, 0x70, 0x2, 0xfc, 0x0, 0x0, 0xd, 0xf1,
    0x0, 0xc, 0xf2, 0x0, 0x3, 0xfb, 0x0, 0x0,
    0x6f, 0x80, 0x0, 0x9f, 0x50, 0x0, 0x0, 0xfe,
    0x0, 0xf, 0xe0, 0x0, 0x0, 0xa, 0xf4, 0x5,
    0xf8, 0x0, 0x0, 0x0, 0x4f, 0xa0, 0xbf, 0x20,
    0x0, 0x0, 0x0, 0xdf, 0x3f, 0xc0, 0x0, 0x0,
    0x0, 0x7, 0xfd, 0xf6, 0x0, 0x0, 0x0, 0x0,
    0x1f, 0xff, 0x10, 0x0, 0x0, 0x0, 0x0, 0xbf,
    0xa0, 0x0, 0x0, 0x0, 0x0, 0x4, 0xe3, 0x0,
    0x0, 0x0,

    /* U+0057 "W" */
    0x4e, 0x30, 0x0, 0x0, 0xd8, 0x0, 0x0, 0x8,
    0xd0, 0x4f, 0x80, 0x0, 0x4, 0xfe, 0x0, 0x0,
    0xe, 0xe0, 0xf, 0xc0, 0x0, 0x8, 0xff, 0x30,
    0x0, 0x3f, 0xa0, 0xc, 0xf1, 0x0, 0xd, 0xff,
    0x80, 0x0, 0x7f, 0x60, 0x8, 0xf5, 0x0, 0x2f,
    0xcf, 0xc0, 0x0, 0xbf, 0x20, 0x3, 0xf9, 0x0,
    0x6f, 0x6c, 0xf1, 0x0, 0xfd, 0x0, 0x0, 0xfe,
    0x0, 0xbf, 0x27, 0xf5, 0x4, 0xf9, 0x0, 0x0,
    0xbf, 0x20, 0xfd, 0x2, 0xfa, 0x8, 0xf5, 0x0,
    0x0, 0x6f, 0x64, 0xf9, 0x0, 0xee, 0xc, 0xf1,
    0x0, 0x0, 0x2f, 0xb9, 0xf4, 0x0, 0x9f, 0x4f,
    0xc0, 0x0, 0x0, 0xe, 0xfd, 0xf0, 0x0, 0x5f,
    0xdf, 0x80, 0x0, 0x0, 0x9, 0xff, 0xb0, 0x0,
    0x1f, 0xff, 0x40, 0x0, 0x0, 0x5, 0xff, 0x60,
    0x0, 0xc, 0xff, 0x0, 0x0, 0x0, 0x1, 0xff,
    0x20, 0x0, 0x7, 0xfb, 0x0, 0x0, 0x0, 0x0,
    0xab, 0x0, 0x0, 0x2, 0xe5, 0x0, 0x0,

    /* U+0058 "X" */
    0x4e, 0x40, 0x0, 0x0, 0x0, 0x1d, 0x82, 0xfe,
    0x20, 0x0, 0x0, 0xc, 0xf7, 0x6, 0xfc, 0x0,
    0x0, 0x9, 0xfb, 0x0, 0x9, 0xfa, 0x0, 0x5,
    0xfd, 0x0, 0x0, 0xc, 0xf6, 0x2, 0xff, 0x20,
    0x0, 0x0, 0x1e, 0xf4, 0xdf, 0x50, 0x0, 0x0,
    0x0, 0x4f, 0xff, 0x90, 0x0, 0x0, 0x0, 0x0,
    0xaf, 0xf0, 0x0, 0x0, 0x0, 0x0, 0x4f, 0xff,
    0x80, 0x0, 0x0, 0x0, 0x2e, 0xf4, 0xdf, 0x50,
    0x0, 0x0, 0xc, 0xf6, 0x2, 0xff, 0x20, 0x0,
    0xa, 0xfa, 0x0, 0x5, 0xfd, 0x0, 0x6, 0xfc,
    0x0, 0x0, 0x9, 0xfa, 0x2, 0xfe, 0x20, 0x0,
    0x0, 0xc, 0xf7, 0x4e, 0x40, 0x0, 0x0, 0x0,
    0x1d, 0x80,

    /* U+0059 "Y" */
    0x4e, 0x40, 0x0, 0x0, 0x0, 0x1d, 0x83, 0xfe,
    0x10, 0x0, 0x0, 0xb, 0xf7, 0x7, 0xfb, 0x0,
    0x0, 0x7, 0xfb, 0x0, 0xb, 0xf7, 0x0, 0x3,
    0xfe, 0x10, 0x0, 0x1e, 0xf3, 0x1, 0xef, 0x40,
    0x0, 0x0, 0x4f, 0xe1, 0xaf, 0x80, 0x0, 0x0,
    0x0, 0x8f, 0xdf, 0xc0, 0x0, 0x0, 0x0, 0x0,
    0xcf, 0xf2, 0x0, 0x0, 0x0, 0x0, 0x4, 0xf8,
    0x0, 0x0, 0x0, 0x0, 0x0, 0x4f, 0x80, 0x0,
    0x0, 0x0, 0x0, 0x4, 0xf8, 0x0, 0x0, 0x0,
    0x0, 0x0, 0x4f, 0x80, 0x0, 0x0, 0x0, 0x0,
    0x4, 0xf8, 0x0, 0x0, 0x0, 0x0, 0x0, 0x4f,
    0x80, 0x0, 0x0, 0x0, 0x0, 0x2, 0xe5, 0x0,
    0x0, 0x0,

    /* U+005A "Z" */
    0x2f, 0xff, 0xff, 0xff, 0xff, 0xb1, 0xbc, 0xcc,
    0xcc, 0xce, 0xfa, 0x0, 0x0, 0x0, 0x2, 0xff,
    0x20, 0x0, 0x0, 0x0, 0xbf, 0x70, 0x0, 0x0,
    0x0, 0x5f, 0xc0, 0x0, 0x0, 0x0, 0x1e, 0xf3,
    0x0, 0x0, 0x0, 0x9, 0xf8, 0x0, 0x0, 0x0,
    0x4, 0xfd, 0x0, 0x0, 0x0, 0x0, 0xdf, 0x40,
    0x0, 0x0, 0x0, 0x8f, 0xa0, 0x0, 0x0, 0x0,
    0x2f, 0xe1, 0x0, 0x0, 0x0, 0xc, 0xf6, 0x0,
    0x0, 0x0, 0x6, 0xfb, 0x0, 0x0, 0x0, 0x1,
    0xff, 0xdc, 0xcc, 0xcc, 0xc8, 0x2e, 0xff, 0xff,
    0xff, 0xff, 0xb0,

    /* U+005B "[" */
    0x8, 0xff, 0xe1, 0xf, 0xc9, 0x80, 0x1f, 0x80,
    0x0, 0x1f, 0x80, 0x0, 0x1f, 0x80, 0x0, 0x1f,
    0x80, 0x0, 0x1f, 0x80, 0x0, 0x1f, 0x80, 0x0,
    0x1f, 0x80, 0x0, 0x1f, 0x80, 0x0, 0x1f, 0x80,
    0x0, 0x1f, 0x80, 0x0, 0x1f, 0x80, 0x0, 0x1f,
    0x80, 0x0, 0xf, 0xc9, 0x80, 0x8, 0xff, 0xe1,

    /* U+005C "\\" */
    0x42, 0x0, 0x0, 0xd, 0xc0, 0x0, 0x0, 0x9f,
    0x20, 0x0, 0x3, 0xf7, 0x0, 0x0, 0xe, 0xc0,
    0x0, 0x0, 0x9f, 0x20, 0x0, 0x3, 0xf7, 0x0,
    0x0, 0xe, 0xd0, 0x0, 0x0, 0x9f, 0x20, 0x0,
    0x3, 0xf7, 0x0, 0x0, 0xe, 0xd0, 0x0, 0x0,
    0x8f, 0x20, 0x0, 0x3, 0xf8, 0x0, 0x0, 0xe,
    0xd0, 0x0, 0x0, 0x7d, 0x0,

    /* U+005D "]" */
    0xe, 0xff, 0xa0, 0x7, 0x9c, 0xf2, 0x0, 0x6,
    0xf3, 0x0, 0x6, 0xf3, 0x0, 0x6, 0xf3, 0x0,
    0x6, 0xf3, 0x0, 0x6, 0xf3, 0x0, 0x6, 0xf3,
    0x0, 0x6, 0xf3, 0x0, 0x6, 0xf3, 0x0, 0x6,
    0xf3, 0x0, 0x6, 0xf3, 0x0, 0x6, 0xf3, 0x0,
    0x6, 0xf3, 0x7, 0x9c, 0xf2, 0xe, 0xff, 0xa0,

    /* U+005E "^" */
    0x0, 0x0, 0x61, 0x0, 0x0, 0x0, 0x8f, 0xb0,
    0x0, 0x0, 0x2f, 0xff, 0x40, 0x0, 0xb, 0xf3,
    0xee, 0x0, 0x5, 0xf8, 0x5, 0xf8, 0x0, 0xee,
    0x0, 0xb, 0xf2, 0x2e, 0x40, 0x0, 0x2e, 0x40,

    /* U+005F "_" */
    0x8, 0x99, 0x99, 0x99, 0x98, 0x1, 0xef, 0xff,
    0xff, 0xff, 0xe1,

    /* U+0061 "a" */
    0x0, 0x18, 0xdf, 0xea, 0x27, 0xd0, 0x2, 0xef,
    0xfd, 0xef, 0xfe, 0xf2, 0xd, 0xf8, 0x0, 0x3,
    0xdf, 0xf2, 0x5f, 0x90, 0x0, 0x0, 0x2f, 0xf2,
    0x8f, 0x40, 0x0, 0x0, 0xb, 0xf2, 0x8f, 0x40,
    0x0, 0x0, 0xc, 0xf2, 0x5f, 0x90, 0x0, 0x0,
    0x2f, 0xf2, 0xd, 0xf8, 0x0, 0x3, 0xdf, 0xf2,
    0x2, 0xef, 0xfd, 0xef, 0xfe, 0xf2, 0x0, 0x18,
    0xdf, 0xea, 0x27, 0xd0,

    /* U+0062 "b" */
    0x2e, 0x50, 0x0, 0x0, 0x0, 0x0, 0x4f, 0x80,
    0x0, 0x0, 0x0, 0x0, 0x4f, 0x80, 0x0, 0x0,
    0x0, 0x0, 0x4f, 0x80, 0x0, 0x0, 0x0, 0x0,
    0x4f, 0x80, 0x0, 0x0, 0x0, 0x0, 0x4f, 0x85,
    0xcf, 0xfc, 0x60, 0x0, 0x4f, 0xef, 0xfe, 0xdf,
    0xfc, 0x0, 0x4f, 0xfb, 0x20, 0x1, 0xaf, 0xa0,
    0x4f, 0xe0, 0x0, 0x0, 0xc, 0xf2, 0x4f, 0x90,
    0x0, 0x0, 0x6, 0xf6, 0x4f, 0x90, 0x0, 0x0,
    0x7, 0xf6, 0x4f, 0xe0, 0x0, 0x0, 0xc, 0xf2,
    0x4f, 0xfb, 0x20, 0x1, 0xaf, 0xa0, 0x4f, 0xef,
    0xfd, 0xdf, 0xfc, 0x10, 0x2e, 0x55, 0xcf, 0xfc,
    0x60, 0x0,

    /* U+0063 "c" */
    0x0, 0x7, 0xdf, 0xeb, 0x40, 0x0, 0x2d, 0xff,
    0xdd, 0xff, 0x80, 0xd, 0xf8, 0x0, 0x3, 0xdd,
    0x4, 0xfa, 0x0, 0x0, 0x0, 0x0, 0x8f, 0x50,
    0x0, 0x0, 0x0, 0x8, 0xf5, 0x0, 0x0, 0x0,
    0x0, 0x4f, 0xa0, 0x0, 0x0, 0x0, 0x0, 0xdf,
    0x80, 0x0, 0x3d, 0xe0, 0x2, 0xdf, 0xfd, 0xdf,
    0xf8, 0x0, 0x0, 0x7d, 0xfe, 0xb4, 0x0,

    /* U+0064 "d" */
    0x0, 0x0, 0x0, 0x0, 0x8, 0xd0, 0x0, 0x0,
    0x0, 0x0, 0xb, 0xf1, 0x0, 0x0, 0x0, 0x0,
    0xb, 0xf1, 0x0, 0x0, 0x0, 0x0, 0xb, 0xf1,
    0x0, 0x0, 0x0, 0x0, 0xb, 0xf1, 0x0, 0x18,
    0xdf, 0xea, 0x3b, 0xf1, 0x2, 0xef, 0xfd, 0xef,
    0xff, 0xf1, 0xd, 0xf7, 0x0, 0x3, 0xdf, 0xf1,
    0x5f, 0x90, 0x0, 0x0, 0x2f, 0xf1, 0x9f, 0x30,
    0x0, 0x0, 0xc, 0xf1, 0x9f, 0x30, 0x0, 0x0,
    0xc, 0xf1, 0x5f, 0x90, 0x0, 0x0, 0x2f, 0xf1,
    0xd, 0xf7, 0x0, 0x3, 0xdf, 0xf1, 0x2, 0xef,
    0xfd, 0xef, 0xff, 0xf1, 0x0, 0x18, 0xdf, 0xea,
    0x38, 0xd0,

    /* U+0065 "e" */
    0x0, 0x18, 0xdf, 0xe9, 0x10, 0x0, 0x2e, 0xfe,
    0xde, 0xfe, 0x30, 0xc, 0xf7, 0x0, 0x6, 0xfe,
    0x3, 0xf9, 0x0, 0x0, 0x8, 0xf5, 0x7f, 0xff,
    0xff, 0xff, 0xff, 0x87, 0xfc, 0x99, 0x99, 0x99,
    0x93, 0x4f, 0xa0, 0x0, 0x0, 0x0, 0x0, 0xdf,
    0x70, 0x0, 0x3d, 0xf0, 0x3, 0xef, 0xfd, 0xdf,
    0xf9, 0x0, 0x1, 0x8d, 0xfe, 0xb4, 0x0,

    /* U+0066 "f" */
    0x0, 0x19, 0xee, 0x0, 0xa, 0xfd, 0xa0, 0x0,
    0xfc, 0x0, 0x0, 0x2f, 0xa0, 0x0, 0x2, 0xfa,
    0x0, 0xa, 0xff, 0xff, 0xe1, 0x7c, 0xfe, 0xcb,
    0x10, 0x2f, 0xa0, 0x0, 0x1, 0xfa, 0x0, 0x0,
    0x1f, 0xa0, 0x0, 0x1, 0xfa, 0x0, 0x0, 0x1f,
    0xa0, 0x0, 0x1, 0xfa, 0x0, 0x0, 0x1f, 0xa0,
    0x0, 0x0, 0xd8, 0x0, 0x0,

    /* U+0067 "g" */
    0x0, 0x19, 0xef, 0xe8, 0x1e, 0x70, 0x3e, 0xff,
    0xcf, 0xff, 0xfa, 0x1e, 0xf6, 0x0, 0x6, 0xff,
    0xa7, 0xf7, 0x0, 0x0, 0x8, 0xfa, 0xaf, 0x30,
    0x0, 0x0, 0x3f, 0xaa, 0xf2, 0x0, 0x0, 0x3,
    0xfa, 0x7f, 0x70, 0x0, 0x0, 0x8f, 0xa1, 0xef,
    0x60, 0x0, 0x6f, 0xfa, 0x4, 0xff, 0xec, 0xef,
    0xff, 0xa0, 0x2, 0x9e, 0xfe, 0x84, 0xf9, 0x3d,
    0x30, 0x0, 0x0, 0x9f, 0x53, 0xfe, 0x40, 0x0,
    0x7f, 0xd0, 0x6, 0xff, 0xdc, 0xff, 0xe2, 0x0,
    0x3, 0xae, 0xfd, 0x81, 0x0,

    /* U+0068 "h" */
    0x2e, 0x50, 0x0, 0x0, 0x0, 0x4f, 0x80, 0x0,
    0x0, 0x0, 0x4f, 0x80, 0x0, 0x0, 0x0, 0x4f,
    0x80, 0x0, 0x0, 0x0, 0x4f, 0x80, 0x0, 0x0,
    0x0, 0x4f, 0x99, 0xef, 0xc5, 0x0, 0x4f, 0xff,
    0xed, 0xff, 0xa0, 0x4f, 0xf5, 0x0, 0x1b, 0xf5,
    0x4f, 0xa0, 0x0, 0x3, 0xfa, 0x4f, 0x80, 0x0,
    0x1, 0xfb, 0x4f, 0x80, 0x0, 0x1, 0xfb, 0x4f,
    0x80, 0x0, 0x1, 0xfb, 0x4f, 0x80, 0x0, 0x1,
    0xfb, 0x4f, 0x80, 0x0, 0x1, 0xfb, 0x2e, 0x50,
    0x0, 0x0, 0xd8,

    /* U+0069 "i" */
    0x1e, 0x72, 0xe7, 0x0, 0x0, 0x0, 0x1e, 0x63,
    0xf9, 0x3f, 0x93, 0xf9, 0x3f, 0x93, 0xf9, 0x3f,
    0x93, 0xf9, 0x3f, 0x91, 0xe6,

    /* U+006A "j" */
    0x0, 0x0, 0xbc, 0x0, 0x0, 0xbc, 0x0, 0x0,
    0x0, 0x0, 0x0, 0x0, 0x0, 0x0, 0xab, 0x0,
    0x0, 0xee, 0x0, 0x0, 0xee, 0x0, 0x0, 0xee,
    0x0, 0x0, 0xde, 0x0, 0x0, 0xde, 0x0, 0x0,
    0xdf, 0x0, 0x0, 0xdf, 0x0, 0x0, 0xdf, 0x0,
    0x0, 0xdf, 0x0, 0x0, 0xee, 0x0, 0x6, 0xfa,
    0x9, 0xef, 0xe1, 0xd, 0xe9, 0x10,

    /* U+006B "k" */
    0x2e, 0x50, 0x0, 0x0, 0x0, 0x4f, 0x80, 0x0,
    0x0, 0x0, 0x4f, 0x80, 0x0, 0x0, 0x0, 0x4f,
    0x80, 0x0, 0x0, 0x0, 0x4f, 0x80, 0x0, 0x0,
    0x0, 0x4f, 0x80, 0x0, 0x2b, 0xd0, 0x4f, 0x80,
    0x6, 0xff, 0x90, 0x4f, 0x82, 0xcf, 0xe5, 0x0,
    0x4f, 0xcf, 0xfb, 0x10, 0x0, 0x4f, 0xfe, 0xfd,
    0x0, 0x0, 0x4f, 0xb1, 0x8f, 0xa0, 0x0, 0x4f,
    0x80, 0xb, 0xf7, 0x0, 0x4f, 0x80, 0x1, 0xdf,
    0x40, 0x4f, 0x80, 0x0, 0x3f, 0xe1, 0x2e, 0x50,
    0x0, 0x5, 0xe3,

    /* U+006C "l" */
    0x2e, 0x60, 0x4, 0xf9, 0x0, 0x4f, 0x80, 0x4,
    0xf8, 0x0, 0x4f, 0x80, 0x4, 0xf8, 0x0, 0x4f,
    0x80, 0x4, 0xf8, 0x0, 0x4f, 0x80, 0x4, 0xf8,
    0x0, 0x4f, 0x80, 0x4, 0xf8, 0x0, 0x2f, 0xa0,
    0x0, 0xdf, 0xd9, 0x2, 0xae, 0xc0,

    /* U+006D "m" */
    0x2e, 0x8c, 0xfe, 0x90, 0x3b, 0xfe, 0xa1, 0x4,
    0xff, 0xfc, 0xef, 0xdf, 0xfd, 0xdf, 0xe1, 0x4f,
    0xe2, 0x0, 0x9f, 0xf4, 0x0, 0x6f, 0xa4, 0xf9,
    0x0, 0x2, 0xfc, 0x0, 0x0, 0xfe, 0x4f, 0x80,
    0x0, 0x1f, 0xb0, 0x0, 0xe, 0xe4, 0xf8, 0x0,
    0x1, 0xfb, 0x0, 0x0, 0xee, 0x4f, 0x80, 0x0,
    0x1f, 0xb0, 0x0, 0xe, 0xe4, 0xf8, 0x0, 0x1,
    0xfb, 0x0, 0x0, 0xee, 0x4f, 0x80, 0x0, 0x1f,
    0xb0, 0x0, 0xe, 0xe2, 0xe5, 0x0, 0x0, 0xd8,
    0x0, 0x0, 0xab,

    /* U+006E "n" */
    0x2e, 0x8b, 0xff, 0xb3, 0x0, 0x4f, 0xff, 0xdd,
    0xff, 0x50, 0x4f, 0xe2, 0x0, 0x3f, 0xe0, 0x4f,
    0x90, 0x0, 0xa, 0xf2, 0x4f, 0x80, 0x0, 0x9,
    0xf3, 0x4f, 0x80, 0x0, 0x9, 0xf3, 0x4f, 0x80,
    0x0, 0x9, 0xf3, 0x4f, 0x80, 0x0, 0x9, 0xf3,
    0x4f, 0x80, 0x0, 0x9, 0xf3, 0x2e, 0x50, 0x0,
    0x6, 0xe1,

    /* U+006F "o" */
    0x0, 0x7, 0xdf, 0xfb, 0x50, 0x0, 0x1, 0xdf,
    0xfd, 0xef, 0xfa, 0x0, 0xc, 0xf9, 0x0, 0x2,
    0xcf, 0x70, 0x3f, 0xb0, 0x0, 0x0, 0x1e, 0xe0,
    0x7f, 0x50, 0x0, 0x0, 0xa, 0xf2, 0x7f, 0x50,
    0x0, 0x0, 0xa, 0xf2, 0x3f, 0xb0, 0x0, 0x0,
    0x1e, 0xe0, 0xc, 0xf9, 0x0, 0x2, 0xcf, 0x70,
    0x1, 0xdf, 0xfd, 0xef, 0xfa, 0x0, 0x0, 0x7,
    0xdf, 0xfb, 0x50, 0x0,

    /* U+0070 "p" */
    0x2e, 0x55, 0xbf, 0xfc, 0x60, 0x0, 0x4f, 0xef,
    0xfe, 0xdf, 0xfc, 0x10, 0x4f, 0xfb, 0x20, 0x1,
    0xaf, 0xb0, 0x4f, 0xe0, 0x0, 0x0, 0xc, 0xf2,
    0x4f, 0x90, 0x0, 0x0, 0x6, 0xf6, 0x4f, 0x90,
    0x0, 0x0, 0x7, 0xf6, 0x4f, 0xe0, 0x0, 0x0,
    0xc, 0xf2, 0x4f, 0xfb, 0x20, 0x1, 0xaf, 0xb0,
    0x4f, 0xef, 0xfd, 0xdf, 0xfc, 0x10, 0x4f, 0x85,
    0xcf, 0xfc, 0x60, 0x0, 0x4f, 0x80, 0x0, 0x0,
    0x0, 0x0, 0x4f, 0x80, 0x0, 0x0, 0x0, 0x0,
    0x4f, 0x80, 0x0, 0x0, 0x0, 0x0, 0x2e, 0x50,
    0x0, 0x0, 0x0, 0x0,

    /* U+0071 "q" */
    0x0, 0x7, 0xdf, 0xeb, 0x47, 0xe1, 0x1, 0xdf,
    0xfd, 0xef, 0xfe, 0xf2, 0xc, 0xf9, 0x0, 0x2,
    0xcf, 0xf2, 0x4f, 0xb0, 0x0, 0x0, 0x1f, 0xf2,
    0x7f, 0x50, 0x0, 0x0, 0xa, 0xf2, 0x7f, 0x50,
    0x0, 0x0, 0xb, 0xf2, 0x4f, 0xb0, 0x0, 0x0,
    0x1f, 0xf2, 0xc, 0xf8, 0x0, 0x2, 0xcf, 0xf2,
    0x1, 0xdf, 0xfd, 0xef, 0xfe, 0xf2, 0x0, 0x7,
    0xdf, 0xfb, 0x4a, 0xf2, 0x0, 0x0, 0x0, 0x0,
    0xa, 0xf2, 0x0, 0x0, 0x0, 0x0, 0xa, 0xf2,
    0x0, 0x0, 0x0, 0x0, 0xa, 0xf2, 0x0, 0x0,
    0x0, 0x0, 0x7, 0xe1,

    /* U+0072 "r" */
    0x0, 0x0, 0x0, 0x0, 0x2e, 0x50, 0x8f, 0xe0,
    0x4f, 0xad, 0xfe, 0x70, 0x4f, 0xff, 0x80, 0x0,
    0x4f, 0xf6, 0x0, 0x0, 0x4f, 0xc0, 0x0, 0x0,
    0x4f, 0x80, 0x0, 0x0, 0x4f, 0x80, 0x0, 0x0,
    0x4f, 0x80, 0x0, 0x0, 0x4f, 0x80, 0x0, 0x0,
    0x2e, 0x50, 0x0, 0x0,

    /* U+0073 "s" */
    0x3, 0xcf, 0xff, 0xff, 0x50, 0x2f, 0xfc, 0xcc,
    0xcc, 0x30, 0x7f, 0x60, 0x0, 0x0, 0x0, 0x6f,
    0x80, 0x0, 0x0, 0x0, 0x1e, 0xff, 0xff, 0xe8,
    0x0, 0x1, 0x8c, 0xcc, 0xef, 0xa0, 0x0, 0x0,
    0x0, 0xc, 0xf1, 0x0, 0x0, 0x0, 0xc, 0xf0,
    0x2b, 0xcc, 0xcc, 0xef, 0xa0, 0x3f, 0xff, 0xff,
    0xe8, 0x0,

    /* U+0074 "t" */
    0x0, 0xc9, 0x0, 0x0, 0xf, 0xc0, 0x0, 0x0,
    0xfc, 0x0, 0x0, 0xf, 0xc0, 0x0, 0x9f, 0xff,
    0xff, 0x36, 0xcf, 0xfc, 0xb2, 0x0, 0xfc, 0x0,
    0x0, 0xf, 0xc0, 0x0, 0x0, 0xfc, 0x0, 0x0,
    0xf, 0xc0, 0x0, 0x0, 0xfc, 0x0, 0x0, 0xe,
    0xe0, 0x0, 0x0, 0x9f, 0xeb, 0x0, 0x0, 0x9e,
    0xe1,

    /* U+0075 "u" */
    0x2e, 0x50, 0x0, 0x6, 0xe1, 0x4f, 0x80, 0x0,
    0x9, 0xf3, 0x4f, 0x80, 0x0, 0x9, 0xf3, 0x4f,
    0x80, 0x0, 0x9, 0xf3, 0x4f, 0x80, 0x0, 0x9,
    0xf3, 0x4f, 0x80, 0x0, 0x9, 0xf3, 0x3f, 0x90,
    0x0, 0xa, 0xf3, 0xf, 0xe2, 0x0, 0x3f, 0xf3,
    0x5, 0xff, 0xdd, 0xff, 0xf3, 0x0, 0x3c, 0xfe,
    0xb8, 0xe1,

    /* U+0076 "v" */
    0x6e, 0x10, 0x0, 0x0, 0xd9, 0x6f, 0x80, 0x0,
    0x6, 0xf8, 0xe, 0xf0, 0x0, 0xd, 0xf1, 0x8,
    0xf7, 0x0, 0x5f, 0xa0, 0x1, 0xfe, 0x0, 0xcf,
    0x20, 0x0, 0x9f, 0x53, 0xfb, 0x0, 0x0, 0x2f,
    0xdb, 0xf4, 0x0, 0x0, 0xa, 0xff, 0xc0, 0x0,
    0x0, 0x3, 0xff, 0x50, 0x0, 0x0, 0x0, 0xbc,
    0x0, 0x0,

    /* U+0077 "w" */
    0x6e, 0x10, 0x0, 0x4e, 0x40, 0x0, 0x1e, 0x77,
    0xf7, 0x0, 0xb, 0xfb, 0x0, 0x7, 0xf6, 0x1f,
    0xd0, 0x1, 0xff, 0xf1, 0x0, 0xdf, 0x10, 0xbf,
    0x30, 0x7f, 0xdf, 0x70, 0x3f, 0xa0, 0x5, 0xf9,
    0xd, 0xf2, 0xfd, 0x9, 0xf4, 0x0, 0xe, 0xe3,
    0xfa, 0xb, 0xf3, 0xee, 0x0, 0x0, 0x9f, 0xdf,
    0x40, 0x5f, 0xdf, 0x80, 0x0, 0x3, 0xff, 0xe0,
    0x0, 0xff, 0xf2, 0x0, 0x0, 0xd, 0xf8, 0x0,
    0x9, 0xfc, 0x0, 0x0, 0x0, 0x6e, 0x20, 0x0,
    0x3e, 0x50, 0x0,

    /* U+0078 "x" */
    0x6e, 0x30, 0x0, 0x1, 0xd9, 0x4f, 0xe2, 0x0,
    0x1d, 0xf7, 0x6, 0xfe, 0x10, 0xcf, 0x90, 0x0,
    0x7f, 0xdb, 0xfa, 0x0, 0x0, 0x8, 0xff, 0xb0,
    0x0, 0x0, 0x9, 0xff, 0xb0, 0x0, 0x0, 0x7f,
    0xdb, 0xfa, 0x0, 0x6, 0xfe, 0x10, 0xcf, 0x90,
    0x4f, 0xe2, 0x0, 0x1d, 0xf7, 0x6e, 0x30, 0x0,
    0x1, 0xd9,

    /* U+0079 "y" */
    0x7d, 0x10, 0x0, 0x1, 0xe7, 0x7f, 0x70, 0x0,
    0x9, 0xf7, 0x1f, 0xe0, 0x0, 0x1f, 0xe0, 0x9,
    0xf5, 0x0, 0x8f, 0x80, 0x2, 0xfd, 0x0, 0xef,
    0x10, 0x0, 0xbf, 0x47, 0xf9, 0x0, 0x0, 0x4f,
    0xbe, 0xf1, 0x0, 0x0, 0xc, 0xff, 0x90, 0x0,
    0x0, 0x5, 0xff, 0x20, 0x0, 0x0, 0x5, 0xfa,
    0x0, 0x0, 0x0, 0xc, 0xf3, 0x0, 0x0, 0x0,
    0x4f, 0xb0, 0x0, 0x0, 0x0, 0xbf, 0x40, 0x0,
    0x0, 0x0, 0xbb, 0x0, 0x0, 0x0,

    /* U+007A "z" */
    0x5f, 0xff, 0xff, 0xff, 0x53, 0xcc, 0xcc, 0xdf,
    0xf3, 0x0, 0x0, 0xb, 0xf7, 0x0, 0x0, 0x7,
    0xfb, 0x0, 0x0, 0x4, 0xfe, 0x10, 0x0, 0x1,
    0xef, 0x30, 0x0, 0x0, 0xcf, 0x70, 0x0, 0x0,
    0x8f, 0xa0, 0x0, 0x0, 0x4f, 0xfd, 0xcc, 0xcc,
    0x55, 0xff, 0xff, 0xff, 0xf8,

    /* U+007B "{" */
    0x0, 0x9, 0xef, 0x30, 0x3, 0xf7, 0x10, 0x0,
    0x6f, 0x20, 0x0, 0x6, 0xf1, 0x0, 0x0, 0x6f,
    0x10, 0x0, 0x7, 0xf1, 0x0, 0x0, 0x9e, 0x0,
    0x0, 0x8f, 0x70, 0x0, 0x1a, 0xf5, 0x0, 0x0,
    0xa, 0xe0, 0x0, 0x0, 0x7f, 0x10, 0x0, 0x6,
    0xf1, 0x0, 0x0, 0x6f, 0x10, 0x0, 0x6, 0xf2,
    0x0, 0x0, 0x4f, 0x50, 0x0, 0x0, 0xcf, 0xf3,
    0x0, 0x0, 0x12, 0x0,

    /* U+007D "}" */
    0x2f, 0xea, 0x0, 0x0, 0x17, 0xf4, 0x0, 0x0,
    0x1f, 0x60, 0x0, 0x1, 0xf7, 0x0, 0x0, 0x1f,
    0x70, 0x0, 0x0, 0xf7, 0x0, 0x0, 0xe, 0xa0,
    0x0, 0x0, 0x7f, 0x91, 0x0, 0x5, 0xfb, 0x10,
    0x0, 0xdb, 0x0, 0x0, 0xf, 0x70, 0x0, 0x0,
    0xf7, 0x0, 0x0, 0x1f, 0x70, 0x0, 0x1, 0xf7,
    0x0, 0x0, 0x4f, 0x50, 0x2, 0xef, 0xc0, 0x0,
    0x1, 0x10, 0x0, 0x0,

    /* U+007E "~" */
    0x0, 0x0, 0x0, 0x0, 0x0, 0x9, 0xff, 0xd7,
    0x35, 0xd2, 0x2f, 0x76, 0xbf, 0xff, 0xb0, 0x0,
    0x0, 0x0, 0x33, 0x0,

    /* U+4F4E "低" */
    0x0, 0x3, 0xe2, 0x0, 0x0, 0x13, 0x58, 0x20,
    0x0, 0x7, 0xf2, 0x69, 0xce, 0xff, 0xff, 0x60,
    0x0, 0xa, 0xf1, 0xff, 0xdb, 0xde, 0x30, 0x0,
    0x0, 0xe, 0xb1, 0xf7, 0x0, 0x9f, 0x0, 0x0,
    0x0, 0x3f, 0x61, 0xf7, 0x0, 0x8f, 0x0, 0x0,
    0x0, 0xaf, 0x21, 0xf7, 0x0, 0x7f, 0x10, 0x0,
    0x2, 0xff, 0x11, 0xf8, 0x0, 0x6f, 0x30, 0x0,
    0xc, 0xff, 0x11, 0xff, 0xff, 0xff, 0xff, 0xe0,
    0x5f, 0xef, 0x11, 0xfc, 0x89, 0xaf, 0xb9, 0x70,
    0x16, 0x8f, 0x11, 0xf7, 0x0, 0x1f, 0x60, 0x0,
    0x0, 0x8f, 0x11, 0xf7, 0x0, 0xf, 0x80, 0x0,
    0x0, 0x8f, 0x11, 0xf7, 0x0, 0xd, 0xa0, 0x0,
    0x0, 0x8f, 0x11, 0xf7, 0x0, 0xb, 0xd0, 0x0,
    0x0, 0x8f, 0x11, 0xf9, 0x84, 0xd9, 0xf0, 0xc5,
    0x0, 0x8f, 0x11, 0xff, 0xf6, 0xf9, 0xf4, 0xf8,
    0x0, 0x8f, 0x11, 0xff, 0x51, 0xf8, 0xfc, 0xf6,
    0x0, 0x6f, 0x0, 0xd7, 0x0, 0xd7, 0x4e, 0xd1,
    0x0, 0x0, 0x0, 0x0, 0x0, 0x0, 0x0, 0x0,

    /* U+5149 "光" */
    0x0, 0x0, 0x0, 0x8, 0xb0, 0x0, 0x0, 0x0,
    0x0, 0xd6, 0x0, 0xb, 0xe0, 0x0, 0x3e, 0x20,
    0x0, 0xde, 0x0, 0xb, 0xe0, 0x0, 0xbf, 0x10,
    0x0, 0x6f, 0x70, 0xb, 0xe0, 0x4, 0xf9, 0x0,
    0x0, 0xd, 0xe0, 0xb, 0xe0, 0xc, 0xf1, 0x0,
    0x0, 0x5, 0xf6, 0xb, 0xe0, 0x3f, 0x80, 0x0,
    0x0, 0x0, 0x72, 0xb, 0xe0, 0x8, 0x0, 0x0,
    0x8, 0xaa, 0xaa, 0xae, 0xfa, 0xaa, 0xaa, 0x91,
    0xc, 0xff, 0xff, 0xff, 0xff, 0xff, 0xff, 0xe2,
    0x0, 0x0, 0xf, 0x90, 0x3f, 0x60, 0x0, 0x0,
    0x0, 0x0, 0x1f, 0x80, 0x3f, 0x60, 0x0, 0x0,
    0x0, 0x0, 0x5f, 0x50, 0x3f, 0x60, 0x0, 0x10,
    0x0, 0x0, 0xbf, 0x10, 0x3f, 0x60, 0x2, 0xf5,
    0x0, 0x4, 0xf9, 0x0, 0x3f, 0x60, 0x3, 0xf6,
    0x0, 0x5f, 0xe1, 0x0, 0x2f, 0x70, 0x4, 0xf5,
    0xa, 0xfe, 0x20, 0x0, 0xd, 0xea, 0xad, 0xf1,
    0x1e, 0x91, 0x0, 0x0, 0x2, 0xcf, 0xfd, 0x40,

    /* U+5236 "制" */
    0x0, 0x1, 0xe3, 0x0, 0x0, 0x0, 0x0, 0x6,
    0xd4, 0xf6, 0x0, 0x0, 0x0, 0x8b, 0xa, 0xf4,
    0xf6, 0x0, 0x5, 0x90, 0xbe, 0xe, 0xff, 0xff,
    0xfe, 0xa, 0xf0, 0xbe, 0x6f, 0xaa, 0xfb, 0x86,
    0xa, 0xf0, 0xbe, 0x4b, 0x4, 0xf6, 0x0, 0xa,
    0xf0, 0xbe, 0x49, 0x9b, 0xfb, 0x99, 0x1a, 0xf0,
    0xbe, 0x8f, 0xff, 0xff, 0xfe, 0x4a, 0xf0, 0xbe,
    0x0, 0x4, 0xf6, 0x0, 0xa, 0xf0, 0xbe, 0xd,
    0xff, 0xff, 0xfe, 0x2a, 0xf0, 0xbe, 0x1f, 0xcb,
    0xfb, 0xbf, 0x4a, 0xf0, 0xbe, 0x1f, 0x84, 0xf6,
    0x4f, 0x4a, 0xf0, 0xbe, 0x1f, 0x84, 0xf6, 0x4f,
    0x4a, 0xf0, 0xbe, 0x1f, 0x84, 0xf6, 0x4f, 0x44,
    0x80, 0xbe, 0x1f, 0x84, 0xf9, 0xef, 0x20, 0x0,
    0xdc, 0x8, 0x34, 0xf7, 0x95, 0x0, 0x8c, 0xf7,
    0x0, 0x1, 0xe3, 0x0, 0x1, 0xed, 0x70,

    /* U+5386 "历" */
    0x0, 0x0, 0x0, 0x0, 0x0, 0x0, 0x0, 0x0,
    0x0, 0x7f, 0xff, 0xff, 0xff, 0xff, 0xff, 0xf3,
    0x0, 0xaf, 0x88, 0x88, 0x88, 0x88, 0x88, 0x80,
    0x0, 0xaf, 0x0, 0x0, 0x6b, 0x0, 0x0, 0x0,
    0x0, 0xaf, 0x0, 0x0, 0xaf, 0x0, 0x0, 0x0,
    0x0, 0xaf, 0x0, 0x0, 0xbe, 0x0, 0x0, 0x0,
    0x0, 0xbe, 0x19, 0xaa, 0xef, 0xaa, 0xaa, 0x30,
    0x0, 0xbe, 0x3e, 0xff, 0xff, 0xff, 0xff, 0xa0,
    0x0, 0xcd, 0x0, 0x0, 0xeb, 0x0, 0xf, 0xa0,
    0x0, 0xdc, 0x0, 0x1, 0xf8, 0x0, 0xf, 0xa0,
    0x0, 0xea, 0x0, 0x4, 0xf5, 0x0, 0xf, 0xa0,
    0x0, 0xf9, 0x0, 0xa, 0xf1, 0x0, 0xf, 0xa0,
    0x2, 0xf6, 0x0, 0x1f, 0xb0, 0x0, 0xf, 0xa0,
    0x5, 0xf3, 0x0, 0xaf, 0x40, 0x0, 0xf, 0xa0,
    0xa, 0xf0, 0x6, 0xfb, 0x0, 0x0, 0x1f, 0x80,
    0xe, 0xa0, 0x8f, 0xd1, 0x0, 0x9, 0xef, 0x30,
    0x1e, 0x40, 0xcb, 0x10, 0x0, 0x1e, 0xd4, 0x0,

    /* U+53F2 "史" */
    0x0, 0x0, 0x0, 0x7, 0xc0, 0x0, 0x0, 0x0,
    0x0, 0x0, 0x0, 0xa, 0xf0, 0x0, 0x0, 0x0,
    0x0, 0x89, 0x99, 0x9d, 0xf9, 0x99, 0x99, 0x20,
    0x4, 0xff, 0xff, 0xff, 0xff, 0xff, 0xff, 0x80,
    0x4, 0xf6, 0x0, 0xa, 0xf0, 0x0, 0x1f, 0x90,
    0x4, 0xf5, 0x0, 0xa, 0xe0, 0x0, 0xf, 0x90,
    0x4, 0xf5, 0x0, 0xb, 0xe0, 0x0, 0xf, 0x90,
    0x2, 0xf8, 0x0, 0xb, 0xe0, 0x0, 0x3f, 0x70,
    0x0, 0xbf, 0xff, 0xff, 0xff, 0xff, 0xfe, 0x10,
    0x0, 0x6, 0x9a, 0xaf, 0xea, 0xa9, 0x81, 0x0,
    0x0, 0x6d, 0x20, 0x1f, 0x80, 0x0, 0x0, 0x0,
    0x0, 0x3f, 0xf4, 0x6f, 0x40, 0x0, 0x0, 0x0,
    0x0, 0x3, 0xef, 0xee, 0x0, 0x0, 0x0, 0x0,
    0x0, 0x0, 0x3f, 0xfd, 0x40, 0x0, 0x0, 0x0,
    0x0, 0x7, 0xef, 0xae, 0xfd, 0x72, 0x0, 0x0,
    0x9, 0xff, 0xc3, 0x0, 0x7d, 0xff, 0xeb, 0x81,
    0x1e, 0xb4, 0x0, 0x0, 0x0, 0x38, 0xbe, 0xf4,
    0x0, 0x0, 0x0, 0x0, 0x0, 0x0, 0x0, 0x0,

    /* U+56FE "图" */
    0x8f, 0xff, 0xff, 0xff, 0xff, 0xff, 0xfd, 0xb,
    0xf9, 0x99, 0x99, 0x99, 0x99, 0x9d, 0xf0, 0xbe,
    0x0, 0x2f, 0x40, 0x0, 0x0, 0x9f, 0xb, 0xe0,
    0xd, 0xff, 0xff, 0xff, 0x9, 0xf0, 0xbe, 0xb,
    0xfe, 0x77, 0xcf, 0xa0, 0x9f, 0xb, 0xe7, 0xfb,
    0xfb, 0x8f, 0xb0, 0x9, 0xf0, 0xbe, 0x13, 0x9,
    0xff, 0xd0, 0x0, 0x9f, 0xb, 0xe1, 0x6c, 0xfe,
    0xbf, 0xe8, 0x29, 0xf0, 0xbe, 0xcf, 0xee, 0x40,
    0x3b, 0xff, 0xaf, 0xb, 0xe3, 0x33, 0xff, 0xfb,
    0x61, 0x49, 0xf0, 0xbe, 0x1, 0x52, 0x59, 0xef,
    0x10, 0x9f, 0xb, 0xe0, 0x7f, 0xfd, 0x83, 0x10,
    0x9, 0xf0, 0xbe, 0x0, 0x37, 0xbf, 0xfd, 0x40,
    0x9f, 0xa, 0xf0, 0x0, 0x0, 0x5, 0xb6, 0x9,
    0xf0, 0x6f, 0xba, 0xaa, 0xaa, 0xaa, 0xaa, 0xfb,
    0x0, 0x8e, 0xff, 0xff, 0xff, 0xff, 0xfb, 0x10,

    /* U+5EFA "建" */
    0x0, 0x0, 0x0, 0x0, 0x7, 0xc0, 0x0, 0x0,
    0x5, 0x88, 0x72, 0x28, 0x8d, 0xf8, 0x87, 0x0,
    0xd, 0xff, 0xf8, 0x6f, 0xff, 0xff, 0xff, 0x50,
    0x0, 0xa, 0xf2, 0x0, 0xa, 0xf0, 0x3f, 0x60,
    0x0, 0x2f, 0x93, 0xee, 0xef, 0xfe, 0xef, 0xf5,
    0x0, 0xaf, 0x11, 0x99, 0x9d, 0xf9, 0xbf, 0xb2,
    0x3, 0xfd, 0x83, 0x15, 0x5c, 0xf5, 0x9f, 0x30,
    0x5, 0xff, 0xfb, 0x7f, 0xff, 0xff, 0xf9, 0x0,
    0x0, 0x0, 0xf9, 0x3, 0x3b, 0xf3, 0x10, 0x0,
    0x2, 0x12, 0xf6, 0x79, 0x9d, 0xf9, 0x98, 0x10,
    0xd, 0xa5, 0xf3, 0xdf, 0xff, 0xff, 0xfe, 0x30,
    0xa, 0xea, 0xf0, 0x0, 0xa, 0xf0, 0x0, 0x0,
    0x4, 0xff, 0xaa, 0xff, 0xff, 0xff, 0xff, 0xf1,
    0x0, 0xcf, 0x54, 0x88, 0x8d, 0xf8, 0x88, 0x60,
    0x2, 0xff, 0xd3, 0x0, 0x9, 0xf0, 0x0, 0x0,
    0xd, 0xf7, 0xff, 0xc9, 0x8c, 0xe8, 0x88, 0x81,
    0x1e, 0x50, 0x18, 0xce, 0xff, 0xff, 0xff, 0xf4,

    /* U+5F0F "式" */
    0x0, 0x0, 0x0, 0x0, 0x2e, 0x3a, 0x60, 0x0,
    0x0, 0x0, 0x0, 0x0, 0x4f, 0x6d, 0xf9, 0x0,
    0x0, 0x0, 0x0, 0x0, 0x3f, 0x61, 0xbc, 0x0,
    0x29, 0x99, 0x99, 0x99, 0xaf, 0xc9, 0x99, 0x70,
    0x7f, 0xff, 0xff, 0xff, 0xff, 0xff, 0xff, 0xe0,
    0x0, 0x0, 0x0, 0x0, 0x1f, 0xa0, 0x0, 0x0,
    0x0, 0x0, 0x0, 0x0, 0xe, 0xb0, 0x0, 0x0,
    0x1f, 0xff, 0xff, 0xff, 0x2d, 0xc0, 0x0, 0x0,
    0x7, 0x9b, 0xfb, 0x98, 0xb, 0xf0, 0x0, 0x0,
    0x0, 0x4, 0xf5, 0x0, 0x9, 0xf1, 0x0, 0x0,
    0x0, 0x4, 0xf5, 0x0, 0x6, 0xf4, 0x0, 0x0,
    0x0, 0x4, 0xf5, 0x0, 0x3, 0xf7, 0x0, 0x0,
    0x0, 0x4, 0xf5, 0x0, 0x0, 0xfa, 0x0, 0x77,
    0x0, 0x4, 0xf6, 0x36, 0x50, 0xbe, 0x0, 0xcc,
    0x26, 0x9c, 0xff, 0xff, 0xc0, 0x6f, 0x50, 0xeb,
    0xef, 0xfd, 0xb8, 0x53, 0x0, 0xe, 0xfc, 0xf6,
    0x23, 0x0, 0x0, 0x0, 0x0, 0x2, 0xcf, 0x90,

    /* U+5F3A "强" */
    0x8f, 0xff, 0x90, 0xdf, 0xff, 0xff, 0xe1, 0x4,
    0x99, 0xec, 0xf, 0xda, 0xaa, 0xcf, 0x30, 0x0,
    0xd, 0xc0, 0xeb, 0x0, 0x8, 0xf2, 0x0, 0x0,
    0xec, 0x8, 0xff, 0xff, 0xfc, 0x0, 0x2c, 0xdf,
    0x90, 0x5, 0xaf, 0xd7, 0x0, 0x7, 0xfe, 0xa1,
    0x0, 0x1, 0xf9, 0x0, 0x0, 0x8f, 0x10, 0x9,
    0xff, 0xff, 0xff, 0xfc, 0x9, 0xf0, 0x0, 0xbf,
    0x99, 0xfc, 0x9d, 0xe0, 0xaf, 0x66, 0x2b, 0xe0,
    0x1f, 0x80, 0xbe, 0xa, 0xff, 0xfc, 0x9f, 0x43,
    0xf9, 0x2d, 0xc0, 0x3, 0x3e, 0xc2, 0xef, 0xff,
    0xff, 0xf5, 0x0, 0x0, 0xeb, 0x1, 0x68, 0xfc,
    0x73, 0x0, 0x0, 0xf, 0xa0, 0x0, 0x1f, 0x83,
    0xf3, 0x0, 0x0, 0xf9, 0x0, 0x1, 0xf8, 0x2f,
    0xb0, 0x5, 0x8f, 0x76, 0xbc, 0xdf, 0xff, 0xff,
    0x17, 0xff, 0xc0, 0xbf, 0xdc, 0xba, 0x88, 0xf6,
    0x3, 0x20, 0x0, 0x0, 0x0, 0x0, 0x2, 0x0,

    /* U+5F55 "录" */
    0x0, 0x0, 0x0, 0x0, 0x0, 0x0, 0x0, 0x0,
    0x3, 0xff, 0xff, 0xff, 0xff, 0xf9, 0x0, 0x0,
    0x7, 0x88, 0x88, 0x88, 0x8e, 0xa0, 0x0, 0x0,
    0x0, 0x0, 0x0, 0x0, 0xe9, 0x0, 0x0, 0x8,
    0xff, 0xff, 0xff, 0xff, 0x80, 0x0, 0x0, 0x27,
    0x77, 0x77, 0x77, 0xf8, 0x0, 0x2, 0x55, 0x55,
    0x55, 0x55, 0x5f, 0xa5, 0x30, 0xbf, 0xff, 0xff,
    0xff, 0xff, 0xff, 0xfd, 0x0, 0x44, 0x11, 0x1b,
    0xf2, 0x11, 0x34, 0x0, 0xa, 0xf7, 0x0, 0xaf,
    0x70, 0x3e, 0xc0, 0x0, 0x1b, 0xf8, 0xa, 0xff,
    0x7f, 0xe3, 0x0, 0x0, 0x7, 0x40, 0xaf, 0xef,
    0xd1, 0x0, 0x0, 0x0, 0x4e, 0x5a, 0xe4, 0xfd,
    0x10, 0x0, 0x0, 0x8f, 0xc1, 0xae, 0x6, 0xfd,
    0x10, 0x4, 0xdf, 0x80, 0xc, 0xd0, 0x6, 0xfe,
    0x30, 0xdd, 0x30, 0x3b, 0xf9, 0x0, 0x4, 0xec,
    0x0, 0x0, 0x7, 0xea, 0x10, 0x0, 0x1, 0x10,

    /* U+65B0 "新" */
    0x0, 0x5, 0xd0, 0x0, 0x0, 0x0, 0x0, 0x0,
    0x0, 0x5, 0xf6, 0x0, 0x1, 0x68, 0xbd, 0xe1,
    0xa, 0xff, 0xff, 0xfd, 0xc, 0xff, 0xdb, 0x70,
    0x5, 0x99, 0x99, 0x98, 0xc, 0xc0, 0x0, 0x0,
    0x0, 0x85, 0x0, 0xa2, 0xc, 0xc0, 0x0, 0x0,
    0x0, 0xce, 0x18, 0xf4, 0xc, 0xc0, 0x0, 0x0,
    0x8, 0xcf, 0xcf, 0xf9, 0x2c, 0xfe, 0xee, 0xe5,
    0xd, 0xff, 0xff, 0xff, 0x5c, 0xea, 0xdf, 0x92,
    0x0, 0x1, 0xf9, 0x0, 0xc, 0xb0, 0x9f, 0x0,
    0xf, 0xff, 0xff, 0xff, 0x5d, 0xb0, 0x9f, 0x0,
    0x6, 0x88, 0xfc, 0x87, 0x1d, 0xb0, 0x9f, 0x0,
    0x0, 0xe7, 0xf9, 0xe5, 0xe, 0xa0, 0x9f, 0x0,
    0x5, 0xf5, 0xf8, 0xec, 0xf, 0x90, 0x9f, 0x0,
    0xb, 0xe1, 0xf8, 0x8f, 0x4f, 0x70, 0x9f, 0x0,
    0x1f, 0x91, 0xf8, 0x1f, 0x8f, 0x50, 0x9f, 0x0,
    0x2f, 0x6b, 0xf5, 0x0, 0x7f, 0x20, 0x9f, 0x0,
    0x0, 0x6f, 0x90, 0x0, 0x6d, 0x0, 0x6d, 0x0,
    0x0, 0x0, 0x0, 0x0, 0x0, 0x0, 0x0, 0x0,

    /* U+6A21 "模" */
    0x0, 0x0, 0x0, 0x0, 0x0, 0x0, 0x0, 0x0,
    0x0, 0xb, 0x60, 0x0, 0xa7, 0x7, 0xa0, 0x0,
    0x0, 0xe, 0x90, 0x89, 0xed, 0x9d, 0xe9, 0x70,
    0x0, 0xe, 0x91, 0xef, 0xff, 0xff, 0xff, 0xd0,
    0x3, 0x8f, 0xc7, 0x0, 0xa7, 0x7, 0xa0, 0x0,
    0xa, 0xff, 0xff, 0x27, 0x99, 0x99, 0x97, 0x0,
    0x0, 0x5f, 0x90, 0x2f, 0xff, 0xff, 0xff, 0x20,
    0x0, 0x9f, 0x90, 0x2f, 0x43, 0x53, 0x4f, 0x20,
    0x0, 0xef, 0xf3, 0x2f, 0x5f, 0xff, 0x5f, 0x20,
    0x3, 0xff, 0xfd, 0x1f, 0x82, 0x32, 0x8f, 0x0,
    0xa, 0xff, 0xce, 0x28, 0xff, 0xff, 0xf8, 0x0,
    0x1f, 0x9e, 0x90, 0x0, 0x38, 0xf8, 0x20, 0x0,
    0x7f, 0x2e, 0x90, 0x48, 0x8a, 0xfa, 0x88, 0x60,
    0x36, 0xe, 0x90, 0xaf, 0xff, 0xff, 0xff, 0xd0,
    0x0, 0xe, 0x90, 0x0, 0x3f, 0xfe, 0x20, 0x0,
    0x0, 0xe, 0x90, 0x4, 0xee, 0x4f, 0xd2, 0x0,
    0x0, 0xe, 0x92, 0xbf, 0xd2, 0x3, 0xef, 0x90,
    0x0, 0xc, 0x65, 0xd7, 0x0, 0x0, 0x19, 0xd2,

    /* U+6C2E "氮" */
    0x0, 0x4e, 0x10, 0x0, 0x0, 0x0, 0x0, 0x0,
    0xc, 0xff, 0xff, 0xff, 0xff, 0xfd, 0x0, 0x4,
    0xfb, 0x88, 0x88, 0x88, 0x88, 0x60, 0x1, 0xee,
    0x9b, 0xbb, 0xbb, 0xbb, 0xa1, 0x0, 0xaf, 0x5a,
    0xee, 0xee, 0xee, 0xed, 0x20, 0x8, 0x75, 0x77,
    0x77, 0x77, 0x77, 0x60, 0x0, 0x0, 0xef, 0xff,
    0xff, 0xff, 0xff, 0x30, 0x0, 0x24, 0x1, 0xb3,
    0x5, 0x25, 0xf3, 0x0, 0x7, 0xf3, 0x7f, 0x35,
    0xf6, 0x5f, 0x30, 0x0, 0xa, 0xaf, 0xfb, 0xb9,
    0x5, 0xf3, 0x0, 0x18, 0xcf, 0xc6, 0xdf, 0xd5,
    0x4f, 0x30, 0x6, 0xfc, 0x61, 0x90, 0x4c, 0xf6,
    0xf4, 0x0, 0x3, 0x80, 0x6f, 0x21, 0xa3, 0x2f,
    0x50, 0x0, 0x3f, 0x8c, 0xf3, 0xae, 0x10, 0xf7,
    0xc6, 0x0, 0x5d, 0xff, 0xff, 0x60, 0xe, 0xcf,
    0x65, 0xdf, 0xf7, 0x6, 0xdf, 0xc0, 0x8f, 0xf2,
    0x6a, 0x72, 0x0, 0x0, 0x5a, 0x10, 0x75, 0x0,

    /* U+7167 "照" */
    0x0, 0x0, 0x0, 0x0, 0x0, 0x0, 0x0, 0x0,
    0x8, 0xff, 0xff, 0x5c, 0xff, 0xff, 0xff, 0xe0,
    0xb, 0xfa, 0xaf, 0x86, 0x9e, 0xe9, 0x9d, 0xf1,
    0xb, 0xe0, 0x1f, 0x80, 0xe, 0xa0, 0x8, 0xf1,
    0xb, 0xe0, 0x1f, 0x80, 0x7f, 0x50, 0xa, 0xf0,
    0xb, 0xf6, 0x7f, 0x8b, 0xfb, 0x3, 0xdf, 0xa0,
    0xb, 0xff, 0xff, 0x8a, 0x80, 0x2, 0xa7, 0x0,
    0xb, 0xf3, 0x4f, 0x88, 0xff, 0xff, 0xff, 0xd0,
    0xb, 0xe0, 0x1f, 0x8b, 0xf9, 0x99, 0x9d, 0xf0,
    0xb, 0xe0, 0x1f, 0x8b, 0xe0, 0x0, 0x9, 0xf0,
    0x8, 0xf8, 0x9f, 0x69, 0xf8, 0x88, 0x8d, 0xe0,
    0x1, 0xcf, 0xfb, 0x2, 0xdf, 0xff, 0xff, 0x60,
    0x0, 0x7, 0x12, 0x50, 0x6, 0x31, 0x25, 0x0,
    0x0, 0x8f, 0x27, 0xf4, 0xe, 0xd0, 0x6f, 0x50,
    0x1, 0xed, 0x0, 0xed, 0x6, 0xf6, 0xe, 0xe0,
    0xb, 0xf4, 0x0, 0x7f, 0x30, 0xec, 0x6, 0xf4,
    0xe, 0x70, 0x0, 0x1e, 0x40, 0x7d, 0x1, 0xe5,

    /* U+7535 "电" */
    0x0, 0x0, 0x7, 0xb0, 0x0, 0x0, 0x0, 0x0,
    0x0, 0x0, 0xaf, 0x0, 0x0, 0x0, 0x0, 0x0,
    0x0, 0xa, 0xf0, 0x0, 0x0, 0x0, 0xc, 0xff,
    0xff, 0xff, 0xff, 0xff, 0xf6, 0x0, 0xed, 0x99,
    0x9d, 0xf9, 0x99, 0x9f, 0x80, 0xe, 0xb0, 0x0,
    0xaf, 0x0, 0x1, 0xf8, 0x0, 0xeb, 0x0, 0xa,
    0xf0, 0x0, 0x1f, 0x80, 0xe, 0xb6, 0xff, 0xff,
    0xff, 0xf2, 0xf8, 0x0, 0xeb, 0x28, 0x9d, 0xf9,
    0x97, 0x1f, 0x80, 0xe, 0xb0, 0x0, 0xaf, 0x0,
    0x1, 0xf8, 0x0, 0xdc, 0x0, 0xa, 0xf0, 0x0,
    0x3f, 0x70, 0x7, 0xff, 0xff, 0xff, 0xff, 0xff,
    0xe1, 0x0, 0x5, 0x9a, 0xae, 0xfa, 0xaa, 0x82,
    0x15, 0x0, 0x0, 0x0, 0xaf, 0x0, 0x0, 0x6,
    0xf1, 0x0, 0x0, 0xa, 0xf0, 0x0, 0x0, 0x8f,
    0x10, 0x0, 0x0, 0x6f, 0xca, 0xaa, 0xaf, 0xd0,
    0x0, 0x0, 0x0, 0x8e, 0xff, 0xff, 0xc2, 0x0,

    /* U+7701 "省" */
    0x0, 0x0, 0x0, 0x6, 0xd0, 0x0, 0x0, 0x0,
    0x0, 0x0, 0x4c, 0x29, 0xf0, 0x3e, 0x60, 0x0,
    0x0, 0x6, 0xfe, 0x29, 0xf0, 0x1c, 0xfa, 0x10,
    0x1, 0xbf, 0xd2, 0x9, 0xf0, 0x4, 0x8f, 0xe2,
    0xb, 0xf9, 0x0, 0x3, 0x75, 0xdf, 0x53, 0xd5,
    0x2, 0x20, 0x0, 0x17, 0xdf, 0xd5, 0x0, 0x0,
    0x0, 0x0, 0x5b, 0xff, 0xd6, 0x10, 0x0, 0x0,
    0x7, 0xcf, 0xff, 0xff, 0xff, 0xff, 0xfe, 0x0,
    0x1f, 0xde, 0xf8, 0x88, 0x88, 0x88, 0xcf, 0x10,
    0x0, 0xb, 0xe3, 0x33, 0x33, 0x20, 0x8f, 0x10,
    0x0, 0xb, 0xff, 0xff, 0xff, 0xf9, 0x8f, 0x10,
    0x0, 0xb, 0xf3, 0x33, 0x33, 0x31, 0x8f, 0x10,
    0x0, 0xb, 0xf7, 0x77, 0x77, 0x72, 0x8f, 0x10,
    0x0, 0xb, 0xff, 0xff, 0xff, 0xf7, 0x8f, 0x10,
    0x0, 0xa, 0xf0, 0x0, 0x0, 0x0, 0x9f, 0x10,
    0x0, 0x8, 0xfa, 0x88, 0x88, 0x89, 0xee, 0x0,
    0x0, 0x1, 0xaf, 0xff, 0xff, 0xff, 0xd4, 0x0,

    /* U+78F7 "磷" */
    0x0, 0x0, 0x0, 0x15, 0x4, 0xd0, 0x15, 0x0,
    0x3, 0x66, 0x65, 0x4f, 0x67, 0xf2, 0xdd, 0x0,
    0xb, 0xff, 0xff, 0x19, 0xd7, 0xf6, 0xf3, 0x0,
    0x1, 0x7f, 0x52, 0x78, 0x9c, 0xf9, 0x98, 0x60,
    0x0, 0x7f, 0x1, 0xef, 0xff, 0xff, 0xff, 0xc0,
    0x0, 0xbb, 0x0, 0x2, 0xdf, 0xff, 0xa0, 0x0,
    0x0, 0xfa, 0x52, 0x6f, 0xd9, 0xf6, 0xfd, 0x30,
    0x5, 0xff, 0xfd, 0xfa, 0x16, 0xf0, 0x3d, 0xb0,
    0xc, 0xf8, 0xac, 0xe, 0x70, 0x20, 0xab, 0x0,
    0x3f, 0xf8, 0xac, 0x3f, 0xed, 0x8c, 0xef, 0xa0,
    0x6, 0xf8, 0xac, 0x9e, 0xaf, 0x7a, 0xee, 0x70,
    0x0, 0xf8, 0xae, 0xfd, 0x7f, 0x69, 0xbc, 0x0,
    0x0, 0xf8, 0xaf, 0xce, 0xfb, 0xbb, 0xbc, 0x10,
    0x0, 0xf8, 0xac, 0x3, 0xf5, 0xef, 0xff, 0xf1,
    0x0, 0xdd, 0xea, 0xc, 0xc0, 0x24, 0xcd, 0x30,
    0x0, 0x3c, 0xb2, 0xbf, 0x30, 0x0, 0xbc, 0x0,
    0x0, 0x0, 0x2, 0xe4, 0x0, 0x0, 0x9a, 0x0,
    0x0, 0x0, 0x0, 0x0, 0x0, 0x0, 0x0, 0x0,

    /* U+7CFB "系" */
    0x0, 0x0, 0x0, 0x0, 0x13, 0x46, 0x78, 0x10,
    0x1, 0x8a, 0xbd, 0xef, 0xff, 0xff, 0xff, 0x30,
    0x5, 0xff, 0xed, 0xff, 0xa7, 0x53, 0x20, 0x0,
    0x0, 0x0, 0xb, 0xf7, 0x0, 0x6, 0x10, 0x0,
    0x0, 0x2, 0xdf, 0x70, 0x2, 0xcf, 0x60, 0x0,
    0x0, 0x5f, 0xfd, 0xaa, 0xbf, 0xf8, 0x0, 0x0,
    0x0, 0xcf, 0xff, 0xff, 0xff, 0x50, 0x0, 0x0,
    0x0, 0x1, 0x16, 0xef, 0xd2, 0xc, 0x50, 0x0,
    0x0, 0x2, 0xbf, 0xf8, 0x0, 0xe, 0xf3, 0x0,
    0x0, 0x7f, 0xff, 0x64, 0x45, 0x6a, 0xfd, 0x0,
    0xf, 0xff, 0xff, 0xff, 0xff, 0xff, 0xff, 0xa0,
    0x8, 0xfa, 0x87, 0x6c, 0xf4, 0x32, 0x1b, 0xe0,
    0x0, 0x0, 0x56, 0x9, 0xf0, 0x49, 0x0, 0x0,
    0x0, 0x6, 0xfb, 0x9, 0xf0, 0x6f, 0xd1, 0x0,
    0x0, 0x7f, 0xd1, 0xb, 0xe0, 0x7, 0xfe, 0x20,
    0xb, 0xfc, 0x16, 0xbf, 0x90, 0x0, 0x5f, 0xe2,
    0x1f, 0x90, 0xc, 0xe9, 0x0, 0x0, 0x4, 0xe4,
    0x0, 0x0, 0x0, 0x0, 0x0, 0x0, 0x0, 0x0,

    /* U+7EC6 "细" */
    0x0, 0x0, 0x0, 0x0, 0x0, 0x0, 0x0, 0x0,
    0x5c, 0x0, 0x0, 0x0, 0x0, 0x0, 0x0, 0xcf,
    0x0, 0x1, 0x11, 0x11, 0x10, 0x2, 0xfa, 0x0,
    0xcf, 0xff, 0xff, 0xfc, 0x8, 0xf4, 0x0, 0xed,
    0x8f, 0xd8, 0xdf, 0x1f, 0xd0, 0x98, 0xeb, 0xe,
    0xb0, 0xbf, 0x8f, 0xa7, 0xf9, 0xeb, 0xe, 0xb0,
    0xbf, 0xff, 0xff, 0xf2, 0xeb, 0xe, 0xb0, 0xbf,
    0x56, 0x9f, 0x90, 0xeb, 0xe, 0xb0, 0xbf, 0x0,
    0xde, 0x10, 0xed, 0x8f, 0xd8, 0xdf, 0x8, 0xf5,
    0x0, 0xef, 0xff, 0xff, 0xff, 0x3f, 0xfc, 0xf8,
    0xeb, 0xe, 0xb0, 0xbf, 0xbf, 0xfe, 0xb4, 0xeb,
    0xe, 0xb0, 0xbf, 0x35, 0x20, 0x0, 0xeb, 0xe,
    0xb0, 0xbf, 0x0, 0x0, 0x42, 0xeb, 0xe, 0xb0,
    0xbf, 0x39, 0xcf, 0xfc, 0xeb, 0xe, 0xb0, 0xbe,
    0xcf, 0xeb, 0x72, 0x9f, 0xaf, 0xea, 0xfa, 0x12,
    0x0, 0x0, 0x9, 0xef, 0xff, 0xa1,

    /* U+7EDF "统" */
    0x0, 0x5, 0xa0, 0x0, 0x8, 0xb0, 0x0, 0x0,
    0x0, 0xd, 0xe0, 0x0, 0x8, 0xf5, 0x0, 0x0,
    0x0, 0x4f, 0x70, 0x59, 0xab, 0xfe, 0xaa, 0x70,
    0x0, 0xcf, 0x14, 0xbf, 0xff, 0xff, 0xff, 0xd0,
    0x6, 0xf8, 0x2f, 0x80, 0x8f, 0x80, 0x0, 0x0,
    0x1e, 0xfd, 0xef, 0x24, 0xfb, 0xc, 0xc0, 0x0,
    0x3f, 0xee, 0xfa, 0x1e, 0xe1, 0x6, 0xf7, 0x0,
    0x0, 0xc, 0xf2, 0xbf, 0xb8, 0x9a, 0xff, 0x20,
    0x0, 0x6f, 0x82, 0xff, 0xff, 0xff, 0xff, 0xb0,
    0x1, 0xee, 0x2, 0x22, 0xfb, 0x4f, 0x57, 0xf0,
    0xb, 0xfe, 0xff, 0x90, 0xf9, 0x4f, 0x50, 0x0,
    0x1f, 0xfd, 0xa8, 0x22, 0xf7, 0x4f, 0x50, 0x0,
    0x1, 0x0, 0x0, 0x6, 0xf4, 0x4f, 0x50, 0x92,
    0x0, 0x1, 0x59, 0x3c, 0xf0, 0x4f, 0x52, 0xf6,
    0x9, 0xef, 0xff, 0xbf, 0x80, 0x4f, 0x53, 0xf6,
    0x1e, 0xc8, 0x54, 0xfe, 0x10, 0x2f, 0xdc, 0xf5,
    0x0, 0x0, 0x5, 0xe3, 0x0, 0x8, 0xff, 0xb0,

    /* U+7F51 "网" */
    0x5f, 0xff, 0xff, 0xff, 0xff, 0xff, 0xf6, 0x8f,
    0xa9, 0x99, 0x99, 0x99, 0x99, 0xf9, 0x8f, 0x10,
    0x0, 0x0, 0x0, 0x0, 0xf9, 0x8f, 0x32, 0x7,
    0x55, 0x10, 0xa3, 0xf9, 0x8f, 0x9e, 0xe, 0x7e,
    0x82, 0xf3, 0xf9, 0x8f, 0x2f, 0xaf, 0x27, 0xf8,
    0xe0, 0xf9, 0x8f, 0x18, 0xfd, 0x0, 0xef, 0x90,
    0xf9, 0x8f, 0x11, 0xf9, 0x0, 0x7f, 0x40, 0xf9,
    0x8f, 0x13, 0xfe, 0x0, 0x7f, 0x60, 0xf9, 0x8f,
    0x1a, 0xdf, 0x50, 0xdf, 0xc0, 0xf9, 0x8f, 0x2f,
    0x6a, 0xb5, 0xf6, 0xf3, 0xf9, 0x8f, 0x9e, 0x4,
    0xfc, 0xb0, 0xd9, 0xf9, 0x8f, 0x85, 0x0, 0x2f,
    0x30, 0x55, 0xf9, 0x8f, 0x10, 0x0, 0x0, 0x0,
    0x1, 0xf8, 0x8f, 0x10, 0x0, 0x0, 0x0, 0x9e,
    0xf2, 0x5d, 0x0, 0x0, 0x0, 0x1, 0xec, 0x30,

    /* U+7F6E "置" */
    0x0, 0xcf, 0xff, 0xff, 0xff, 0xff, 0xfe, 0x10,
    0x0, 0xeb, 0x59, 0xf6, 0x5e, 0xc5, 0x9f, 0x10,
    0x0, 0xcc, 0x5a, 0xf7, 0x5e, 0xc5, 0xbf, 0x0,
    0x0, 0x3b, 0xdd, 0xdf, 0xfd, 0xdd, 0xc5, 0x0,
    0x0, 0x67, 0x77, 0x7d, 0xf7, 0x77, 0x76, 0x0,
    0x1, 0xff, 0xff, 0xff, 0xff, 0xff, 0xff, 0x40,
    0x0, 0x4, 0x66, 0x6d, 0xf6, 0x66, 0x50, 0x0,
    0x0, 0xf, 0xff, 0xff, 0xff, 0xff, 0xf2, 0x0,
    0x0, 0xf, 0x94, 0x78, 0x88, 0x56, 0xf3, 0x0,
    0x0, 0xf, 0x88, 0xff, 0xff, 0xb5, 0xf3, 0x0,
    0x0, 0xf, 0x82, 0x88, 0x88, 0x45, 0xf3, 0x0,
    0x0, 0xf, 0x88, 0xff, 0xff, 0xb5, 0xf3, 0x0,
    0x0, 0xf, 0x82, 0x88, 0x88, 0x45, 0xf3, 0x0,
    0x0, 0xf, 0x87, 0xff, 0xff, 0xa5, 0xf3, 0x0,
    0x5, 0x8f, 0xc8, 0x88, 0x88, 0x8a, 0xf9, 0x70,
    0xe, 0xff, 0xff, 0xff, 0xff, 0xff, 0xff, 0xf2,

    /* U+8868 "表" */
    0x0, 0x0, 0x0, 0x8, 0xb0, 0x0, 0x0, 0x0,
    0x0, 0x0, 0x0, 0xb, 0xe0, 0x0, 0x0, 0x0,
    0x2, 0xef, 0xff, 0xff, 0xff, 0xff, 0xff, 0x60,
    0x1, 0x9a, 0xaa, 0xae, 0xfa, 0xaa, 0xaa, 0x30,
    0x0, 0x0, 0x0, 0xb, 0xe0, 0x0, 0x0, 0x0,
    0x0, 0xdf, 0xff, 0xff, 0xff, 0xff, 0xff, 0x30,
    0x0, 0x7a, 0xaa, 0xae, 0xfa, 0xaa, 0xa9, 0x10,
    0x0, 0x0, 0x0, 0xb, 0xe0, 0x0, 0x0, 0x0,
    0xe, 0xff, 0xff, 0xff, 0xff, 0xff, 0xff, 0xf4,
    0x7, 0x99, 0x9c, 0xfd, 0xfe, 0x99, 0x99, 0x81,
    0x0, 0x0, 0x2e, 0xf2, 0x8f, 0x30, 0x2, 0x0,
    0x0, 0x2, 0xef, 0x50, 0x1e, 0xd2, 0x9f, 0x70,
    0x0, 0x5f, 0xff, 0x30, 0x4, 0xff, 0xfa, 0x10,
    0xb, 0xfe, 0xaf, 0x30, 0x0, 0x8f, 0xa0, 0x0,
    0x1e, 0x91, 0x6f, 0x47, 0xc2, 0x9, 0xfa, 0x0,
    0x0, 0x0, 0x6f, 0xff, 0xb1, 0x0, 0x8f, 0xe2,
    0x0, 0x0, 0x4e, 0x92, 0x0, 0x0, 0x4, 0xb2,

    /* U+8BAE "议" */
    0x0, 0x0, 0x0, 0x0, 0x6, 0x10, 0x0, 0x0,
    0x0, 0xc7, 0x0, 0x0, 0x1f, 0x70, 0x0, 0x0,
    0x0, 0xae, 0x0, 0xa8, 0xc, 0xc0, 0xd, 0x80,
    0x0, 0x3f, 0x70, 0xbc, 0x6, 0xf2, 0x1f, 0x70,
    0x0, 0x8, 0x60, 0x7f, 0x1, 0xf5, 0x4f, 0x40,
    0x0, 0x0, 0x0, 0x4f, 0x30, 0x10, 0x8f, 0x0,
    0xc, 0xff, 0x50, 0xf, 0x80, 0x0, 0xdb, 0x0,
    0x7, 0xaf, 0x80, 0xa, 0xe0, 0x3, 0xf6, 0x0,
    0x0, 0x1f, 0x80, 0x4, 0xf5, 0xa, 0xf0, 0x0,
    0x0, 0x1f, 0x80, 0x0, 0xdd, 0x3f, 0x90, 0x0,
    0x0, 0x1f, 0x80, 0x0, 0x4f, 0xef, 0x10, 0x0,
    0x0, 0x1f, 0x80, 0x0, 0xc, 0xf8, 0x0, 0x0,
    0x0, 0x1f, 0x80, 0x0, 0x2e, 0xfd, 0x0, 0x0,
    0x0, 0x1f, 0xad, 0x40, 0xdf, 0x8f, 0xb0, 0x0,
    0x0, 0x1f, 0xff, 0x4b, 0xf6, 0x7, 0xfa, 0x0,
    0x0, 0x1f, 0xf7, 0xcf, 0x70, 0x0, 0x8f, 0xc1,
    0x0, 0xd, 0x88, 0xf5, 0x0, 0x0, 0x6, 0xf6,
    0x0, 0x0, 0x0, 0x20, 0x0, 0x0, 0x0, 0x10,

    /* U+8BB0 "记" */
    0x5, 0xe1, 0x0, 0xbf, 0xff, 0xff, 0xfd, 0x0,
    0x2, 0xfb, 0x0, 0x69, 0x99, 0x99, 0xcf, 0x10,
    0x0, 0x7f, 0x50, 0x0, 0x0, 0x0, 0x7f, 0x10,
    0x0, 0x9, 0x30, 0x0, 0x0, 0x0, 0x7f, 0x10,
    0x3, 0x43, 0x0, 0x0, 0x0, 0x0, 0x7f, 0x10,
    0x2f, 0xff, 0x0, 0x0, 0x0, 0x0, 0x9f, 0x10,
    0x3, 0xaf, 0x10, 0x5e, 0xff, 0xff, 0xfe, 0x0,
    0x0, 0x8f, 0x10, 0x8f, 0xa9, 0x99, 0x82, 0x0,
    0x0, 0x8f, 0x10, 0x8f, 0x10, 0x0, 0x0, 0x0,
    0x0, 0x8f, 0x10, 0x8f, 0x10, 0x0, 0x0, 0x0,
    0x0, 0x8f, 0x10, 0x8f, 0x10, 0x0, 0x0, 0x0,
    0x0, 0x8f, 0x10, 0x8f, 0x10, 0x0, 0x2, 0x60,
    0x0, 0x8f, 0x23, 0x8f, 0x10, 0x0, 0x8, 0xf0,
    0x0, 0x8f, 0xef, 0x7f, 0x10, 0x0, 0x8, 0xf0,
    0x0, 0x8f, 0xf4, 0x3f, 0xc9, 0x99, 0x9e, 0xb0,
    0x0, 0x4c, 0x20, 0x6, 0xef, 0xff, 0xfb, 0x10,

    /* U+8BBE "设" */
    0x0, 0x0, 0x0, 0x0, 0x0, 0x0, 0x0, 0x0,
    0x3, 0xe1, 0x0, 0x0, 0x0, 0x0, 0x0, 0x0,
    0x6, 0xf7, 0x0, 0xc, 0xff, 0xff, 0xf2, 0x0,
    0x0, 0xee, 0x0, 0xf, 0xda, 0xac, 0xf4, 0x0,
    0x0, 0x7f, 0x40, 0x1f, 0x80, 0x5, 0xf4, 0x0,
    0x0, 0x7, 0x10, 0x4f, 0x50, 0x5, 0xf4, 0x0,
    0x8, 0x97, 0x0, 0xcf, 0x10, 0x4, 0xf8, 0x40,
    0x2f, 0xff, 0x9, 0xf7, 0x0, 0x1, 0xff, 0xf8,
    0x0, 0x9f, 0x3, 0x50, 0x0, 0x0, 0x15, 0x51,
    0x0, 0x9f, 0x0, 0xaf, 0xff, 0xff, 0xfd, 0x0,
    0x0, 0x9f, 0x0, 0x6a, 0xaa, 0xaa, 0xff, 0x0,
    0x0, 0x9f, 0x0, 0x2c, 0x20, 0x2, 0xfa, 0x0,
    0x0, 0x9f, 0x0, 0x2f, 0xd1, 0xc, 0xf2, 0x0,
    0x0, 0x9f, 0x45, 0x5, 0xfd, 0xbf, 0x70, 0x0,
    0x0, 0x9f, 0xfd, 0x0, 0x8f, 0xfb, 0x0, 0x0,
    0x0, 0x8f, 0xd2, 0x18, 0xff, 0xef, 0xc3, 0x0,
    0x0, 0x28, 0x7, 0xff, 0xc2, 0x8, 0xff, 0xd4,
    0x0, 0x0, 0x9, 0xd5, 0x0, 0x0, 0x29, 0xf8,
    0x0, 0x0, 0x0, 0x0, 0x0, 0x0, 0x0, 0x0,

    /* U+8BE6 "详" */
    0x0, 0x0, 0x0, 0xc, 0x60, 0x4, 0xd0, 0x0,
    0xe, 0x40, 0x0, 0xdd, 0x0, 0xbf, 0x0, 0x0,
    0xad, 0x0, 0x8, 0xf2, 0x1f, 0xa0, 0x0, 0x2,
    0xf6, 0x2f, 0xff, 0xff, 0xff, 0xf2, 0x0, 0x5,
    0x31, 0x89, 0x9e, 0xf9, 0x98, 0x0, 0x68, 0x60,
    0x0, 0x0, 0xbe, 0x0, 0x0, 0xe, 0xff, 0x10,
    0x48, 0x8e, 0xf8, 0x84, 0x0, 0x8, 0xf1, 0xa,
    0xff, 0xff, 0xff, 0xb0, 0x0, 0x8f, 0x10, 0x1,
    0x1c, 0xe1, 0x10, 0x0, 0x8, 0xf1, 0x0, 0x0,
    0xbe, 0x0, 0x0, 0x0, 0x8f, 0x17, 0xaa, 0xae,
    0xfa, 0xaa, 0x50, 0x8, 0xf1, 0xbf, 0xff, 0xff,
    0xff, 0xf9, 0x0, 0x8f, 0x10, 0x0, 0xb, 0xe0,
    0x0, 0x0, 0x8, 0xf2, 0x50, 0x0, 0xbe, 0x0,
    0x0, 0x0, 0x8f, 0xef, 0x20, 0xb, 0xe0, 0x0,
    0x0, 0x8, 0xff, 0x60, 0x0, 0xbe, 0x0, 0x0,
    0x0, 0x5e, 0x40, 0x0, 0x8, 0xb0, 0x0, 0x0,

    /* U+914D "配" */
    0x0, 0x0, 0x0, 0x0, 0x22, 0x22, 0x20, 0xc,
    0xff, 0xff, 0xfa, 0x6f, 0xff, 0xff, 0x60, 0x69,
    0xfc, 0xf9, 0x51, 0x77, 0x78, 0xf7, 0x0, 0xf,
    0x7f, 0x0, 0x0, 0x0, 0x1f, 0x70, 0x5b, 0xfd,
    0xfb, 0x70, 0x0, 0x1, 0xf7, 0xc, 0xff, 0xef,
    0xee, 0x0, 0x0, 0x1f, 0x70, 0xca, 0xe7, 0xf8,
    0xe1, 0x78, 0x8a, 0xf6, 0xc, 0xae, 0x6f, 0x8e,
    0x7f, 0xff, 0xfd, 0x10, 0xca, 0xe5, 0xf8, 0xe7,
    0xf2, 0x0, 0x0, 0xc, 0xbf, 0x3f, 0xae, 0x7f,
    0x20, 0x0, 0x0, 0xcf, 0xb1, 0xff, 0xe7, 0xf2,
    0x0, 0x0, 0xc, 0xd0, 0x0, 0x9e, 0x7f, 0x20,
    0x0, 0x40, 0xcf, 0xff, 0xff, 0xe7, 0xf2, 0x0,
    0x4f, 0x3c, 0xd7, 0x77, 0xce, 0x7f, 0x20, 0x4,
    0xf4, 0xbe, 0x33, 0x3d, 0xd5, 0xf6, 0x22, 0x9f,
    0x25, 0xff, 0xff, 0xf7, 0xc, 0xff, 0xff, 0x90,
    0x2, 0x55, 0x53, 0x0, 0x5, 0x77, 0x40, 0x0,

    /* U+91CD "重" */
    0x0, 0x0, 0x0, 0x0, 0x1, 0x12, 0x33, 0x0,
    0x0, 0x9c, 0xcd, 0xef, 0xff, 0xff, 0xff, 0x20,
    0x0, 0x9b, 0xa9, 0x8d, 0xf6, 0x54, 0x32, 0x0,
    0x6, 0x88, 0x88, 0x8d, 0xf8, 0x88, 0x88, 0x70,
    0xd, 0xff, 0xff, 0xff, 0xff, 0xff, 0xff, 0xe2,
    0x0, 0x12, 0x22, 0x2c, 0xe2, 0x22, 0x21, 0x0,
    0x0, 0xdf, 0xff, 0xff, 0xff, 0xff, 0xff, 0x0,
    0x0, 0xea, 0x33, 0x3c, 0xe3, 0x33, 0x8f, 0x10,
    0x0, 0xe9, 0x6f, 0xff, 0xff, 0xf8, 0x6f, 0x10,
    0x0, 0xd9, 0x16, 0x7d, 0xf7, 0x72, 0x6f, 0x0,
    0x0, 0x9f, 0x88, 0x8d, 0xf8, 0x88, 0xec, 0x0,
    0x0, 0x9, 0xef, 0xff, 0xff, 0xfe, 0xb1, 0x0,
    0x0, 0x23, 0x33, 0x3c, 0xe3, 0x33, 0x32, 0x0,
    0x1, 0xff, 0xff, 0xff, 0xff, 0xff, 0xff, 0x40,
    0x0, 0x34, 0x44, 0x4c, 0xe4, 0x44, 0x43, 0x0,
    0x6, 0x77, 0x77, 0x7d, 0xf7, 0x77, 0x77, 0x60,
    0xe, 0xff, 0xff, 0xff, 0xff, 0xff, 0xff, 0xf2,

    /* U+94BE "钾" */
    0x0, 0x6c, 0x0, 0x0, 0x0, 0x0, 0x0, 0x0,
    0xb, 0xe0, 0x0, 0xef, 0xff, 0xff, 0xfc, 0x0,
    0xce, 0x98, 0x2f, 0xda, 0xfe, 0xad, 0xf0, 0xf,
    0xff, 0xf4, 0xf7, 0xe, 0xa0, 0x9f, 0x3, 0xf7,
    0x0, 0x1f, 0x70, 0xea, 0x9, 0xf0, 0x9f, 0x30,
    0x1, 0xf7, 0xe, 0xa0, 0x9f, 0xf, 0xef, 0xfe,
    0x1f, 0xff, 0xff, 0xff, 0xf0, 0xc2, 0xfc, 0x71,
    0xfd, 0xaf, 0xea, 0xdf, 0x0, 0xf, 0x80, 0x1f,
    0x70, 0xea, 0x9, 0xf0, 0x59, 0xfc, 0x93, 0xf8,
    0xe, 0xa0, 0xae, 0xb, 0xff, 0xff, 0x6c, 0xe8,
    0xfd, 0x9f, 0xa0, 0x0, 0xf8, 0x0, 0x3d, 0xff,
    0xff, 0xc1, 0x0, 0xf, 0x80, 0x0, 0x1, 0xeb,
    0x10, 0x0, 0x0, 0xf8, 0x1, 0x0, 0xe, 0xa0,
    0x0, 0x0, 0xf, 0xce, 0xd0, 0x0, 0xea, 0x0,
    0x0, 0x0, 0xff, 0xe4, 0x0, 0xe, 0xa0, 0x0,
    0x0, 0xb, 0x80, 0x0, 0x0, 0xb7, 0x0, 0x0,

    /* U+F001 "" */
    0x0, 0x0, 0x0, 0x0, 0x0, 0x0, 0x0, 0x27,
    0xba, 0x0, 0x0, 0x0, 0x0, 0x0, 0x0, 0x48,
    0xdf, 0xff, 0xf2, 0x0, 0x0, 0x0, 0x1, 0x6a,
    0xff, 0xff, 0xff, 0xff, 0x20, 0x0, 0x0, 0x7c,
    0xff, 0xff, 0xff, 0xff, 0xff, 0xf2, 0x0, 0x0,
    0x4f, 0xff, 0xff, 0xff, 0xff, 0xff, 0xff, 0x20,
    0x0, 0x5, 0xff, 0xff, 0xff, 0xff, 0xb7, 0x3f,
    0xf2, 0x0, 0x0, 0x5f, 0xff, 0xfe, 0x95, 0x0,
    0x1, 0xff, 0x20, 0x0, 0x5, 0xff, 0x73, 0x0,
    0x0, 0x0, 0x1f, 0xf2, 0x0, 0x0, 0x5f, 0xe0,
    0x0, 0x0, 0x0, 0x1, 0xff, 0x20, 0x0, 0x5,
    0xfe, 0x0, 0x0, 0x0, 0x0, 0x1f, 0xf2, 0x0,
    0x0, 0x5f, 0xe0, 0x0, 0x0, 0x0, 0x1, 0xff,
    0x20, 0x0, 0x5, 0xfe, 0x0, 0x0, 0x0, 0x69,
    0x8f, 0xf2, 0x0, 0x0, 0x5f, 0xe0, 0x0, 0x2,
    0xef, 0xff, 0xff, 0x20, 0x3, 0x58, 0xfe, 0x0,
    0x0, 0x8f, 0xff, 0xff, 0xf2, 0x2d, 0xff, 0xff,
    0xe0, 0x0, 0x4, 0xff, 0xff, 0xfd, 0xb, 0xff,
    0xff, 0xfe, 0x0, 0x0, 0x4, 0xbd, 0xc8, 0x10,
    0xaf, 0xff, 0xff, 0xb0, 0x0, 0x0, 0x0, 0x0,
    0x0, 0x0, 0xaf, 0xff, 0xb1, 0x0, 0x0, 0x0,
    0x0, 0x0, 0x0, 0x0, 0x1, 0x0, 0x0, 0x0,
    0x0, 0x0, 0x0, 0x0, 0x0,

    /* U+F008 "" */
    0x51, 0x6, 0x88, 0x88, 0x88, 0x88, 0x88, 0x30,
    0x15, 0xf7, 0x6e, 0xff, 0xff, 0xff, 0xff, 0xff,
    0xb6, 0x8f, 0xfd, 0xcf, 0xf3, 0x33, 0x33, 0x33,
    0x6f, 0xec, 0xdf, 0xf2, 0xc, 0xe0, 0x0, 0x0,
    0x0, 0x3f, 0x70, 0x2f, 0xf2, 0xc, 0xe0, 0x0,
    0x0, 0x0, 0x3f, 0x80, 0x2f, 0xff, 0xff, 0xe0,
    0x0, 0x0, 0x0, 0x3f, 0xff, 0xff, 0xf4, 0x2d,
    0xf9, 0x99, 0x99, 0x99, 0xbf, 0x92, 0x4f, 0xf2,
    0xc, 0xff, 0xff, 0xff, 0xff, 0xff, 0x70, 0x2f,
    0xfb, 0xaf, 0xf1, 0x11, 0x11, 0x11, 0x5f, 0xda,
    0xbf, 0xf9, 0x8e, 0xe0, 0x0, 0x0, 0x0, 0x3f,
    0xc8, 0x9f, 0xf2, 0xc, 0xe0, 0x0, 0x0, 0x0,
    0x3f, 0x70, 0x2f, 0xf6, 0x4d, 0xe0, 0x0, 0x0,
    0x0, 0x3f, 0xa4, 0x6f, 0xfe, 0xef, 0xfb, 0xbb,
    0xbb, 0xbb, 0xcf, 0xfe, 0xef, 0xc2, 0xc, 0xff,
    0xff, 0xff, 0xff, 0xff, 0x80, 0x2c,

    /* U+F00B "" */
    0x58, 0x88, 0x70, 0x28, 0x88, 0x88, 0x88, 0x88,
    0x85, 0xff, 0xff, 0xf3, 0x9f, 0xff, 0xff, 0xff,
    0xff, 0xff, 0xff, 0xff, 0xf3, 0xaf, 0xff, 0xff,
    0xff, 0xff, 0xff, 0xff, 0xff, 0xf3, 0xaf, 0xff,
    0xff, 0xff, 0xff, 0xff, 0xbf, 0xff, 0xd1, 0x6f,
    0xff, 0xff, 0xff, 0xff, 0xfb, 0x0, 0x0, 0x0,
    0x0, 0x0, 0x0, 0x0, 0x0, 0x0, 0xcf, 0xff,
    0xe1, 0x7f, 0xff, 0xff, 0xff, 0xff, 0xfc, 0xff,
    0xff, 0xf3, 0xaf, 0xff, 0xff, 0xff, 0xff, 0xff,
    0xff, 0xff, 0xf3, 0xaf, 0xff, 0xff, 0xff, 0xff,
    0xff, 0xff, 0xff, 0xf3, 0x9f, 0xff, 0xff, 0xff,
    0xff, 0xff, 0x58, 0x88, 0x60, 0x27, 0x88, 0x88,
    0x88, 0x88, 0x85, 0x47, 0x77, 0x50, 0x17, 0x77,
    0x77, 0x77, 0x77, 0x74, 0xff, 0xff, 0xf3, 0x9f,
    0xff, 0xff, 0xff, 0xff, 0xff, 0xff, 0xff, 0xf3,
    0xaf, 0xff, 0xff, 0xff, 0xff, 0xff, 0xff, 0xff,
    0xf3, 0xaf, 0xff, 0xff, 0xff, 0xff, 0xff, 0xdf,
    0xff, 0xf1, 0x7f, 0xff, 0xff, 0xff, 0xff, 0xfd,
    0x0, 0x0, 0x0, 0x0, 0x0, 0x0, 0x0, 0x0,
    0x0,

    /* U+F00C "" */
    0x0, 0x0, 0x0, 0x0, 0x0, 0x0, 0x0, 0x5,
    0x20, 0x0, 0x0, 0x0, 0x0, 0x0, 0x0, 0x0,
    0x7f, 0xf3, 0x0, 0x0, 0x0, 0x0, 0x0, 0x0,
    0x7, 0xff, 0xfe, 0x0, 0x0, 0x0, 0x0, 0x0,
    0x0, 0x7f, 0xff, 0xf8, 0x0, 0x0, 0x0, 0x0,
    0x0, 0x7, 0xff, 0xff, 0x90, 0x9, 0xd1, 0x0,
    0x0, 0x0, 0x7f, 0xff, 0xf9, 0x0, 0x9f, 0xfd,
    0x10, 0x0, 0x7, 0xff, 0xff, 0x90, 0x0, 0xdf,
    0xff, 0xd1, 0x0, 0x7f, 0xff, 0xf9, 0x0, 0x0,
    0x2e, 0xff, 0xfd, 0x17, 0xff, 0xff, 0x90, 0x0,
    0x0, 0x2, 0xef, 0xff, 0xef, 0xff, 0xf9, 0x0,
    0x0, 0x0, 0x0, 0x2e, 0xff, 0xff, 0xff, 0x90,
    0x0, 0x0, 0x0, 0x0, 0x2, 0xef, 0xff, 0xf9,
    0x0, 0x0, 0x0, 0x0, 0x0, 0x0, 0x2e, 0xff,
    0x90, 0x0, 0x0, 0x0, 0x0, 0x0, 0x0, 0x2,
    0xd8, 0x0, 0x0, 0x0, 0x0, 0x0,

    /* U+F00D "" */
    0x2d, 0xb0, 0x0, 0x0, 0x6, 0xe6, 0xd, 0xff,
    0xc0, 0x0, 0x6, 0xff, 0xf3, 0xcf, 0xff, 0xc0,
    0x6, 0xff, 0xff, 0x31, 0xdf, 0xff, 0xc7, 0xff,
    0xff, 0x50, 0x1, 0xdf, 0xff, 0xff, 0xff, 0x50,
    0x0, 0x1, 0xdf, 0xff, 0xff, 0x50, 0x0, 0x0,
    0x7, 0xff, 0xff, 0xd0, 0x0, 0x0, 0x6, 0xff,
    0xff, 0xff, 0xc0, 0x0, 0x6, 0xff, 0xff, 0xdf,
    0xff, 0xc0, 0x6, 0xff, 0xff, 0x51, 0xdf, 0xff,
    0xc0, 0xff, 0xff, 0x50, 0x1, 0xdf, 0xff, 0x58,
    0xff, 0x50, 0x0, 0x1, 0xdf, 0xd0, 0x5, 0x30,
    0x0, 0x0, 0x1, 0x61, 0x0,

    /* U+F011 "" */
    0x0, 0x0, 0x0, 0x0, 0xcd, 0x50, 0x0, 0x0,
    0x0, 0x0, 0x0, 0x0, 0x0, 0x3f, 0xfa, 0x0,
    0x0, 0x0, 0x0, 0x0, 0x7, 0xe3, 0x3, 0xff,
    0xa0, 0xb, 0xc1, 0x0, 0x0, 0x8, 0xff, 0xb0,
    0x3f, 0xfa, 0x4, 0xff, 0xd1, 0x0, 0x4, 0xff,
    0xf6, 0x3, 0xff, 0xa0, 0x1e, 0xff, 0xa0, 0x0,
    0xdf, 0xf7, 0x0, 0x3f, 0xfa, 0x0, 0x2e, 0xff,
    0x40, 0x3f, 0xfc, 0x0, 0x3, 0xff, 0xa0, 0x0,
    0x6f, 0xfa, 0x8, 0xff, 0x60, 0x0, 0x3f, 0xfa,
    0x0, 0x0, 0xef, 0xf0, 0xaf, 0xf2, 0x0, 0x3,
    0xff, 0xa0, 0x0, 0xb, 0xff, 0x1b, 0xff, 0x10,
    0x0, 0x1f, 0xf8, 0x0, 0x0, 0xbf, 0xf1, 0x9f,
    0xf3, 0x0, 0x0, 0x24, 0x0, 0x0, 0xd, 0xff,
    0x6, 0xff, 0x90, 0x0, 0x0, 0x0, 0x0, 0x2,
    0xff, 0xd0, 0x1f, 0xff, 0x20, 0x0, 0x0, 0x0,
    0x0, 0xbf, 0xf8, 0x0, 0x9f, 0xfd, 0x20, 0x0,
    0x0, 0x0, 0x9f, 0xfe, 0x10, 0x0, 0xcf, 0xfe,
    0x71, 0x0, 0x4, 0xcf, 0xff, 0x50, 0x0, 0x1,
    0xdf, 0xff, 0xfe, 0xdf, 0xff, 0xff, 0x60, 0x0,
    0x0, 0x0, 0x9f, 0xff, 0xff, 0xff, 0xfd, 0x40,
    0x0, 0x0, 0x0, 0x0, 0x28, 0xce, 0xfd, 0xa5,
    0x0, 0x0, 0x0,

    /* U+F013 "" */
    0x0, 0x0, 0x0, 0x4, 0x66, 0x40, 0x0, 0x0,
    0x0, 0x0, 0x0, 0x0, 0x3f, 0xff, 0xf3, 0x0,
    0x0, 0x0, 0x0, 0x0, 0x0, 0x4f, 0xff, 0xf4,
    0x0, 0x0, 0x0, 0x0, 0x78, 0x17, 0xff, 0xff,
    0xff, 0x71, 0x87, 0x0, 0x4, 0xff, 0xff, 0xff,
    0xff, 0xff, 0xff, 0xff, 0x40, 0xd, 0xff, 0xff,
    0xff, 0xff, 0xff, 0xff, 0xff, 0xd0, 0x3f, 0xff,
    0xff, 0xfe, 0x88, 0xef, 0xff, 0xff, 0xf3, 0x8,
    0xff, 0xff, 0xd0, 0x0, 0xd, 0xff, 0xff, 0x80,
    0x0, 0xaf, 0xff, 0x50, 0x0, 0x5, 0xff, 0xfa,
    0x0, 0x0, 0xbf, 0xff, 0x30, 0x0, 0x3, 0xff,
    0xfb, 0x0, 0x1, 0xcf, 0xff, 0x80, 0x0, 0x8,
    0xff, 0xfc, 0x10, 0x3e, 0xff, 0xff, 0xf6, 0x0,
    0x6f, 0xff, 0xff, 0xe3, 0x1f, 0xff, 0xff, 0xff,
    0xff, 0xff, 0xff, 0xff, 0xf1, 0x9, 0xff, 0xff,
    0xff, 0xff, 0xff, 0xff, 0xff, 0x90, 0x0, 0xdf,
    0x8e, 0xff, 0xff, 0xff, 0xe8, 0xfd, 0x0, 0x0,
    0x11, 0x1, 0x9f, 0xff, 0xf9, 0x10, 0x11, 0x0,
    0x0, 0x0, 0x0, 0x4f, 0xff, 0xf4, 0x0, 0x0,
    0x0, 0x0, 0x0, 0x0, 0x2c, 0xee, 0xd2, 0x0,
    0x0, 0x0, 0x0, 0x0, 0x0, 0x0, 0x0, 0x0,
    0x0, 0x0, 0x0,

    /* U+F015 "" */
    0x0, 0x0, 0x0, 0x0, 0x8, 0x92, 0x0, 0x6b,
    0xb1, 0x0, 0x0, 0x0, 0x0, 0x0, 0x2d, 0xff,
    0xe4, 0xa, 0xff, 0x20, 0x0, 0x0, 0x0, 0x0,
    0x4e, 0xff, 0xff, 0xf6, 0xaf, 0xf2, 0x0, 0x0,
    0x0, 0x0, 0x6f, 0xfe, 0x31, 0xcf, 0xff, 0xff,
    0x20, 0x0, 0x0, 0x0, 0x9f, 0xfd, 0x25, 0x70,
    0xaf, 0xff, 0xf2, 0x0, 0x0, 0x1, 0xbf, 0xfa,
    0x8, 0xff, 0xb0, 0x7f, 0xff, 0x40, 0x0, 0x2,
    0xdf, 0xf8, 0xa, 0xff, 0xff, 0xd2, 0x5f, 0xff,
    0x50, 0x4, 0xff, 0xf5, 0x1d, 0xff, 0xff, 0xff,
    0xe4, 0x2e, 0xff, 0x70, 0xdf, 0xe3, 0x3e, 0xff,
    0xff, 0xff, 0xff, 0xf6, 0x1c, 0xff, 0x13, 0xb1,
    0x5f, 0xff, 0xff, 0xff, 0xff, 0xff, 0xf8, 0x9,
    0x60, 0x0, 0xa, 0xff, 0xff, 0xff, 0xff, 0xff,
    0xff, 0xe0, 0x0, 0x0, 0x0, 0xaf, 0xff, 0xfd,
    0x88, 0xbf, 0xff, 0xfe, 0x0, 0x0, 0x0, 0xa,
    0xff, 0xff, 0x70, 0x3, 0xff, 0xff, 0xe0, 0x0,
    0x0, 0x0, 0xaf, 0xff, 0xf7, 0x0, 0x3f, 0xff,
    0xfe, 0x0, 0x0, 0x0, 0xa, 0xff, 0xff, 0x70,
    0x3, 0xff, 0xff, 0xe0, 0x0, 0x0, 0x0, 0x8f,
    0xff, 0xf5, 0x0, 0x2f, 0xff, 0xfc, 0x0, 0x0,
    0x0, 0x0, 0x0, 0x0, 0x0, 0x0, 0x0, 0x0,
    0x0, 0x0, 0x0,

    /* U+F019 "" */
    0x0, 0x0, 0x0, 0x9, 0xaa, 0x90, 0x0, 0x0,
    0x0, 0x0, 0x0, 0x0, 0x3f, 0xff, 0xf3, 0x0,
    0x0, 0x0, 0x0, 0x0, 0x0, 0x4f, 0xff, 0xf4,
    0x0, 0x0, 0x0, 0x0, 0x0, 0x0, 0x4f, 0xff,
    0xf4, 0x0, 0x0, 0x0, 0x0, 0x0, 0x0, 0x4f,
    0xff, 0xf4, 0x0, 0x0, 0x0, 0x0, 0x0, 0x0,
    0x4f, 0xff, 0xf4, 0x0, 0x0, 0x0, 0x0, 0x0,
    0x0, 0x4f, 0xff, 0xf4, 0x0, 0x0, 0x0, 0x0,
    0xc, 0xee, 0xef, 0xff, 0xfe, 0xee, 0xc0, 0x0,
    0x0, 0x8, 0xff, 0xff, 0xff, 0xff, 0xff, 0x90,
    0x0, 0x0, 0x0, 0x8f, 0xff, 0xff, 0xff, 0xf8,
    0x0, 0x0, 0x0, 0x0, 0x8, 0xff, 0xff, 0xff,
    0x80, 0x0, 0x0, 0x0, 0x0, 0x0, 0x8f, 0xff,
    0xf8, 0x0, 0x0, 0x0, 0x24, 0x44, 0x44, 0x7,
    0xff, 0x70, 0x44, 0x44, 0x42, 0xff, 0xff, 0xff,
    0xc1, 0x66, 0x1d, 0xff, 0xff, 0xff, 0xff, 0xff,
    0xff, 0xfe, 0x66, 0xef, 0xff, 0xff, 0xff, 0xff,
    0xff, 0xff, 0xff, 0xff, 0xff, 0xff, 0xff, 0xff,
    0xff, 0xff, 0xff, 0xff, 0xff, 0xff, 0x66, 0xc4,
    0xff, 0xdf, 0xff, 0xff, 0xff, 0xff, 0xff, 0xff,
    0xff, 0xfd, 0x0, 0x0, 0x0, 0x0, 0x0, 0x0,
    0x0, 0x0, 0x0,

    /* U+F01C "" */
    0x0, 0x0, 0x4, 0x44, 0x44, 0x44, 0x44, 0x41,
    0x0, 0x0, 0x0, 0x0, 0x1e, 0xff, 0xff, 0xff,
    0xff, 0xff, 0xf4, 0x0, 0x0, 0x0, 0xb, 0xff,
    0xff, 0xff, 0xff, 0xff, 0xff, 0xe1, 0x0, 0x0,
    0x6, 0xff, 0x50, 0x0, 0x0, 0x0, 0x1, 0xff,
    0xa0, 0x0, 0x1, 0xff, 0x90, 0x0, 0x0, 0x0,
    0x0, 0x5, 0xff, 0x50, 0x0, 0xbf, 0xd0, 0x0,
    0x0, 0x0, 0x0, 0x0, 0xa, 0xfe, 0x10, 0x6f,
    0xf3, 0x0, 0x0, 0x0, 0x0, 0x0, 0x0, 0x1e,
    0xfa, 0xe, 0xff, 0xcc, 0xcc, 0x20, 0x0, 0x0,
    0xbc, 0xcc, 0xef, 0xf2, 0xff, 0xff, 0xff, 0xfa,
    0x0, 0x0, 0x6f, 0xff, 0xff, 0xff, 0x4f, 0xff,
    0xff, 0xff, 0xf8, 0x88, 0x8e, 0xff, 0xff, 0xff,
    0xf4, 0xff, 0xff, 0xff, 0xff, 0xff, 0xff, 0xff,
    0xff, 0xff, 0xff, 0x4f, 0xff, 0xff, 0xff, 0xff,
    0xff, 0xff, 0xff, 0xff, 0xff, 0xf4, 0xff, 0xff,
    0xff, 0xff, 0xff, 0xff, 0xff, 0xff, 0xff, 0xff,
    0x37, 0xff, 0xff, 0xff, 0xff, 0xff, 0xff, 0xff,
    0xff, 0xff, 0xa0,

    /* U+F021 "" */
    0x0, 0x0, 0x0, 0x15, 0x66, 0x40, 0x0, 0x5,
    0xcb, 0x0, 0x0, 0x3b, 0xff, 0xff, 0xff, 0x92,
    0x7, 0xff, 0x0, 0x7, 0xff, 0xff, 0xff, 0xff,
    0xff, 0x66, 0xff, 0x0, 0x8f, 0xff, 0xa4, 0x12,
    0x5b, 0xff, 0xfd, 0xff, 0x4, 0xff, 0xe4, 0x0,
    0x0, 0x0, 0x4e, 0xff, 0xff, 0xd, 0xff, 0x30,
    0x0, 0x0, 0x45, 0x46, 0xff, 0xff, 0x4f, 0xf7,
    0x0, 0x0, 0x0, 0xdf, 0xff, 0xff, 0xff, 0x8f,
    0xf1, 0x0, 0x0, 0x0, 0xdf, 0xff, 0xff, 0xff,
    0x2, 0x10, 0x0, 0x0, 0x0, 0x12, 0x22, 0x22,
    0x21, 0x0, 0x0, 0x0, 0x0, 0x0, 0x0, 0x0,
    0x0, 0x0, 0x67, 0x77, 0x77, 0x75, 0x0, 0x0,
    0x0, 0x6, 0x73, 0xff, 0xff, 0xff, 0xfe, 0x0,
    0x0, 0x0, 0x3f, 0xf6, 0xff, 0xff, 0xee, 0xfd,
    0x0, 0x0, 0x0, 0xcf, 0xf1, 0xff, 0xff, 0x70,
    0x0, 0x0, 0x0, 0x9, 0xff, 0xa0, 0xff, 0xff,
    0xfb, 0x20, 0x0, 0x2, 0xbf, 0xfe, 0x10, 0xff,
    0x8d, 0xff, 0xfc, 0xa9, 0xcf, 0xff, 0xe2, 0x0,
    0xff, 0x61, 0x9f, 0xff, 0xff, 0xff, 0xfb, 0x10,
    0x0, 0xff, 0x70, 0x1, 0x7c, 0xee, 0xd9, 0x30,
    0x0, 0x0, 0x56, 0x20, 0x0, 0x0, 0x0, 0x0,
    0x0, 0x0, 0x0,

    /* U+F026 "" */
    0x0, 0x0, 0x0, 0x2, 0x40, 0x0, 0x0, 0x2,
    0xef, 0x0, 0x0, 0x2, 0xef, 0xf0, 0x0, 0x3,
    0xef, 0xff, 0xdf, 0xff, 0xff, 0xff, 0xff, 0xff,
    0xff, 0xff, 0xff, 0xff, 0xff, 0xff, 0xff, 0xff,
    0xff, 0xff, 0xff, 0xff, 0xff, 0xff, 0xff, 0xff,
    0xff, 0xff, 0xff, 0xff, 0xff, 0x7b, 0xbb, 0xdf,
    0xff, 0xf0, 0x0, 0x0, 0xbf, 0xff, 0x0, 0x0,
    0x0, 0xbf, 0xf0, 0x0, 0x0, 0x0, 0xbe, 0x0,
    0x0, 0x0, 0x0, 0x0,

    /* U+F027 "" */
    0x0, 0x0, 0x0, 0x2, 0x40, 0x0, 0x0, 0x0,
    0x0, 0x0, 0x2e, 0xf0, 0x0, 0x0, 0x0, 0x0,
    0x2, 0xef, 0xf0, 0x0, 0x0, 0x0, 0x0, 0x3e,
    0xff, 0xf0, 0x0, 0x0, 0xdf, 0xff, 0xff, 0xff,
    0xf0, 0x7, 0x10, 0xff, 0xff, 0xff, 0xff, 0xf0,
    0x3f, 0xd0, 0xff, 0xff, 0xff, 0xff, 0xf0, 0x8,
    0xf5, 0xff, 0xff, 0xff, 0xff, 0xf0, 0x4, 0xf7,
    0xff, 0xff, 0xff, 0xff, 0xf0, 0xd, 0xf3, 0xff,
    0xff, 0xff, 0xff, 0xf0, 0x3f, 0x70, 0x8b, 0xbb,
    0xdf, 0xff, 0xf0, 0x0, 0x0, 0x0, 0x0, 0xb,
    0xff, 0xf0, 0x0, 0x0, 0x0, 0x0, 0x0, 0xbf,
    0xf0, 0x0, 0x0, 0x0, 0x0, 0x0, 0xb, 0xe0,
    0x0, 0x0, 0x0, 0x0, 0x0, 0x0, 0x0, 0x0,
    0x0,

    /* U+F028 "" */
    0x0, 0x0, 0x0, 0x0, 0x0, 0x0, 0x0, 0x1,
    0x0, 0x0, 0x0, 0x0, 0x0, 0x0, 0x0, 0x0,
    0x0, 0x7, 0xf6, 0x0, 0x0, 0x0, 0x0, 0x0,
    0x2, 0x40, 0x0, 0x0, 0x2d, 0xf8, 0x0, 0x0,
    0x0, 0x0, 0x2, 0xef, 0x0, 0x0, 0x40, 0x1c,
    0xf4, 0x0, 0x0, 0x0, 0x2, 0xef, 0xf0, 0x0,
    0x5f, 0xb0, 0x1e, 0xe1, 0x0, 0x0, 0x3, 0xef,
    0xff, 0x0, 0x0, 0xaf, 0xa0, 0x6f, 0x70, 0xdf,
    0xff, 0xff, 0xff, 0xf0, 0x7, 0x10, 0xbf, 0x30,
    0xfd, 0xf, 0xff, 0xff, 0xff, 0xff, 0x3, 0xfd,
    0x3, 0xf9, 0xa, 0xf0, 0xff, 0xff, 0xff, 0xff,
    0xf0, 0x7, 0xf5, 0xe, 0xc0, 0x8f, 0x2f, 0xff,
    0xff, 0xff, 0xff, 0x0, 0x4f, 0x70, 0xdd, 0x7,
    0xf3, 0xff, 0xff, 0xff, 0xff, 0xf0, 0x1d, 0xf3,
    0xf, 0xb0, 0x9f, 0x2f, 0xff, 0xff, 0xff, 0xff,
    0x3, 0xf7, 0x7, 0xf6, 0xc, 0xf0, 0x7b, 0xbb,
    0xdf, 0xff, 0xf0, 0x0, 0x3, 0xfe, 0x12, 0xfa,
    0x0, 0x0, 0x0, 0xbf, 0xff, 0x0, 0x3, 0xff,
    0x40, 0xaf, 0x30, 0x0, 0x0, 0x0, 0xbf, 0xf0,
    0x0, 0x3c, 0x30, 0x6f, 0xa0, 0x0, 0x0, 0x0,
    0x0, 0xbe, 0x0, 0x0, 0x0, 0x6f, 0xe1, 0x0,
    0x0, 0x0, 0x0, 0x0, 0x0, 0x0, 0x0, 0x6f,
    0xd2, 0x0, 0x0, 0x0, 0x0, 0x0, 0x0, 0x0,
    0x0, 0x3, 0x90, 0x0, 0x0,

    /* U+F03E "" */
    0x3a, 0xbb, 0xbb, 0xbb, 0xbb, 0xbb, 0xbb, 0xbb,
    0xa3, 0xef, 0xff, 0xff, 0xff, 0xff, 0xff, 0xff,
    0xff, 0xfe, 0xff, 0xd5, 0x6e, 0xff, 0xff, 0xff,
    0xff, 0xff, 0xff, 0xff, 0x20, 0x4, 0xff, 0xff,
    0xff, 0xff, 0xff, 0xff, 0xff, 0x0, 0x2, 0xff,
    0xff, 0xff, 0xbf, 0xff, 0xff, 0xff, 0x50, 0x7,
    0xff, 0xff, 0xf5, 0x9, 0xff, 0xff, 0xff, 0xfb,
    0xbf, 0xff, 0xff, 0x50, 0x0, 0x9f, 0xff, 0xff,
    0xff, 0xcb, 0xff, 0xf5, 0x0, 0x0, 0x9, 0xff,
    0xff, 0xfc, 0x0, 0xaf, 0x50, 0x0, 0x0, 0x4,
    0xff, 0xff, 0xc0, 0x0, 0x3, 0x0, 0x0, 0x0,
    0x4, 0xff, 0xff, 0x40, 0x0, 0x0, 0x0, 0x0,
    0x0, 0x4, 0xff, 0xff, 0x74, 0x44, 0x44, 0x44,
    0x44, 0x44, 0x47, 0xff, 0xff, 0xff, 0xff, 0xff,
    0xff, 0xff, 0xff, 0xff, 0xff, 0x6f, 0xff, 0xff,
    0xff, 0xff, 0xff, 0xff, 0xff, 0xf6,

    /* U+F043 "" */
    0x0, 0x0, 0x6, 0x90, 0x0, 0x0, 0x0, 0x0,
    0x1, 0xff, 0x40, 0x0, 0x0, 0x0, 0x0, 0x6f,
    0xfa, 0x0, 0x0, 0x0, 0x0, 0xd, 0xff, 0xf2,
    0x0, 0x0, 0x0, 0x5, 0xff, 0xff, 0x90, 0x0,
    0x0, 0x0, 0xef, 0xff, 0xff, 0x30, 0x0, 0x0,
    0x9f, 0xff, 0xff, 0xfd, 0x0, 0x0, 0x5f, 0xff,
    0xff, 0xff, 0xf9, 0x0, 0xe, 0xff, 0xff, 0xff,
    0xff, 0xf3, 0x7, 0xff, 0xff, 0xff, 0xff, 0xff,
    0xa0, 0xcf, 0xff, 0xff, 0xff, 0xff, 0xff, 0xf,
    0xfb, 0xff, 0xff, 0xff, 0xff, 0xf2, 0xff, 0x4a,
    0xff, 0xff, 0xff, 0xff, 0x2c, 0xf8, 0x4f, 0xff,
    0xff, 0xff, 0xf0, 0x7f, 0xf2, 0x5c, 0xff, 0xff,
    0xfb, 0x0, 0xef, 0xe5, 0x8, 0xff, 0xff, 0x30,
    0x2, 0xef, 0xff, 0xff, 0xff, 0x50, 0x0, 0x1,
    0xaf, 0xff, 0xfb, 0x30, 0x0, 0x0, 0x0, 0x3,
    0x31, 0x0, 0x0, 0x0,

    /* U+F048 "" */
    0x6b, 0x90, 0x0, 0x0, 0x3, 0xa2, 0x9f, 0xe0,
    0x0, 0x0, 0x4f, 0xf9, 0x9f, 0xe0, 0x0, 0x5,
    0xff, 0xfa, 0x9f, 0xe0, 0x0, 0x6f, 0xff, 0xfa,
    0x9f, 0xe0, 0x7, 0xff, 0xff, 0xfa, 0x9f, 0xe0,
    0x8f, 0xff, 0xff, 0xfa, 0x9f, 0xe9, 0xff, 0xff,
    0xff, 0xfa, 0x9f, 0xff, 0xff, 0xff, 0xff, 0xfa,
    0x9f, 0xff, 0xff, 0xff, 0xff, 0xfa, 0x9f, 0xfe,
    0xff, 0xff, 0xff, 0xfa, 0x9f, 0xe1, 0xdf, 0xff,
    0xff, 0xfa, 0x9f, 0xe0, 0x1c, 0xff, 0xff, 0xfa,
    0x9f, 0xe0, 0x0, 0xbf, 0xff, 0xfa, 0x9f, 0xe0,
    0x0, 0xa, 0xff, 0xfa, 0x9f, 0xe0, 0x0, 0x0,
    0x9f, 0xfa, 0x9f, 0xe0, 0x0, 0x0, 0x8, 0xf6,
    0x0, 0x0, 0x0, 0x0, 0x0, 0x0,

    /* U+F04B "" */
    0x3a, 0x70, 0x0, 0x0, 0x0, 0x0, 0x0, 0x0,
    0xef, 0xfe, 0x50, 0x0, 0x0, 0x0, 0x0, 0x0,
    0xff, 0xff, 0xfb, 0x20, 0x0, 0x0, 0x0, 0x0,
    0xff, 0xff, 0xff, 0xf8, 0x0, 0x0, 0x0, 0x0,
    0xff, 0xff, 0xff, 0xff, 0xe6, 0x0, 0x0, 0x0,
    0xff, 0xff, 0xff, 0xff, 0xff, 0xc3, 0x0, 0x0,
    0xff, 0xff, 0xff, 0xff, 0xff, 0xff, 0x91, 0x0,
    0xff, 0xff, 0xff, 0xff, 0xff, 0xff, 0xfe, 0x60,
    0xff, 0xff, 0xff, 0xff, 0xff, 0xff, 0xff, 0xf7,
    0xff, 0xff, 0xff, 0xff, 0xff, 0xff, 0xff, 0xfa,
    0xff, 0xff, 0xff, 0xff, 0xff, 0xff, 0xff, 0xe2,
    0xff, 0xff, 0xff, 0xff, 0xff, 0xff, 0xf8, 0x0,
    0xff, 0xff, 0xff, 0xff, 0xff, 0xfb, 0x20, 0x0,
    0xff, 0xff, 0xff, 0xff, 0xfd, 0x40, 0x0, 0x0,
    0xff, 0xff, 0xff, 0xff, 0x70, 0x0, 0x0, 0x0,
    0xff, 0xff, 0xff, 0xa1, 0x0, 0x0, 0x0, 0x0,
    0xff, 0xff, 0xd3, 0x0, 0x0, 0x0, 0x0, 0x0,
    0xaf, 0xe6, 0x0, 0x0, 0x0, 0x0, 0x0, 0x0,
    0x2, 0x0, 0x0, 0x0, 0x0, 0x0, 0x0, 0x0,

    /* U+F04C "" */
    0x3a, 0xbb, 0xb9, 0x10, 0x3, 0xab, 0xbb, 0x91,
    0xef, 0xff, 0xff, 0xa0, 0xe, 0xff, 0xff, 0xfa,
    0xff, 0xff, 0xff, 0xc0, 0xf, 0xff, 0xff, 0xfc,
    0xff, 0xff, 0xff, 0xc0, 0xf, 0xff, 0xff, 0xfc,
    0xff, 0xff, 0xff, 0xc0, 0xf, 0xff, 0xff, 0xfc,
    0xff, 0xff, 0xff, 0xc0, 0xf, 0xff, 0xff, 0xfc,
    0xff, 0xff, 0xff, 0xc0, 0xf, 0xff, 0xff, 0xfc,
    0xff, 0xff, 0xff, 0xc0, 0xf, 0xff, 0xff, 0xfc,
    0xff, 0xff, 0xff, 0xc0, 0xf, 0xff, 0xff, 0xfc,
    0xff, 0xff, 0xff, 0xc0, 0xf, 0xff, 0xff, 0xfc,
    0xff, 0xff, 0xff, 0xc0, 0xf, 0xff, 0xff, 0xfc,
    0xff, 0xff, 0xff, 0xc0, 0xf, 0xff, 0xff, 0xfc,
    0xff, 0xff, 0xff, 0xc0, 0xf, 0xff, 0xff, 0xfc,
    0xff, 0xff, 0xff, 0xc0, 0xf, 0xff, 0xff, 0xfc,
    0xff, 0xff, 0xff, 0xb0, 0xf, 0xff, 0xff, 0xfb,
    0x7f, 0xff, 0xfe, 0x40, 0x7, 0xff, 0xff, 0xe4,
    0x0, 0x0, 0x0, 0x0, 0x0, 0x0, 0x0, 0x0,

    /* U+F04D "" */
    0x3a, 0xbb, 0xbb, 0xbb, 0xbb, 0xbb, 0xbb, 0x91,
    0xef, 0xff, 0xff, 0xff, 0xff, 0xff, 0xff, 0xfa,
    0xff, 0xff, 0xff, 0xff, 0xff, 0xff, 0xff, 0xfc,
    0xff, 0xff, 0xff, 0xff, 0xff, 0xff, 0xff, 0xfc,
    0xff, 0xff, 0xff, 0xff, 0xff, 0xff, 0xff, 0xfc,
    0xff, 0xff, 0xff, 0xff, 0xff, 0xff, 0xff, 0xfc,
    0xff, 0xff, 0xff, 0xff, 0xff, 0xff, 0xff, 0xfc,
    0xff, 0xff, 0xff, 0xff, 0xff, 0xff, 0xff, 0xfc,
    0xff, 0xff, 0xff, 0xff, 0xff, 0xff, 0xff, 0xfc,
    0xff, 0xff, 0xff, 0xff, 0xff, 0xff, 0xff, 0xfc,
    0xff, 0xff, 0xff, 0xff, 0xff, 0xff, 0xff, 0xfc,
    0xff, 0xff, 0xff, 0xff, 0xff, 0xff, 0xff, 0xfc,
    0xff, 0xff, 0xff, 0xff, 0xff, 0xff, 0xff, 0xfc,
    0xff, 0xff, 0xff, 0xff, 0xff, 0xff, 0xff, 0xfc,
    0xff, 0xff, 0xff, 0xff, 0xff, 0xff, 0xff, 0xfb,
    0x7f, 0xff, 0xff, 0xff, 0xff, 0xff, 0xff, 0xe4,
    0x0, 0x0, 0x0, 0x0, 0x0, 0x0, 0x0, 0x0,

    /* U+F051 "" */
    0x4a, 0x20, 0x0, 0x0, 0xa, 0xb4, 0xbf, 0xe3,
    0x0, 0x0, 0xf, 0xf8, 0xcf, 0xff, 0x40, 0x0,
    0xf, 0xf8, 0xcf, 0xff, 0xf5, 0x0, 0xf, 0xf8,
    0xcf, 0xff, 0xff, 0x60, 0xf, 0xf8, 0xcf, 0xff,
    0xff, 0xf7, 0xf, 0xf8, 0xcf, 0xff, 0xff, 0xff,
    0x9f, 0xf8, 0xcf, 0xff, 0xff, 0xff, 0xff, 0xf8,
    0xcf, 0xff, 0xff, 0xff, 0xff, 0xf8, 0xcf, 0xff,
    0xff, 0xff, 0xdf, 0xf8, 0xcf, 0xff, 0xff, 0xfc,
    0x1f, 0xf8, 0xcf, 0xff, 0xff, 0xb0, 0xf, 0xf8,
    0xcf, 0xff, 0xfa, 0x0, 0xf, 0xf8, 0xcf, 0xff,
    0x80, 0x0, 0xf, 0xf8, 0xbf, 0xf7, 0x0, 0x0,
    0xf, 0xf8, 0x7f, 0x60, 0x0, 0x0, 0xf, 0xf7,
    0x0, 0x0, 0x0, 0x0, 0x0, 0x0,

    /* U+F052 "" */
    0x0, 0x0, 0x0, 0x2, 0xca, 0x10, 0x0, 0x0,
    0x0, 0x0, 0x0, 0x0, 0x2e, 0xff, 0xc0, 0x0,
    0x0, 0x0, 0x0, 0x0, 0x1, 0xef, 0xff, 0xfb,
    0x0, 0x0, 0x0, 0x0, 0x0, 0x1d, 0xff, 0xff,
    0xff, 0xa0, 0x0, 0x0, 0x0, 0x0, 0xcf, 0xff,
    0xff, 0xff, 0xf9, 0x0, 0x0, 0x0, 0xb, 0xff,
    0xff, 0xff, 0xff, 0xff, 0x70, 0x0, 0x0, 0xaf,
    0xff, 0xff, 0xff, 0xff, 0xff, 0xf6, 0x0, 0x8,
    0xff, 0xff, 0xff, 0xff, 0xff, 0xff, 0xff, 0x40,
    0xf, 0xff, 0xff, 0xff, 0xff, 0xff, 0xff, 0xff,
    0xb0, 0xa, 0xff, 0xff, 0xff, 0xff, 0xff, 0xff,
    0xff, 0x60, 0x0, 0x34, 0x44, 0x44, 0x44, 0x44,
    0x44, 0x42, 0x0, 0x3, 0x77, 0x77, 0x77, 0x77,
    0x77, 0x77, 0x77, 0x10, 0xf, 0xff, 0xff, 0xff,
    0xff, 0xff, 0xff, 0xff, 0xb0, 0xf, 0xff, 0xff,
    0xff, 0xff, 0xff, 0xff, 0xff, 0xc0, 0xf, 0xff,
    0xff, 0xff, 0xff, 0xff, 0xff, 0xff, 0xb0, 0xc,
    0xff, 0xff, 0xff, 0xff, 0xff, 0xff, 0xff, 0x70,
    0x0, 0x0, 0x0, 0x0, 0x0, 0x0, 0x0, 0x0,
    0x0,

    /* U+F053 "" */
    0x0, 0x0, 0x0, 0x0, 0x41, 0x0, 0x0, 0x0,
    0x0, 0x9f, 0xd0, 0x0, 0x0, 0x0, 0x9f, 0xff,
    0x20, 0x0, 0x0, 0x9f, 0xff, 0x50, 0x0, 0x0,
    0x9f, 0xff, 0x50, 0x0, 0x0, 0x9f, 0xff, 0x50,
    0x0, 0x0, 0x9f, 0xff, 0x50, 0x0, 0x0, 0x9f,
    0xff, 0x50, 0x0, 0x0, 0xe, 0xff, 0xd1, 0x0,
    0x0, 0x0, 0x3e, 0xff, 0xc1, 0x0, 0x0, 0x0,
    0x3e, 0xff, 0xc1, 0x0, 0x0, 0x0, 0x3e, 0xff,
    0xc1, 0x0, 0x0, 0x0, 0x3e, 0xff, 0xc1, 0x0,
    0x0, 0x0, 0x3e, 0xff, 0xc0, 0x0, 0x0, 0x0,
    0x3e, 0xff, 0x20, 0x0, 0x0, 0x0, 0x3c, 0x60,

    /* U+F054 "" */
    0x0, 0x50, 0x0, 0x0, 0x0, 0x0, 0x9f, 0xc1,
    0x0, 0x0, 0x0, 0xe, 0xff, 0xc1, 0x0, 0x0,
    0x0, 0x2e, 0xff, 0xc1, 0x0, 0x0, 0x0, 0x2e,
    0xff, 0xc1, 0x0, 0x0, 0x0, 0x2e, 0xff, 0xc1,
    0x0, 0x0, 0x0, 0x2e, 0xff, 0xc1, 0x0, 0x0,
    0x0, 0x2e, 0xff, 0xc0, 0x0, 0x0, 0x0, 0xaf,
    0xff, 0x20, 0x0, 0x0, 0x9f, 0xff, 0x50, 0x0,
    0x0, 0x9f, 0xff, 0x50, 0x0, 0x0, 0x9f, 0xff,
    0x50, 0x0, 0x0, 0x9f, 0xff, 0x60, 0x0, 0x0,
    0x9f, 0xff, 0x60, 0x0, 0x0, 0xe, 0xff, 0x60,
    0x0, 0x0, 0x0, 0x3d, 0x50, 0x0, 0x0, 0x0,

    /* U+F067 "" */
    0x0, 0x0, 0x0, 0x39, 0x91, 0x0, 0x0, 0x0,
    0x0, 0x0, 0x0, 0xcf, 0xf8, 0x0, 0x0, 0x0,
    0x0, 0x0, 0x0, 0xdf, 0xf9, 0x0, 0x0, 0x0,
    0x0, 0x0, 0x0, 0xdf, 0xf9, 0x0, 0x0, 0x0,
    0x0, 0x0, 0x0, 0xdf, 0xf9, 0x0, 0x0, 0x0,
    0x0, 0x0, 0x0, 0xdf, 0xf9, 0x0, 0x0, 0x0,
    0x36, 0x77, 0x77, 0xef, 0xfc, 0x77, 0x77, 0x61,
    0xef, 0xff, 0xff, 0xff, 0xff, 0xff, 0xff, 0xfa,
    0xff, 0xff, 0xff, 0xff, 0xff, 0xff, 0xff, 0xfb,
    0xae, 0xff, 0xff, 0xff, 0xff, 0xff, 0xff, 0xe6,
    0x0, 0x0, 0x0, 0xdf, 0xf9, 0x0, 0x0, 0x0,
    0x0, 0x0, 0x0, 0xdf, 0xf9, 0x0, 0x0, 0x0,
    0x0, 0x0, 0x0, 0xdf, 0xf9, 0x0, 0x0, 0x0,
    0x0, 0x0, 0x0, 0xdf, 0xf9, 0x0, 0x0, 0x0,
    0x0, 0x0, 0x0, 0xdf, 0xf9, 0x0, 0x0, 0x0,
    0x0, 0x0, 0x0, 0x9f, 0xf5, 0x0, 0x0, 0x0,
    0x0, 0x0, 0x0, 0x1, 0x10, 0x0, 0x0, 0x0,

    /* U+F068 "" */
    0x36, 0x66, 0x66, 0x66, 0x66, 0x66, 0x66, 0x61,
    0xef, 0xff, 0xff, 0xff, 0xff, 0xff, 0xff, 0xfa,
    0xff, 0xff, 0xff, 0xff, 0xff, 0xff, 0xff, 0xfb,
    0xaf, 0xff, 0xff, 0xff, 0xff, 0xff, 0xff, 0xf6,

    /* U+F06E "" */
    0x0, 0x0, 0x0, 0x3, 0x68, 0x87, 0x40, 0x0,
    0x0, 0x0, 0x0, 0x0, 0x0, 0x8e, 0xff, 0xff,
    0xff, 0xf9, 0x20, 0x0, 0x0, 0x0, 0x4, 0xef,
    0xfd, 0x63, 0x25, 0xbf, 0xff, 0x70, 0x0, 0x0,
    0x7, 0xff, 0xfa, 0x0, 0x0, 0x0, 0x7f, 0xff,
    0xa0, 0x0, 0x6, 0xff, 0xfd, 0x0, 0x8, 0xfc,
    0x20, 0x9f, 0xff, 0xa0, 0x2, 0xff, 0xff, 0x50,
    0x0, 0x8f, 0xfe, 0x12, 0xff, 0xff, 0x60, 0xcf,
    0xff, 0xf2, 0x16, 0x7f, 0xff, 0xf5, 0xe, 0xff,
    0xfe, 0x1e, 0xff, 0xff, 0x12, 0xff, 0xff, 0xff,
    0x70, 0xdf, 0xff, 0xf2, 0x6f, 0xff, 0xf3, 0xe,
    0xff, 0xff, 0xf3, 0xf, 0xff, 0xfb, 0x0, 0xbf,
    0xff, 0x90, 0x4f, 0xff, 0xf8, 0x5, 0xff, 0xfe,
    0x10, 0x1, 0xdf, 0xff, 0x40, 0x28, 0x84, 0x1,
    0xef, 0xff, 0x30, 0x0, 0x1, 0xbf, 0xff, 0x60,
    0x0, 0x4, 0xef, 0xfd, 0x30, 0x0, 0x0, 0x0,
    0x6e, 0xff, 0xfb, 0xbe, 0xff, 0xf9, 0x0, 0x0,
    0x0, 0x0, 0x0, 0x5, 0xad, 0xff, 0xeb, 0x71,
    0x0, 0x0, 0x0,

    /* U+F070 "" */
    0x4a, 0x10, 0x0, 0x0, 0x0, 0x0, 0x0, 0x0,
    0x0, 0x0, 0x0, 0xe, 0xfe, 0x30, 0x0, 0x0,
    0x0, 0x0, 0x0, 0x0, 0x0, 0x0, 0x0, 0x5f,
    0xff, 0x60, 0x0, 0x15, 0x78, 0x74, 0x0, 0x0,
    0x0, 0x0, 0x0, 0x2d, 0xff, 0xa6, 0xdf, 0xff,
    0xff, 0xff, 0xa2, 0x0, 0x0, 0x0, 0x0, 0xa,
    0xff, 0xff, 0xe8, 0x32, 0x5b, 0xff, 0xf8, 0x0,
    0x0, 0x0, 0x0, 0x6, 0xff, 0xf6, 0x0, 0x10,
    0x6, 0xff, 0xfb, 0x0, 0x0, 0x0, 0x0, 0x3,
    0xef, 0xf8, 0x7f, 0xd3, 0x9, 0xff, 0xfb, 0x0,
    0x0, 0x1e, 0x70, 0x1, 0xbf, 0xfe, 0xff, 0xf2,
    0x1f, 0xff, 0xf7, 0x0, 0x9, 0xff, 0xa0, 0x0,
    0x8f, 0xff, 0xff, 0x70, 0xdf, 0xff, 0xf1, 0x0,
    0xcf, 0xff, 0xd1, 0x0, 0x5f, 0xff, 0xf9, 0xc,
    0xff, 0xff, 0x30, 0x5, 0xff, 0xff, 0x60, 0x0,
    0x2d, 0xff, 0xb0, 0xef, 0xff, 0xb0, 0x0, 0xa,
    0xff, 0xfc, 0x0, 0x0, 0xa, 0xff, 0xef, 0xff,
    0xe1, 0x0, 0x0, 0xc, 0xff, 0xf6, 0x0, 0x0,
    0x6, 0xff, 0xff, 0xf3, 0x0, 0x0, 0x0, 0xa,
    0xff, 0xf8, 0x10, 0x0, 0x3, 0xef, 0xfa, 0x0,
    0x0, 0x0, 0x0, 0x5, 0xef, 0xff, 0xcb, 0x80,
    0x1, 0xbf, 0xfb, 0x10, 0x0, 0x0, 0x0, 0x0,
    0x5a, 0xdf, 0xfe, 0x70, 0x0, 0x8f, 0xfe, 0x30,
    0x0, 0x0, 0x0, 0x0, 0x0, 0x0, 0x0, 0x0,
    0x0, 0x5f, 0xff, 0x30, 0x0, 0x0, 0x0, 0x0,
    0x0, 0x0, 0x0, 0x0, 0x0, 0x2d, 0xe1, 0x0,
    0x0, 0x0, 0x0, 0x0, 0x0, 0x0, 0x0, 0x0,
    0x0, 0x1, 0x0,

    /* U+F071 "" */
    0x0, 0x0, 0x0, 0x0, 0x1, 0xcd, 0x40, 0x0,
    0x0, 0x0, 0x0, 0x0, 0x0, 0x0, 0x0, 0xa,
    0xff, 0xe0, 0x0, 0x0, 0x0, 0x0, 0x0, 0x0,
    0x0, 0x0, 0x4f, 0xff, 0xf8, 0x0, 0x0, 0x0,
    0x0, 0x0, 0x0, 0x0, 0x0, 0xdf, 0xff, 0xff,
    0x10, 0x0, 0x0, 0x0, 0x0, 0x0, 0x0, 0x6,
    0xff, 0xff, 0xff, 0xa0, 0x0, 0x0, 0x0, 0x0,
    0x0, 0x0, 0xe, 0xff, 0xff, 0xff, 0xf3, 0x0,
    0x0, 0x0, 0x0, 0x0, 0x0, 0x8f, 0xfb, 0x33,
    0x8f, 0xfc, 0x0, 0x0, 0x0, 0x0, 0x0, 0x2,
    0xff, 0xf9, 0x0, 0x6f, 0xff, 0x60, 0x0, 0x0,
    0x0, 0x0, 0xa, 0xff, 0xfa, 0x0, 0x6f, 0xff,
    0xe0, 0x0, 0x0, 0x0, 0x0, 0x4f, 0xff, 0xfb,
    0x0, 0x7f, 0xff, 0xf8, 0x0, 0x0, 0x0, 0x0,
    0xdf, 0xff, 0xfc, 0x0, 0x8f, 0xff, 0xff, 0x10,
    0x0, 0x0, 0x6, 0xff, 0xff, 0xfd, 0x0, 0x9f,
    0xff, 0xff, 0xa0, 0x0, 0x0, 0xe, 0xff, 0xff,
    0xff, 0xcb, 0xff, 0xff, 0xff, 0xf3, 0x0, 0x0,
    0x8f, 0xff, 0xff, 0xfc, 0x0, 0x8f, 0xff, 0xff,
    0xfc, 0x0, 0x2, 0xff, 0xff, 0xff, 0xf9, 0x0,
    0x4f, 0xff, 0xff, 0xff, 0x60, 0xa, 0xff, 0xff,
    0xff, 0xfe, 0x42, 0xcf, 0xff, 0xff, 0xff, 0xe0,
    0xf, 0xff, 0xff, 0xff, 0xff, 0xff, 0xff, 0xff,
    0xff, 0xff, 0xf3, 0x9, 0xff, 0xff, 0xff, 0xff,
    0xff, 0xff, 0xff, 0xff, 0xff, 0xd0, 0x0, 0x23,
    0x33, 0x33, 0x33, 0x33, 0x33, 0x33, 0x33, 0x33,
    0x0,

    /* U+F074 "" */
    0x0, 0x0, 0x0, 0x0, 0x0, 0x0, 0x1, 0x40,
    0x0, 0x0, 0x0, 0x0, 0x0, 0x0, 0x0, 0x7,
    0xf9, 0x0, 0x12, 0x22, 0x10, 0x0, 0x0, 0x1,
    0x29, 0xff, 0x90, 0xff, 0xff, 0xe2, 0x0, 0x0,
    0x6f, 0xff, 0xff, 0xf8, 0xff, 0xff, 0xfe, 0x20,
    0x5, 0xff, 0xff, 0xff, 0xfd, 0x9a, 0xad, 0xff,
    0xd0, 0x5f, 0xff, 0xbd, 0xff, 0xe2, 0x0, 0x0,
    0xcf, 0x44, 0xff, 0xf9, 0x8, 0xfe, 0x20, 0x0,
    0x0, 0x4, 0x4f, 0xff, 0x90, 0x4, 0xd2, 0x0,
    0x0, 0x0, 0x3, 0xff, 0xfa, 0x0, 0x0, 0x10,
    0x0, 0x0, 0x0, 0x3f, 0xff, 0xa1, 0x91, 0x6,
    0xf6, 0x0, 0x0, 0x2, 0xef, 0xfb, 0xc, 0xfc,
    0x8, 0xff, 0x60, 0xef, 0xff, 0xff, 0xb0, 0x1d,
    0xff, 0xff, 0xff, 0xf6, 0xff, 0xff, 0xfc, 0x0,
    0x2, 0xef, 0xff, 0xff, 0xfe, 0xdd, 0xdd, 0xb0,
    0x0, 0x0, 0x2d, 0xde, 0xff, 0xf5, 0x0, 0x0,
    0x0, 0x0, 0x0, 0x0, 0x8, 0xff, 0x50, 0x0,
    0x0, 0x0, 0x0, 0x0, 0x0, 0x6, 0xf5, 0x0,
    0x0, 0x0, 0x0, 0x0, 0x0, 0x0, 0x0, 0x0,
    0x0,

    /* U+F077 "" */
    0x0, 0x0, 0x0, 0x4, 0x20, 0x0, 0x0, 0x0,
    0x0, 0x0, 0x0, 0x5f, 0xe2, 0x0, 0x0, 0x0,
    0x0, 0x0, 0x5, 0xff, 0xfe, 0x20, 0x0, 0x0,
    0x0, 0x0, 0x5f, 0xff, 0xff, 0xe3, 0x0, 0x0,
    0x0, 0x6, 0xff, 0xfa, 0xcf, 0xfe, 0x30, 0x0,
    0x0, 0x6f, 0xff, 0x90, 0xc, 0xff, 0xe3, 0x0,
    0x6, 0xff, 0xf9, 0x0, 0x0, 0xcf, 0xfe, 0x30,
    0x5f, 0xff, 0x90, 0x0, 0x0, 0xc, 0xff, 0xe2,
    0xaf, 0xf9, 0x0, 0x0, 0x0, 0x0, 0xcf, 0xf6,
    0x1b, 0x80, 0x0, 0x0, 0x0, 0x0, 0xb, 0x90,

    /* U+F078 "" */
    0x3, 0x20, 0x0, 0x0, 0x0, 0x0, 0x3, 0x20,
    0x6f, 0xe2, 0x0, 0x0, 0x0, 0x0, 0x5f, 0xf2,
    0xaf, 0xfe, 0x30, 0x0, 0x0, 0x5, 0xff, 0xf6,
    0x1c, 0xff, 0xe3, 0x0, 0x0, 0x5f, 0xff, 0x90,
    0x1, 0xcf, 0xfe, 0x30, 0x5, 0xff, 0xf9, 0x0,
    0x0, 0x1c, 0xff, 0xe3, 0x5f, 0xff, 0x90, 0x0,
    0x0, 0x1, 0xcf, 0xff, 0xff, 0xf9, 0x0, 0x0,
    0x0, 0x0, 0x1c, 0xff, 0xff, 0x90, 0x0, 0x0,
    0x0, 0x0, 0x1, 0xcf, 0xf9, 0x0, 0x0, 0x0,
    0x0, 0x0, 0x0, 0x1b, 0x90, 0x0, 0x0, 0x0,

    /* U+F079 "" */
    0x0, 0x0, 0x26, 0x0, 0x0, 0x0, 0x0, 0x0,
    0x0, 0x0, 0x0, 0x0, 0x0, 0x2, 0xef, 0xa0,
    0x0, 0x44, 0x44, 0x44, 0x44, 0x42, 0x0, 0x0,
    0x0, 0x2e, 0xff, 0xfa, 0x4, 0xff, 0xff, 0xff,
    0xff, 0xfd, 0x0, 0x0, 0x3, 0xef, 0xff, 0xff,
    0xa0, 0xaf, 0xff, 0xff, 0xff, 0xfe, 0x0, 0x0,
    0xe, 0xfd, 0xef, 0xcf, 0xf8, 0x0, 0x0, 0x0,
    0x5, 0xfe, 0x0, 0x0, 0xb, 0xe2, 0xdf, 0x67,
    0xf5, 0x0, 0x0, 0x0, 0x5, 0xfe, 0x0, 0x0,
    0x0, 0x0, 0xdf, 0x60, 0x0, 0x0, 0x0, 0x0,
    0x5, 0xfe, 0x0, 0x0, 0x0, 0x0, 0xdf, 0x60,
    0x0, 0x0, 0x0, 0x0, 0x5, 0xfe, 0x0, 0x0,
    0x0, 0x0, 0xdf, 0x60, 0x0, 0x0, 0x0, 0x4,
    0x15, 0xfe, 0x3, 0x20, 0x0, 0x0, 0xdf, 0x60,
    0x0, 0x0, 0x0, 0x6f, 0xd6, 0xfe, 0x4f, 0xf1,
    0x0, 0x0, 0xdf, 0x94, 0x44, 0x44, 0x41, 0x3f,
    0xff, 0xff, 0xff, 0xc0, 0x0, 0x0, 0xdf, 0xff,
    0xff, 0xff, 0xff, 0x24, 0xff, 0xff, 0xfc, 0x10,
    0x0, 0x0, 0x9f, 0xff, 0xff, 0xff, 0xfe, 0x30,
    0x4f, 0xff, 0xc0, 0x0, 0x0, 0x0, 0x0, 0x0,
    0x0, 0x0, 0x0, 0x0, 0x4, 0xfc, 0x0, 0x0,
    0x0, 0x0, 0x0, 0x0, 0x0, 0x0, 0x0, 0x0,
    0x0, 0x10, 0x0, 0x0,

    /* U+F07B "" */
    0x17, 0x88, 0x88, 0x84, 0x0, 0x0, 0x0, 0x0,
    0x0, 0xcf, 0xff, 0xff, 0xff, 0x50, 0x0, 0x0,
    0x0, 0x0, 0xff, 0xff, 0xff, 0xff, 0xf6, 0x44,
    0x44, 0x44, 0x30, 0xff, 0xff, 0xff, 0xff, 0xff,
    0xff, 0xff, 0xff, 0xfa, 0xff, 0xff, 0xff, 0xff,
    0xff, 0xff, 0xff, 0xff, 0xff, 0xff, 0xff, 0xff,
    0xff, 0xff, 0xff, 0xff, 0xff, 0xff, 0xff, 0xff,
    0xff, 0xff, 0xff, 0xff, 0xff, 0xff, 0xff, 0xff,
    0xff, 0xff, 0xff, 0xff, 0xff, 0xff, 0xff, 0xff,
    0xff, 0xff, 0xff, 0xff, 0xff, 0xff, 0xff, 0xff,
    0xff, 0xff, 0xff, 0xff, 0xff, 0xff, 0xff, 0xff,
    0xff, 0xff, 0xff, 0xff, 0xff, 0xff, 0xff, 0xff,
    0xff, 0xff, 0xff, 0xff, 0xff, 0xff, 0xff, 0xff,
    0xff, 0xff, 0xff, 0xff, 0xff, 0xff, 0xff, 0xff,
    0xff, 0xff, 0xff, 0xff, 0xff, 0x7f, 0xff, 0xff,
    0xff, 0xff, 0xff, 0xff, 0xff, 0xf6,

    /* U+F093 "" */
    0x0, 0x0, 0x0, 0x0, 0x47, 0x0, 0x0, 0x0,
    0x0, 0x0, 0x0, 0x0, 0x4, 0xff, 0x90, 0x0,
    0x0, 0x0, 0x0, 0x0, 0x0, 0x4f, 0xff, 0xf9,
    0x0, 0x0, 0x0, 0x0, 0x0, 0x4, 0xff, 0xff,
    0xff, 0x90, 0x0, 0x0, 0x0, 0x0, 0x4f, 0xff,
    0xff, 0xff, 0xf9, 0x0, 0x0, 0x0, 0x4, 0xff,
    0xff, 0xff, 0xff, 0xff, 0x90, 0x0, 0x0, 0xc,
    0xff, 0xff, 0xff, 0xff, 0xff, 0xf1, 0x0, 0x0,
    0x0, 0x11, 0x2f, 0xff, 0xf7, 0x11, 0x10, 0x0,
    0x0, 0x0, 0x0, 0x1f, 0xff, 0xf6, 0x0, 0x0,
    0x0, 0x0, 0x0, 0x0, 0x1f, 0xff, 0xf6, 0x0,
    0x0, 0x0, 0x0, 0x0, 0x0, 0x1f, 0xff, 0xf6,
    0x0, 0x0, 0x0, 0x0, 0x0, 0x0, 0x1f, 0xff,
    0xf6, 0x0, 0x0, 0x0, 0x24, 0x44, 0x42, 0x1f,
    0xff, 0xf6, 0x24, 0x44, 0x42, 0xff, 0xff, 0xfc,
    0x8, 0xbb, 0xa2, 0xcf, 0xff, 0xff, 0xff, 0xff,
    0xff, 0xa5, 0x55, 0x5a, 0xff, 0xff, 0xff, 0xff,
    0xff, 0xff, 0xff, 0xff, 0xff, 0xff, 0xff, 0xff,
    0xff, 0xff, 0xff, 0xff, 0xff, 0xff, 0x66, 0xc4,
    0xff, 0xdf, 0xff, 0xff, 0xff, 0xff, 0xff, 0xff,
    0xff, 0xfd, 0x0, 0x0, 0x0, 0x0, 0x0, 0x0,
    0x0, 0x0, 0x0,

    /* U+F095 "" */
    0x0, 0x0, 0x0, 0x0, 0x0, 0x0, 0x2, 0xb8,
    0x41, 0x0, 0x0, 0x0, 0x0, 0x0, 0x0, 0x0,
    0x9f, 0xff, 0xfb, 0x0, 0x0, 0x0, 0x0, 0x0,
    0x0, 0x1f, 0xff, 0xff, 0xf0, 0x0, 0x0, 0x0,
    0x0, 0x0, 0x7, 0xff, 0xff, 0xfe, 0x0, 0x0,
    0x0, 0x0, 0x0, 0x0, 0xdf, 0xff, 0xff, 0xc0,
    0x0, 0x0, 0x0, 0x0, 0x0, 0xc, 0xff, 0xff,
    0xf9, 0x0, 0x0, 0x0, 0x0, 0x0, 0x0, 0xa,
    0xff, 0xff, 0x50, 0x0, 0x0, 0x0, 0x0, 0x0,
    0x0, 0xc, 0xff, 0xf1, 0x0, 0x0, 0x0, 0x0,
    0x0, 0x0, 0x3, 0xff, 0xfa, 0x0, 0x0, 0x0,
    0x0, 0x0, 0x0, 0x0, 0xdf, 0xff, 0x20, 0x0,
    0x0, 0x0, 0x0, 0x0, 0x0, 0xaf, 0xff, 0x90,
    0x0, 0x0, 0x4, 0xa5, 0x0, 0x0, 0xaf, 0xff,
    0xd0, 0x0, 0x0, 0x7d, 0xff, 0xf4, 0x2, 0xcf,
    0xff, 0xe2, 0x0, 0x0, 0xdf, 0xff, 0xff, 0xe9,
    0xff, 0xff, 0xf3, 0x0, 0x0, 0xd, 0xff, 0xff,
    0xff, 0xff, 0xff, 0xe2, 0x0, 0x0, 0x0, 0x9f,
    0xff, 0xff, 0xff, 0xff, 0xa1, 0x0, 0x0, 0x0,
    0x6, 0xff, 0xff, 0xff, 0xfc, 0x40, 0x0, 0x0,
    0x0, 0x0, 0x2f, 0xff, 0xfd, 0x83, 0x0, 0x0,
    0x0, 0x0, 0x0, 0x0, 0x23, 0x20, 0x0, 0x0,
    0x0, 0x0, 0x0, 0x0, 0x0,

    /* U+F0C4 "" */
    0x0, 0x35, 0x20, 0x0, 0x0, 0x0, 0x0, 0x0,
    0x1c, 0xff, 0xfa, 0x0, 0x0, 0x1, 0x9c, 0xa1,
    0xaf, 0xfe, 0xff, 0x60, 0x0, 0x2e, 0xff, 0xf9,
    0xef, 0x60, 0xaf, 0xb0, 0x3, 0xef, 0xff, 0xb0,
    0xef, 0x92, 0xcf, 0x90, 0x3e, 0xff, 0xfa, 0x0,
    0x7f, 0xff, 0xff, 0xe6, 0xff, 0xff, 0xa0, 0x0,
    0x8, 0xff, 0xff, 0xff, 0xff, 0xfa, 0x0, 0x0,
    0x0, 0x1, 0xcf, 0xff, 0xff, 0xa0, 0x0, 0x0,
    0x0, 0x0, 0x3f, 0xff, 0xff, 0x10, 0x0, 0x0,
    0x0, 0x36, 0xef, 0xff, 0xff, 0xd1, 0x0, 0x0,
    0x1c, 0xff, 0xff, 0xff, 0xff, 0xfd, 0x10, 0x0,
    0xaf, 0xfe, 0xff, 0xc2, 0xdf, 0xff, 0xd1, 0x0,
    0xef, 0x60, 0xaf, 0xa0, 0x1c, 0xff, 0xfe, 0x20,
    0xef, 0x92, 0xcf, 0xa0, 0x0, 0xcf, 0xff, 0xe2,
    0x7f, 0xff, 0xff, 0x40, 0x0, 0xb, 0xff, 0xf9,
    0x8, 0xff, 0xe5, 0x0, 0x0, 0x0, 0x58, 0x50,
    0x0, 0x1, 0x0, 0x0, 0x0, 0x0, 0x0, 0x0,

    /* U+F0C5 "" */
    0x0, 0x0, 0x6f, 0xff, 0xff, 0xf1, 0x68, 0x0,
    0x0, 0x0, 0xaf, 0xff, 0xff, 0xf1, 0x7f, 0x80,
    0x0, 0x0, 0xaf, 0xff, 0xff, 0xf1, 0x7f, 0xf8,
    0x36, 0x62, 0xaf, 0xff, 0xff, 0xf1, 0x36, 0x66,
    0xff, 0xf6, 0xaf, 0xff, 0xff, 0xf6, 0x22, 0x22,
    0xff, 0xf6, 0xaf, 0xff, 0xff, 0xff, 0xff, 0xfe,
    0xff, 0xf6, 0xaf, 0xff, 0xff, 0xff, 0xff, 0xfe,
    0xff, 0xf6, 0xaf, 0xff, 0xff, 0xff, 0xff, 0xfe,
    0xff, 0xf6, 0xaf, 0xff, 0xff, 0xff, 0xff, 0xfe,
    0xff, 0xf6, 0xaf, 0xff, 0xff, 0xff, 0xff, 0xfe,
    0xff, 0xf6, 0xaf, 0xff, 0xff, 0xff, 0xff, 0xfe,
    0xff, 0xf6, 0xaf, 0xff, 0xff, 0xff, 0xff, 0xfe,
    0xff, 0xf6, 0xaf, 0xff, 0xff, 0xff, 0xff, 0xfe,
    0xff, 0xf6, 0xaf, 0xff, 0xff, 0xff, 0xff, 0xfe,
    0xff, 0xf7, 0x6f, 0xff, 0xff, 0xff, 0xff, 0xfa,
    0xff, 0xfe, 0x30, 0x0, 0x0, 0x0, 0x0, 0x0,
    0xff, 0xff, 0xff, 0xff, 0xff, 0xf1, 0x0, 0x0,
    0xef, 0xff, 0xff, 0xff, 0xff, 0xf0, 0x0, 0x0,
    0x14, 0x44, 0x44, 0x44, 0x44, 0x20, 0x0, 0x0,

    /* U+F0C7 "" */
    0x5, 0x66, 0x66, 0x66, 0x66, 0x64, 0x0, 0x0,
    0xcf, 0xff, 0xff, 0xff, 0xff, 0xff, 0x90, 0x0,
    0xff, 0xed, 0xdd, 0xdd, 0xdd, 0xef, 0xf9, 0x0,
    0xff, 0x40, 0x0, 0x0, 0x0, 0xf, 0xff, 0x90,
    0xff, 0x40, 0x0, 0x0, 0x0, 0xe, 0xff, 0xf6,
    0xff, 0x40, 0x0, 0x0, 0x0, 0xe, 0xff, 0xf9,
    0xff, 0x40, 0x0, 0x0, 0x0, 0xf, 0xff, 0xf9,
    0xff, 0xff, 0xff, 0xff, 0xff, 0xff, 0xff, 0xf9,
    0xff, 0xff, 0xff, 0xff, 0xff, 0xff, 0xff, 0xf9,
    0xff, 0xff, 0xff, 0xc5, 0x7f, 0xff, 0xff, 0xf9,
    0xff, 0xff, 0xfe, 0x0, 0x5, 0xff, 0xff, 0xf9,
    0xff, 0xff, 0xfa, 0x0, 0x1, 0xff, 0xff, 0xf9,
    0xff, 0xff, 0xfd, 0x0, 0x4, 0xff, 0xff, 0xf9,
    0xff, 0xff, 0xff, 0x93, 0x4d, 0xff, 0xff, 0xf9,
    0xff, 0xff, 0xff, 0xff, 0xff, 0xff, 0xff, 0xf8,
    0x8f, 0xff, 0xff, 0xff, 0xff, 0xff, 0xff, 0xe3,
    0x1, 0x22, 0x22, 0x22, 0x22, 0x22, 0x21, 0x0,

    /* U+F0C9 "" */
    0x79, 0x99, 0x99, 0x99, 0x99, 0x99, 0x99, 0x95,
    0xff, 0xff, 0xff, 0xff, 0xff, 0xff, 0xff, 0xfc,
    0xdf, 0xff, 0xff, 0xff, 0xff, 0xff, 0xff, 0xfa,
    0x0, 0x0, 0x0, 0x0, 0x0, 0x0, 0x0, 0x0,
    0x0, 0x0, 0x0, 0x0, 0x0, 0x0, 0x0, 0x0,
    0x0, 0x0, 0x0, 0x0, 0x0, 0x0, 0x0, 0x0,
    0xef, 0xff, 0xff, 0xff, 0xff, 0xff, 0xff, 0xfa,
    0xff, 0xff, 0xff, 0xff, 0xff, 0xff, 0xff, 0xfb,
    0x68, 0x88, 0x88, 0x88, 0x88, 0x88, 0x88, 0x84,
    0x0, 0x0, 0x0, 0x0, 0x0, 0x0, 0x0, 0x0,
    0x0, 0x0, 0x0, 0x0, 0x0, 0x0, 0x0, 0x0,
    0x67, 0x77, 0x77, 0x77, 0x77, 0x77, 0x77, 0x74,
    0xff, 0xff, 0xff, 0xff, 0xff, 0xff, 0xff, 0xfb,
    0xef, 0xff, 0xff, 0xff, 0xff, 0xff, 0xff, 0xfa,
    0x0, 0x0, 0x0, 0x0, 0x0, 0x0, 0x0, 0x0,

    /* U+F0E0 "" */
    0x3, 0x44, 0x44, 0x44, 0x44, 0x44, 0x44, 0x44,
    0x30, 0xaf, 0xff, 0xff, 0xff, 0xff, 0xff, 0xff,
    0xff, 0xfa, 0xff, 0xff, 0xff, 0xff, 0xff, 0xff,
    0xff, 0xff, 0xff, 0xcf, 0xff, 0xff, 0xff, 0xff,
    0xff, 0xff, 0xff, 0xfc, 0xa, 0xff, 0xff, 0xff,
    0xff, 0xff, 0xff, 0xff, 0xa0, 0xa1, 0x6f, 0xff,
    0xff, 0xff, 0xff, 0xff, 0xf6, 0x3d, 0xfe, 0x42,
    0xdf, 0xff, 0xff, 0xff, 0xfd, 0x26, 0xff, 0xff,
    0xf9, 0x19, 0xff, 0xff, 0xff, 0x91, 0xbf, 0xff,
    0xff, 0xff, 0xd3, 0x5f, 0xff, 0xe5, 0x4e, 0xff,
    0xff, 0xff, 0xff, 0xff, 0x71, 0x99, 0x17, 0xff,
    0xff, 0xff, 0xff, 0xff, 0xff, 0xfd, 0x77, 0xdf,
    0xff, 0xff, 0xff, 0xff, 0xff, 0xff, 0xff, 0xff,
    0xff, 0xff, 0xff, 0xff, 0xff, 0xff, 0xff, 0xff,
    0xff, 0xff, 0xff, 0xff, 0xff, 0x7f, 0xff, 0xff,
    0xff, 0xff, 0xff, 0xff, 0xff, 0xf6,

    /* U+F0E7 "" */
    0x0, 0xaf, 0xff, 0xff, 0xa0, 0x0, 0x0, 0xf,
    0xff, 0xff, 0xfb, 0x0, 0x0, 0x1, 0xff, 0xff,
    0xff, 0x60, 0x0, 0x0, 0x3f, 0xff, 0xff, 0xf1,
    0x0, 0x0, 0x5, 0xff, 0xff, 0xfb, 0x0, 0x0,
    0x0, 0x8f, 0xff, 0xff, 0xa5, 0x55, 0x40, 0xa,
    0xff, 0xff, 0xff, 0xff, 0xff, 0x30, 0xcf, 0xff,
    0xff, 0xff, 0xff, 0xc0, 0xe, 0xff, 0xff, 0xff,
    0xff, 0xf3, 0x0, 0xef, 0xff, 0xff, 0xff, 0xfa,
    0x0, 0x1, 0x22, 0x23, 0xff, 0xff, 0x10, 0x0,
    0x0, 0x0, 0x4f, 0xff, 0x70, 0x0, 0x0, 0x0,
    0x8, 0xff, 0xe0, 0x0, 0x0, 0x0, 0x0, 0xcf,
    0xf5, 0x0, 0x0, 0x0, 0x0, 0xf, 0xfc, 0x0,
    0x0, 0x0, 0x0, 0x3, 0xff, 0x30, 0x0, 0x0,
    0x0, 0x0, 0x7f, 0x90, 0x0, 0x0, 0x0, 0x0,
    0x7, 0xe1, 0x0, 0x0, 0x0, 0x0, 0x0, 0x0,
    0x0, 0x0, 0x0, 0x0,

    /* U+F0EA "" */
    0x0, 0x0, 0x8d, 0x90, 0x0, 0x0, 0x0, 0x0,
    0x8b, 0xbc, 0xfa, 0xfd, 0xbb, 0x90, 0x0, 0x0,
    0xff, 0xff, 0xd0, 0xcf, 0xff, 0xf1, 0x0, 0x0,
    0xff, 0xff, 0xf8, 0xff, 0xff, 0xf1, 0x0, 0x0,
    0xff, 0xff, 0xff, 0xff, 0xff, 0xf1, 0x0, 0x0,
    0xff, 0xff, 0xf3, 0x0, 0x0, 0x0, 0x0, 0x0,
    0xff, 0xff, 0x95, 0xff, 0xff, 0xf1, 0x79, 0x0,
    0xff, 0xff, 0x88, 0xff, 0xff, 0xf1, 0x7f, 0xb0,
    0xff, 0xff, 0x88, 0xff, 0xff, 0xf1, 0x7f, 0xfa,
    0xff, 0xff, 0x88, 0xff, 0xff, 0xf2, 0x2, 0x21,
    0xff, 0xff, 0x88, 0xff, 0xff, 0xff, 0xdd, 0xdc,
    0xff, 0xff, 0x88, 0xff, 0xff, 0xff, 0xff, 0xfe,
    0xff, 0xff, 0x88, 0xff, 0xff, 0xff, 0xff, 0xfe,
    0xff, 0xff, 0x88, 0xff, 0xff, 0xff, 0xff, 0xfe,
    0x7a, 0xaa, 0x58, 0xff, 0xff, 0xff, 0xff, 0xfe,
    0x0, 0x0, 0x8, 0xff, 0xff, 0xff, 0xff, 0xfe,
    0x0, 0x0, 0x8, 0xff, 0xff, 0xff, 0xff, 0xfe,
    0x0, 0x0, 0x6, 0xff, 0xff, 0xff, 0xff, 0xfc,
    0x0, 0x0, 0x0, 0x0, 0x0, 0x0, 0x0, 0x0,

    /* U+F0F3 "" */
    0x0, 0x0, 0x0, 0x8, 0x60, 0x0, 0x0, 0x0,
    0x0, 0x0, 0x0, 0x3f, 0xf0, 0x0, 0x0, 0x0,
    0x0, 0x0, 0x6, 0xcf, 0xfa, 0x40, 0x0, 0x0,
    0x0, 0x1, 0xcf, 0xff, 0xff, 0xf9, 0x0, 0x0,
    0x0, 0xc, 0xff, 0xff, 0xff, 0xff, 0x80, 0x0,
    0x0, 0x5f, 0xff, 0xff, 0xff, 0xff, 0xf1, 0x0,
    0x0, 0x9f, 0xff, 0xff, 0xff, 0xff, 0xf5, 0x0,
    0x0, 0xbf, 0xff, 0xff, 0xff, 0xff, 0xf7, 0x0,
    0x0, 0xcf, 0xff, 0xff, 0xff, 0xff, 0xf8, 0x0,
    0x0, 0xef, 0xff, 0xff, 0xff, 0xff, 0xfa, 0x0,
    0x2, 0xff, 0xff, 0xff, 0xff, 0xff, 0xfe, 0x0,
    0x8, 0xff, 0xff, 0xff, 0xff, 0xff, 0xff, 0x40,
    0x3f, 0xff, 0xff, 0xff, 0xff, 0xff, 0xff, 0xd1,
    0xef, 0xff, 0xff, 0xff, 0xff, 0xff, 0xff, 0xfa,
    0xaf, 0xff, 0xff, 0xff, 0xff, 0xff, 0xff, 0xf7,
    0x0, 0x0, 0x0, 0x0, 0x0, 0x0, 0x0, 0x0,
    0x0, 0x0, 0x4, 0xff, 0xff, 0x0, 0x0, 0x0,
    0x0, 0x0, 0x0, 0xbf, 0xf7, 0x0, 0x0, 0x0,
    0x0, 0x0, 0x0, 0x2, 0x10, 0x0, 0x0, 0x0,

    /* U+F11C "" */
    0x4, 0x44, 0x44, 0x44, 0x44, 0x44, 0x44, 0x44,
    0x44, 0x41, 0xb, 0xff, 0xff, 0xff, 0xff, 0xff,
    0xff, 0xff, 0xff, 0xff, 0xe0, 0xff, 0xff, 0xff,
    0xff, 0xff, 0xff, 0xff, 0xff, 0xff, 0xff, 0x3f,
    0xf4, 0x4, 0xd0, 0x2f, 0x0, 0xf3, 0x3, 0xf0,
    0xf, 0xf4, 0xff, 0x40, 0x5d, 0x2, 0xf0, 0xf,
    0x40, 0x4f, 0x0, 0xff, 0x4f, 0xff, 0xff, 0xff,
    0xff, 0xff, 0xff, 0xff, 0xff, 0xff, 0xf4, 0xff,
    0xff, 0x22, 0xb7, 0x29, 0xa2, 0x4f, 0x42, 0xcf,
    0xff, 0x4f, 0xff, 0xf0, 0xa, 0x60, 0x79, 0x2,
    0xf2, 0xb, 0xff, 0xf4, 0xff, 0xff, 0xdd, 0xfe,
    0xdf, 0xfd, 0xef, 0xed, 0xff, 0xff, 0x4f, 0xf8,
    0x48, 0xe4, 0x44, 0x44, 0x44, 0x47, 0xf4, 0x5f,
    0xf4, 0xff, 0x40, 0x4d, 0x0, 0x0, 0x0, 0x0,
    0x3e, 0x0, 0xff, 0x4f, 0xf7, 0x48, 0xe4, 0x44,
    0x44, 0x44, 0x47, 0xf4, 0x4f, 0xf4, 0xff, 0xff,
    0xff, 0xff, 0xff, 0xff, 0xff, 0xff, 0xff, 0xff,
    0x37, 0xff, 0xff, 0xff, 0xff, 0xff, 0xff, 0xff,
    0xff, 0xff, 0xa0,

    /* U+F124 "" */
    0x0, 0x0, 0x0, 0x0, 0x0, 0x0, 0x0, 0x0,
    0x0, 0x0, 0x0, 0x0, 0x0, 0x0, 0x0, 0x0,
    0x0, 0x1, 0x8b, 0x30, 0x0, 0x0, 0x0, 0x0,
    0x0, 0x0, 0x2, 0xaf, 0xff, 0xd0, 0x0, 0x0,
    0x0, 0x0, 0x0, 0x3, 0xbf, 0xff, 0xff, 0xd0,
    0x0, 0x0, 0x0, 0x0, 0x5, 0xcf, 0xff, 0xff,
    0xff, 0x70, 0x0, 0x0, 0x0, 0x6, 0xdf, 0xff,
    0xff, 0xff, 0xfe, 0x0, 0x0, 0x0, 0x17, 0xef,
    0xff, 0xff, 0xff, 0xff, 0xf8, 0x0, 0x0, 0x29,
    0xff, 0xff, 0xff, 0xff, 0xff, 0xff, 0xf1, 0x0,
    0x7, 0xff, 0xff, 0xff, 0xff, 0xff, 0xff, 0xff,
    0x90, 0x0, 0xf, 0xff, 0xff, 0xff, 0xff, 0xff,
    0xff, 0xff, 0x20, 0x0, 0xb, 0xff, 0xff, 0xff,
    0xff, 0xff, 0xff, 0xfb, 0x0, 0x0, 0x0, 0x56,
    0x66, 0x66, 0x7f, 0xff, 0xff, 0xf3, 0x0, 0x0,
    0x0, 0x0, 0x0, 0x0, 0x2f, 0xff, 0xff, 0xc0,
    0x0, 0x0, 0x0, 0x0, 0x0, 0x0, 0x2f, 0xff,
    0xff, 0x50, 0x0, 0x0, 0x0, 0x0, 0x0, 0x0,
    0x2f, 0xff, 0xfd, 0x0, 0x0, 0x0, 0x0, 0x0,
    0x0, 0x0, 0x2f, 0xff, 0xf6, 0x0, 0x0, 0x0,
    0x0, 0x0, 0x0, 0x0, 0x2f, 0xff, 0xe0, 0x0,
    0x0, 0x0, 0x0, 0x0, 0x0, 0x0, 0x1f, 0xff,
    0x70, 0x0, 0x0, 0x0, 0x0, 0x0, 0x0, 0x0,
    0xc, 0xfd, 0x0, 0x0, 0x0, 0x0, 0x0, 0x0,
    0x0, 0x0, 0x0, 0x30, 0x0, 0x0, 0x0, 0x0,

    /* U+F15B "" */
    0x58, 0x88, 0x88, 0x87, 0x6, 0x0, 0x0, 0xff,
    0xff, 0xff, 0xfe, 0xf, 0x90, 0x0, 0xff, 0xff,
    0xff, 0xfe, 0xf, 0xf9, 0x0, 0xff, 0xff, 0xff,
    0xfe, 0xf, 0xff, 0x90, 0xff, 0xff, 0xff, 0xfe,
    0xf, 0xff, 0xf5, 0xff, 0xff, 0xff, 0xff, 0x32,
    0x22, 0x21, 0xff, 0xff, 0xff, 0xff, 0xff, 0xff,
    0xf8, 0xff, 0xff, 0xff, 0xff, 0xff, 0xff, 0xf8,
    0xff, 0xff, 0xff, 0xff, 0xff, 0xff, 0xf8, 0xff,
    0xff, 0xff, 0xff, 0xff, 0xff, 0xf8, 0xff, 0xff,
    0xff, 0xff, 0xff, 0xff, 0xf8, 0xff, 0xff, 0xff,
    0xff, 0xff, 0xff, 0xf8, 0xff, 0xff, 0xff, 0xff,
    0xff, 0xff, 0xf8, 0xff, 0xff, 0xff, 0xff, 0xff,
    0xff, 0xf8, 0xff, 0xff, 0xff, 0xff, 0xff, 0xff,
    0xf8, 0xff, 0xff, 0xff, 0xff, 0xff, 0xff, 0xf8,
    0xff, 0xff, 0xff, 0xff, 0xff, 0xff, 0xf8, 0xef,
    0xff, 0xff, 0xff, 0xff, 0xff, 0xf6, 0x14, 0x44,
    0x44, 0x44, 0x44, 0x44, 0x30,

    /* U+F1EB "" */
    0x0, 0x0, 0x0, 0x0, 0x0, 0x0, 0x0, 0x0,
    0x0, 0x0, 0x0, 0x0, 0x0, 0x0, 0x0, 0x36,
    0x89, 0xa9, 0x74, 0x10, 0x0, 0x0, 0x0, 0x0,
    0x0, 0x29, 0xef, 0xff, 0xff, 0xff, 0xff, 0xc6,
    0x0, 0x0, 0x0, 0x1, 0xaf, 0xff, 0xff, 0xff,
    0xff, 0xff, 0xff, 0xfe, 0x60, 0x0, 0x6, 0xff,
    0xff, 0xfc, 0x75, 0x43, 0x46, 0x9e, 0xff, 0xff,
    0xb1, 0x8, 0xff, 0xfe, 0x71, 0x0, 0x0, 0x0,
    0x0, 0x3, 0xcf, 0xff, 0xe2, 0xcf, 0xfa, 0x10,
    0x0, 0x0, 0x0, 0x0, 0x0, 0x0, 0x4e, 0xff,
    0x40, 0xb6, 0x0, 0x0, 0x59, 0xde, 0xfe, 0xc7,
    0x20, 0x0, 0x1b, 0x50, 0x0, 0x0, 0x5, 0xdf,
    0xff, 0xff, 0xff, 0xff, 0xa1, 0x0, 0x0, 0x0,
    0x0, 0x9, 0xff, 0xff, 0xfe, 0xde, 0xff, 0xff,
    0xe3, 0x0, 0x0, 0x0, 0x0, 0xdf, 0xfc, 0x40,
    0x0, 0x2, 0x8f, 0xff, 0x50, 0x0, 0x0, 0x0,
    0x1, 0xb6, 0x0, 0x0, 0x0, 0x0, 0x1b, 0x60,
    0x0, 0x0, 0x0, 0x0, 0x0, 0x0, 0x0, 0x35,
    0x0, 0x0, 0x0, 0x0, 0x0, 0x0, 0x0, 0x0,
    0x0, 0x0, 0x7f, 0xfe, 0x10, 0x0, 0x0, 0x0,
    0x0, 0x0, 0x0, 0x0, 0x0, 0xe, 0xff, 0xf6,
    0x0, 0x0, 0x0, 0x0, 0x0, 0x0, 0x0, 0x0,
    0x0, 0xdf, 0xff, 0x50, 0x0, 0x0, 0x0, 0x0,
    0x0, 0x0, 0x0, 0x0, 0x4, 0xff, 0xb0, 0x0,
    0x0, 0x0, 0x0, 0x0, 0x0, 0x0, 0x0, 0x0,
    0x0, 0x10, 0x0, 0x0, 0x0, 0x0, 0x0,

    /* U+F240 "" */
    0x4, 0x44, 0x44, 0x44, 0x44, 0x44, 0x44, 0x44,
    0x44, 0x44, 0x10, 0xa, 0xff, 0xff, 0xff, 0xff,
    0xff, 0xff, 0xff, 0xff, 0xff, 0xfe, 0x10, 0xff,
    0xff, 0xff, 0xff, 0xff, 0xff, 0xff, 0xff, 0xff,
    0xff, 0xf5, 0xf, 0xf4, 0x0, 0x0, 0x0, 0x0,
    0x0, 0x0, 0x0, 0x0, 0xff, 0xf3, 0xff, 0x4a,
    0xff, 0xff, 0xff, 0xff, 0xff, 0xff, 0xff, 0xf,
    0xff, 0x5f, 0xf4, 0xaf, 0xff, 0xff, 0xff, 0xff,
    0xff, 0xff, 0xf0, 0x3f, 0xf5, 0xff, 0x4a, 0xff,
    0xff, 0xff, 0xff, 0xff, 0xff, 0xff, 0x0, 0xef,
    0x5f, 0xf4, 0xaf, 0xff, 0xff, 0xff, 0xff, 0xff,
    0xff, 0xf0, 0x8f, 0xf5, 0xff, 0x45, 0x88, 0x88,
    0x88, 0x88, 0x88, 0x88, 0x88, 0xf, 0xff, 0x5f,
    0xf7, 0x44, 0x44, 0x44, 0x44, 0x44, 0x44, 0x44,
    0x45, 0xff, 0xc1, 0xff, 0xff, 0xff, 0xff, 0xff,
    0xff, 0xff, 0xff, 0xff, 0xff, 0xf5, 0x6, 0xef,
    0xff, 0xff, 0xff, 0xff, 0xff, 0xff, 0xff, 0xff,
    0xfb, 0x0,

    /* U+F241 "" */
    0x4, 0x44, 0x44, 0x44, 0x44, 0x44, 0x44, 0x44,
    0x44, 0x44, 0x10, 0xa, 0xff, 0xff, 0xff, 0xff,
    0xff, 0xff, 0xff, 0xff, 0xff, 0xfe, 0x10, 0xff,
    0xff, 0xff, 0xff, 0xff, 0xff, 0xff, 0xff, 0xff,
    0xff, 0xf5, 0xf, 0xf4, 0x0, 0x0, 0x0, 0x0,
    0x0, 0x0, 0x0, 0x0, 0xff, 0xf3, 0xff, 0x4d,
    0xff, 0xff, 0xff, 0xff, 0xff, 0x60, 0x0, 0xf,
    0xff, 0x5f, 0xf4, 0xdf, 0xff, 0xff, 0xff, 0xff,
    0xf6, 0x0, 0x0, 0x3f, 0xf5, 0xff, 0x4d, 0xff,
    0xff, 0xff, 0xff, 0xff, 0x60, 0x0, 0x0, 0xef,
    0x5f, 0xf4, 0xdf, 0xff, 0xff, 0xff, 0xff, 0xf6,
    0x0, 0x0, 0x8f, 0xf5, 0xff, 0x46, 0x88, 0x88,
    0x88, 0x88, 0x88, 0x30, 0x0, 0xf, 0xff, 0x5f,
    0xf7, 0x44, 0x44, 0x44, 0x44, 0x44, 0x44, 0x44,
    0x45, 0xff, 0xc1, 0xff, 0xff, 0xff, 0xff, 0xff,
    0xff, 0xff, 0xff, 0xff, 0xff, 0xf5, 0x6, 0xef,
    0xff, 0xff, 0xff, 0xff, 0xff, 0xff, 0xff, 0xff,
    0xfb, 0x0,

    /* U+F242 "" */
    0x4, 0x44, 0x44, 0x44, 0x44, 0x44, 0x44, 0x44,
    0x44, 0x44, 0x10, 0xa, 0xff, 0xff, 0xff, 0xff,
    0xff, 0xff, 0xff, 0xff, 0xff, 0xfe, 0x10, 0xff,
    0xff, 0xff, 0xff, 0xff, 0xff, 0xff, 0xff, 0xff,
    0xff, 0xf5, 0xf, 0xf4, 0x0, 0x0, 0x0, 0x0,
    0x0, 0x0, 0x0, 0x0, 0xff, 0xf3, 0xff, 0x4c,
    0xff, 0xff, 0xff, 0xf1, 0x0, 0x0, 0x0, 0xf,
    0xff, 0x5f, 0xf4, 0xcf, 0xff, 0xff, 0xff, 0x10,
    0x0, 0x0, 0x0, 0x3f, 0xf5, 0xff, 0x4c, 0xff,
    0xff, 0xff, 0xf1, 0x0, 0x0, 0x0, 0x0, 0xef,
    0x5f, 0xf4, 0xcf, 0xff, 0xff, 0xff, 0x10, 0x0,
    0x0, 0x0, 0x8f, 0xf5, 0xff, 0x46, 0x88, 0x88,
    0x88, 0x80, 0x0, 0x0, 0x0, 0xf, 0xff, 0x5f,
    0xf7, 0x44, 0x44, 0x44, 0x44, 0x44, 0x44, 0x44,
    0x45, 0xff, 0xc1, 0xff, 0xff, 0xff, 0xff, 0xff,
    0xff, 0xff, 0xff, 0xff, 0xff, 0xf5, 0x6, 0xef,
    0xff, 0xff, 0xff, 0xff, 0xff, 0xff, 0xff, 0xff,
    0xfb, 0x0,

    /* U+F243 "" */
    0x4, 0x44, 0x44, 0x44, 0x44, 0x44, 0x44, 0x44,
    0x44, 0x44, 0x10, 0xa, 0xff, 0xff, 0xff, 0xff,
    0xff, 0xff, 0xff, 0xff, 0xff, 0xfe, 0x10, 0xff,
    0xff, 0xff, 0xff, 0xff, 0xff, 0xff, 0xff, 0xff,
    0xff, 0xf5, 0xf, 0xf4, 0x0, 0x0, 0x0, 0x0,
    0x0, 0x0, 0x0, 0x0, 0xff, 0xf3, 0xff, 0x49,
    0xff, 0xfe, 0x0, 0x0, 0x0, 0x0, 0x0, 0xf,
    0xff, 0x5f, 0xf4, 0x9f, 0xff, 0xe0, 0x0, 0x0,
    0x0, 0x0, 0x0, 0x3f, 0xf5, 0xff, 0x49, 0xff,
    0xfe, 0x0, 0x0, 0x0, 0x0, 0x0, 0x0, 0xef,
    0x5f, 0xf4, 0x9f, 0xff, 0xe0, 0x0, 0x0, 0x0,
    0x0, 0x0, 0x8f, 0xf5, 0xff, 0x44, 0x88, 0x87,
    0x0, 0x0, 0x0, 0x0, 0x0, 0xf, 0xff, 0x5f,
    0xf7, 0x44, 0x44, 0x44, 0x44, 0x44, 0x44, 0x44,
    0x45, 0xff, 0xc1, 0xff, 0xff, 0xff, 0xff, 0xff,
    0xff, 0xff, 0xff, 0xff, 0xff, 0xf5, 0x6, 0xef,
    0xff, 0xff, 0xff, 0xff, 0xff, 0xff, 0xff, 0xff,
    0xfb, 0x0,

    /* U+F244 "" */
    0x4, 0x44, 0x44, 0x44, 0x44, 0x44, 0x44, 0x44,
    0x44, 0x44, 0x10, 0xa, 0xff, 0xff, 0xff, 0xff,
    0xff, 0xff, 0xff, 0xff, 0xff, 0xfe, 0x10, 0xff,
    0xff, 0xff, 0xff, 0xff, 0xff, 0xff, 0xff, 0xff,
    0xff, 0xf5, 0xf, 0xf4, 0x0, 0x0, 0x0, 0x0,
    0x0, 0x0, 0x0, 0x0, 0xff, 0xf3, 0xff, 0x40,
    0x0, 0x0, 0x0, 0x0, 0x0, 0x0, 0x0, 0xf,
    0xff, 0x5f, 0xf4, 0x0, 0x0, 0x0, 0x0, 0x0,
    0x0, 0x0, 0x0, 0x3f, 0xf5, 0xff, 0x40, 0x0,
    0x0, 0x0, 0x0, 0x0, 0x0, 0x0, 0x0, 0xef,
    0x5f, 0xf4, 0x0, 0x0, 0x0, 0x0, 0x0, 0x0,
    0x0, 0x0, 0x8f, 0xf5, 0xff, 0x40, 0x0, 0x0,
    0x0, 0x0, 0x0, 0x0, 0x0, 0xf, 0xff, 0x5f,
    0xf7, 0x44, 0x44, 0x44, 0x44, 0x44, 0x44, 0x44,
    0x45, 0xff, 0xc1, 0xff, 0xff, 0xff, 0xff, 0xff,
    0xff, 0xff, 0xff, 0xff, 0xff, 0xf5, 0x6, 0xef,
    0xff, 0xff, 0xff, 0xff, 0xff, 0xff, 0xff, 0xff,
    0xfb, 0x0,

    /* U+F287 "" */
    0x0, 0x0, 0x0, 0x0, 0x0, 0x0, 0x78, 0x10,
    0x0, 0x0, 0x0, 0x0, 0x0, 0x0, 0x0, 0x0,
    0x26, 0x9f, 0xfd, 0x0, 0x0, 0x0, 0x0, 0x0,
    0x0, 0x0, 0x0, 0x4f, 0xef, 0xff, 0xf0, 0x0,
    0x0, 0x0, 0x0, 0x0, 0x0, 0x0, 0xe, 0x80,
    0x2e, 0xf7, 0x0, 0x0, 0x0, 0x0, 0x0, 0x20,
    0x0, 0x6, 0xe0, 0x0, 0x0, 0x0, 0x0, 0x0,
    0x0, 0x3, 0xef, 0xe3, 0x0, 0xd7, 0x0, 0x0,
    0x0, 0x0, 0x2, 0xa1, 0x0, 0xcf, 0xff, 0xd4,
    0x9f, 0x55, 0x55, 0x55, 0x55, 0x55, 0x7f, 0xf7,
    0xf, 0xff, 0xff, 0xff, 0xff, 0xff, 0xff, 0xff,
    0xff, 0xff, 0xff, 0xf5, 0xaf, 0xff, 0xa0, 0x0,
    0xb, 0xb0, 0x0, 0x0, 0x0, 0x3f, 0xb2, 0x0,
    0x9c, 0x90, 0x0, 0x0, 0x3f, 0x30, 0x0, 0x0,
    0x1, 0x50, 0x0, 0x0, 0x0, 0x0, 0x0, 0x0,
    0xbb, 0x2, 0xbb, 0xb5, 0x0, 0x0, 0x0, 0x0,
    0x0, 0x0, 0x0, 0x2, 0xf9, 0x9f, 0xff, 0x80,
    0x0, 0x0, 0x0, 0x0, 0x0, 0x0, 0x0, 0x3,
    0xbd, 0xff, 0xf8, 0x0, 0x0, 0x0, 0x0, 0x0,
    0x0, 0x0, 0x0, 0x0, 0x3f, 0xff, 0x80, 0x0,
    0x0, 0x0, 0x0, 0x0, 0x0, 0x0, 0x0, 0x0,
    0x0, 0x0, 0x0, 0x0, 0x0,

    /* U+F293 "" */
    0x0, 0x1, 0x7b, 0xdd, 0xb8, 0x20, 0x0, 0x0,
    0x5f, 0xff, 0xdf, 0xff, 0xf6, 0x0, 0x4, 0xff,
    0xff, 0x68, 0xff, 0xff, 0x40, 0xe, 0xff, 0xff,
    0x60, 0x8f, 0xff, 0xd0, 0x4f, 0xff, 0xff, 0x60,
    0x9, 0xff, 0xf3, 0x8f, 0xf6, 0xbf, 0x61, 0xc0,
    0x9f, 0xf7, 0xbf, 0xf6, 0xb, 0x60, 0xe2, 0x5f,
    0xf9, 0xdf, 0xff, 0x50, 0x20, 0x33, 0xff, 0xfb,
    0xef, 0xff, 0xf5, 0x0, 0x2e, 0xff, 0xfc, 0xef,
    0xff, 0xfc, 0x0, 0x7f, 0xff, 0xfc, 0xdf, 0xff,
    0xd1, 0x0, 0x9, 0xff, 0xfc, 0xcf, 0xfc, 0x13,
    0x50, 0x90, 0xaf, 0xfb, 0xaf, 0xf2, 0x4f, 0x60,
    0xf3, 0x2f, 0xf9, 0x6f, 0xfd, 0xff, 0x70, 0x52,
    0xef, 0xf6, 0x1f, 0xff, 0xff, 0x70, 0x2e, 0xff,
    0xf1, 0x9, 0xff, 0xff, 0x72, 0xef, 0xff, 0x90,
    0x0, 0xbf, 0xff, 0xae, 0xff, 0xfd, 0x10, 0x0,
    0x5, 0xcf, 0xff, 0xfd, 0x80, 0x0, 0x0, 0x0,
    0x0, 0x11, 0x0, 0x0, 0x0,

    /* U+F2ED "" */
    0x0, 0x0, 0x5, 0x88, 0x88, 0x30, 0x0, 0x0,
    0x56, 0x66, 0x7f, 0xff, 0xff, 0xe6, 0x66, 0x63,
    0xff, 0xff, 0xff, 0xff, 0xff, 0xff, 0xff, 0xfb,
    0xcd, 0xdd, 0xdd, 0xdd, 0xdd, 0xdd, 0xdd, 0xd8,
    0x3, 0x44, 0x44, 0x44, 0x44, 0x44, 0x44, 0x20,
    0xe, 0xff, 0xff, 0xff, 0xff, 0xff, 0xff, 0xa0,
    0xe, 0xff, 0xff, 0xff, 0xff, 0xff, 0xff, 0xa0,
    0xe, 0xff, 0x1f, 0xf6, 0xaf, 0xc4, 0xff, 0xa0,
    0xe, 0xff, 0xf, 0xf5, 0x9f, 0xb3, 0xff, 0xa0,
    0xe, 0xff, 0xf, 0xf5, 0x9f, 0xb3, 0xff, 0xa0,
    0xe, 0xff, 0xf, 0xf5, 0x9f, 0xb3, 0xff, 0xa0,
    0xe, 0xff, 0xf, 0xf5, 0x9f, 0xb3, 0xff, 0xa0,
    0xe, 0xff, 0xf, 0xf5, 0x9f, 0xb3, 0xff, 0xa0,
    0xe, 0xff, 0xf, 0xf5, 0x9f, 0xb3, 0xff, 0xa0,
    0xe, 0xff, 0xf, 0xf5, 0x9f, 0xb3, 0xff, 0xa0,
    0xe, 0xff, 0x1f, 0xf6, 0xaf, 0xc4, 0xff, 0xa0,
    0xd, 0xff, 0xff, 0xff, 0xff, 0xff, 0xff, 0x90,
    0x8, 0xff, 0xff, 0xff, 0xff, 0xff, 0xff, 0x40,
    0x0, 0x24, 0x44, 0x44, 0x44, 0x44, 0x31, 0x0,

    /* U+F304 "" */
    0x0, 0x0, 0x0, 0x0, 0x0, 0x0, 0x0, 0x8a,
    0x30, 0x0, 0x0, 0x0, 0x0, 0x0, 0x0, 0x0,
    0xbf, 0xff, 0x30, 0x0, 0x0, 0x0, 0x0, 0x0,
    0x0, 0xbf, 0xff, 0xff, 0x30, 0x0, 0x0, 0x0,
    0x0, 0x0, 0x34, 0xff, 0xff, 0xfd, 0x0, 0x0,
    0x0, 0x0, 0x0, 0xbf, 0x44, 0xff, 0xff, 0xe0,
    0x0, 0x0, 0x0, 0x0, 0xbf, 0xff, 0x44, 0xff,
    0xf4, 0x0, 0x0, 0x0, 0x0, 0xbf, 0xff, 0xff,
    0x44, 0xf4, 0x0, 0x0, 0x0, 0x0, 0xbf, 0xff,
    0xff, 0xff, 0x41, 0x0, 0x0, 0x0, 0x0, 0xbf,
    0xff, 0xff, 0xff, 0xf4, 0x0, 0x0, 0x0, 0x0,
    0xbf, 0xff, 0xff, 0xff, 0xf4, 0x0, 0x0, 0x0,
    0x0, 0xbf, 0xff, 0xff, 0xff, 0xf4, 0x0, 0x0,
    0x0, 0x0, 0xbf, 0xff, 0xff, 0xff, 0xf4, 0x0,
    0x0, 0x0, 0x0, 0xbf, 0xff, 0xff, 0xff, 0xf4,
    0x0, 0x0, 0x0, 0x0, 0x8f, 0xff, 0xff, 0xff,
    0xf4, 0x0, 0x0, 0x0, 0x0, 0xa, 0xff, 0xff,
    0xff, 0xf4, 0x0, 0x0, 0x0, 0x0, 0x0, 0xcf,
    0xff, 0xff, 0xf4, 0x0, 0x0, 0x0, 0x0, 0x0,
    0xe, 0xff, 0xff, 0xf4, 0x0, 0x0, 0x0, 0x0,
    0x0, 0x0, 0xff, 0xff, 0xd4, 0x0, 0x0, 0x0,
    0x0, 0x0, 0x0, 0x2, 0x31, 0x0, 0x0, 0x0,
    0x0, 0x0, 0x0, 0x0, 0x0,

    /* U+F55A "" */
    0x0, 0x0, 0x0, 0x57, 0x88, 0x88, 0x88, 0x88,
    0x88, 0x88, 0x72, 0x0, 0x0, 0x0, 0xaf, 0xff,
    0xff, 0xff, 0xff, 0xff, 0xff, 0xff, 0xf2, 0x0,
    0x0, 0xbf, 0xff, 0xff, 0xff, 0xff, 0xff, 0xff,
    0xff, 0xff, 0x70, 0x0, 0xbf, 0xff, 0xff, 0xf8,
    0xaf, 0xff, 0xa8, 0xff, 0xff, 0xf8, 0x0, 0xbf,
    0xff, 0xff, 0xfa, 0x0, 0xaf, 0xa0, 0xa, 0xff,
    0xff, 0x80, 0xbf, 0xff, 0xff, 0xff, 0xf3, 0x0,
    0x60, 0x3, 0xff, 0xff, 0xf8, 0xaf, 0xff, 0xff,
    0xff, 0xff, 0xf3, 0x0, 0x3, 0xff, 0xff, 0xff,
    0x8e, 0xff, 0xff, 0xff, 0xff, 0xff, 0x90, 0x0,
    0x9f, 0xff, 0xff, 0xf8, 0x4f, 0xff, 0xff, 0xff,
    0xff, 0xa0, 0x0, 0x0, 0xaf, 0xff, 0xff, 0x80,
    0x4f, 0xff, 0xff, 0xff, 0xb0, 0x3, 0xe3, 0x0,
    0xbf, 0xff, 0xf8, 0x0, 0x4f, 0xff, 0xff, 0xfe,
    0x13, 0xff, 0xf3, 0x1e, 0xff, 0xff, 0x80, 0x0,
    0x4f, 0xff, 0xff, 0xfe, 0xff, 0xff, 0xfe, 0xff,
    0xff, 0xf7, 0x0, 0x0, 0x4f, 0xff, 0xff, 0xff,
    0xff, 0xff, 0xff, 0xff, 0xff, 0x50, 0x0, 0x0,
    0x3d, 0xff, 0xff, 0xff, 0xff, 0xff, 0xff, 0xff,
    0x90,

    /* U+F7C2 "" */
    0x0, 0x1, 0xcf, 0xff, 0xff, 0xfe, 0x60, 0x0,
    0x1c, 0xff, 0xff, 0xff, 0xff, 0xf2, 0x0, 0xcf,
    0x47, 0xf4, 0xd8, 0x4f, 0xf5, 0xc, 0xff, 0x3,
    0xe0, 0xc5, 0xe, 0xf5, 0xcf, 0xff, 0x3, 0xe0,
    0xc5, 0xe, 0xf5, 0xff, 0xff, 0x24, 0xe2, 0xc6,
    0x2e, 0xf5, 0xff, 0xff, 0xff, 0xff, 0xff, 0xff,
    0xf5, 0xff, 0xff, 0xff, 0xff, 0xff, 0xff, 0xf5,
    0xff, 0xff, 0xff, 0xff, 0xff, 0xff, 0xf5, 0xff,
    0xff, 0xff, 0xff, 0xff, 0xff, 0xf5, 0xff, 0xff,
    0xff, 0xff, 0xff, 0xff, 0xf5, 0xff, 0xff, 0xff,
    0xff, 0xff, 0xff, 0xf5, 0xff, 0xff, 0xff, 0xff,
    0xff, 0xff, 0xf5, 0xff, 0xff, 0xff, 0xff, 0xff,
    0xff, 0xf5, 0xff, 0xff, 0xff, 0xff, 0xff, 0xff,
    0xf5, 0xff, 0xff, 0xff, 0xff, 0xff, 0xff, 0xf5,
    0xef, 0xff, 0xff, 0xff, 0xff, 0xff, 0xf3, 0x5f,
    0xff, 0xff, 0xff, 0xff, 0xff, 0xa0, 0x1, 0x34,
    0x44, 0x44, 0x44, 0x42, 0x0,

    /* U+F8A2 "" */
    0x0, 0x0, 0x0, 0x0, 0x0, 0x0, 0x0, 0x0,
    0x3, 0x0, 0x0, 0x0, 0x0, 0x0, 0x0, 0x0,
    0x0, 0x5, 0xf1, 0x0, 0x0, 0x0, 0x0, 0x0,
    0x0, 0x0, 0x5, 0xff, 0x10, 0x0, 0x3e, 0x90,
    0x0, 0x0, 0x0, 0x0, 0xbf, 0xf1, 0x0, 0x4f,
    0xfb, 0x0, 0x0, 0x0, 0x0, 0xb, 0xff, 0x10,
    0x5f, 0xff, 0xb0, 0x0, 0x0, 0x0, 0x0, 0xbf,
    0xf1, 0x6f, 0xff, 0xff, 0xff, 0xff, 0xff, 0xff,
    0xff, 0xff, 0x1d, 0xff, 0xff, 0xff, 0xff, 0xff,
    0xff, 0xff, 0xff, 0xf1, 0x3e, 0xff, 0xfe, 0xcc,
    0xcc, 0xcc, 0xcc, 0xcc, 0xca, 0x0, 0x2e, 0xff,
    0xb0, 0x0, 0x0, 0x0, 0x0, 0x0, 0x0, 0x0,
    0x1d, 0xfb, 0x0, 0x0, 0x0, 0x0, 0x0, 0x0,
    0x0, 0x0, 0x1b, 0x60, 0x0, 0x0, 0x0, 0x0,
    0x0, 0x0
};


/*---------------------
 *  GLYPH DESCRIPTION
 *--------------------*/

static const lv_font_fmt_txt_glyph_dsc_t glyph_dsc[] = {
    {.bitmap_index = 0, .adv_w = 0, .box_w = 0, .box_h = 0, .ofs_x = 0, .ofs_y = 0} /* id = 0 reserved */,
    {.bitmap_index = 0, .adv_w = 58, .box_w = 0, .box_h = 0, .ofs_x = 0, .ofs_y = 0},
    {.bitmap_index = 0, .adv_w = 66, .box_w = 3, .box_h = 14, .ofs_x = 1, .ofs_y = -1},
    {.bitmap_index = 21, .adv_w = 101, .box_w = 6, .box_h = 5, .ofs_x = 0, .ofs_y = 9},
    {.bitmap_index = 36, .adv_w = 194, .box_w = 11, .box_h = 13, .ofs_x = 1, .ofs_y = 0},
    {.bitmap_index = 108, .adv_w = 159, .box_w = 10, .box_h = 17, .ofs_x = 0, .ofs_y = -3},
    {.bitmap_index = 193, .adv_w = 262, .box_w = 16, .box_h = 15, .ofs_x = 0, .ofs_y = -1},
    {.bitmap_index = 313, .adv_w = 199, .box_w = 12, .box_h = 15, .ofs_x = 0, .ofs_y = -1},
    {.bitmap_index = 403, .adv_w = 55, .box_w = 3, .box_h = 5, .ofs_x = 0, .ofs_y = 9},
    {.bitmap_index = 411, .adv_w = 86, .box_w = 5, .box_h = 16, .ofs_x = 0, .ofs_y = -2},
    {.bitmap_index = 451, .adv_w = 88, .box_w = 5, .box_h = 16, .ofs_x = 0, .ofs_y = -2},
    {.bitmap_index = 491, .adv_w = 155, .box_w = 8, .box_h = 8, .ofs_x = 1, .ofs_y = 6},
    {.bitmap_index = 523, .adv_w = 175, .box_w = 11, .box_h = 11, .ofs_x = 0, .ofs_y = 1},
    {.bitmap_index = 584, .adv_w = 63, .box_w = 4, .box_h = 4, .ofs_x = 0, .ofs_y = -2},
    {.bitmap_index = 592, .adv_w = 147, .box_w = 9, .box_h = 2, .ofs_x = 0, .ofs_y = 5},
    {.bitmap_index = 601, .adv_w = 80, .box_w = 3, .box_h = 3, .ofs_x = 1, .ofs_y = -1},
    {.bitmap_index = 606, .adv_w = 130, .box_w = 7, .box_h = 15, .ofs_x = 1, .ofs_y = -1},
    {.bitmap_index = 659, .adv_w = 190, .box_w = 12, .box_h = 15, .ofs_x = 0, .ofs_y = -1},
    {.bitmap_index = 749, .adv_w = 190, .box_w = 6, .box_h = 15, .ofs_x = 2, .ofs_y = -1},
    {.bitmap_index = 794, .adv_w = 192, .box_w = 12, .box_h = 15, .ofs_x = 0, .ofs_y = -1},
    {.bitmap_index = 884, .adv_w = 190, .box_w = 12, .box_h = 15, .ofs_x = 0, .ofs_y = -1},
    {.bitmap_index = 974, .adv_w = 202, .box_w = 12, .box_h = 15, .ofs_x = 0, .ofs_y = -1},
    {.bitmap_index = 1064, .adv_w = 196, .box_w = 12, .box_h = 15, .ofs_x = 0, .ofs_y = -1},
    {.bitmap_index = 1154, .adv_w = 202, .box_w = 12, .box_h = 15, .ofs_x = 0, .ofs_y = -1},
    {.bitmap_index = 1244, .adv_w = 184, .box_w = 11, .box_h = 15, .ofs_x = 0, .ofs_y = -1},
    {.bitmap_index = 1327, .adv_w = 196, .box_w = 12, .box_h = 15, .ofs_x = 0, .ofs_y = -1},
    {.bitmap_index = 1417, .adv_w = 198, .box_w = 12, .box_h = 15, .ofs_x = 0, .ofs_y = -1},
    {.bitmap_index = 1507, .adv_w = 77, .box_w = 3, .box_h = 10, .ofs_x = 1, .ofs_y = -1},
    {.bitmap_index = 1522, .adv_w = 75, .box_w = 3, .box_h = 11, .ofs_x = 1, .ofs_y = -2},
    {.bitmap_index = 1539, .adv_w = 173, .box_w = 11, .box_h = 9, .ofs_x = 0, .ofs_y = 2},
    {.bitmap_index = 1589, .adv_w = 175, .box_w = 11, .box_h = 5, .ofs_x = 0, .ofs_y = 3},
    {.bitmap_index = 1617, .adv_w = 173, .box_w = 11, .box_h = 9, .ofs_x = 0, .ofs_y = 2},
    {.bitmap_index = 1667, .adv_w = 145, .box_w = 7, .box_h = 15, .ofs_x = 1, .ofs_y = -1},
    {.bitmap_index = 1720, .adv_w = 221, .box_w = 14, .box_h = 15, .ofs_x = 0, .ofs_y = -1},
    {.bitmap_index = 1825, .adv_w = 213, .box_w = 13, .box_h = 15, .ofs_x = 0, .ofs_y = -1},
    {.bitmap_index = 1923, .adv_w = 181, .box_w = 11, .box_h = 15, .ofs_x = 0, .ofs_y = -1},
    {.bitmap_index = 2006, .adv_w = 209, .box_w = 13, .box_h = 15, .ofs_x = 0, .ofs_y = -1},
    {.bitmap_index = 2104, .adv_w = 205, .box_w = 13, .box_h = 15, .ofs_x = 0, .ofs_y = -1},
    {.bitmap_index = 2202, .adv_w = 178, .box_w = 11, .box_h = 15, .ofs_x = 0, .ofs_y = -1},
    {.bitmap_index = 2285, .adv_w = 182, .box_w = 11, .box_h = 15, .ofs_x = 0, .ofs_y = -1},
    {.bitmap_index = 2368, .adv_w = 212, .box_w = 13, .box_h = 15, .ofs_x = 0, .ofs_y = -1},
    {.bitmap_index = 2466, .adv_w = 199, .box_w = 12, .box_h = 15, .ofs_x = 0, .ofs_y = -1},
    {.bitmap_index = 2556, .adv_w = 52, .box_w = 3, .box_h = 15, .ofs_x = 0, .ofs_y = -1},
    {.bitmap_index = 2579, .adv_w = 149, .box_w = 9, .box_h = 15, .ofs_x = 0, .ofs_y = -1},
    {.bitmap_index = 2647, .adv_w = 186, .box_w = 12, .box_h = 15, .ofs_x = 0, .ofs_y = -1},
    {.bitmap_index = 2737, .adv_w = 171, .box_w = 11, .box_h = 15, .ofs_x = 0, .ofs_y = -1},
    {.bitmap_index = 2820, .adv_w = 231, .box_w = 14, .box_h = 15, .ofs_x = 0, .ofs_y = -1},
    {.bitmap_index = 2925, .adv_w = 202, .box_w = 12, .box_h = 15, .ofs_x = 0, .ofs_y = -1},
    {.bitmap_index = 3015, .adv_w = 215, .box_w = 13, .box_h = 15, .ofs_x = 0, .ofs_y = -1},
    {.bitmap_index = 3113, .adv_w = 187, .box_w = 12, .box_h = 15, .ofs_x = 0, .ofs_y = -1},
    {.bitmap_index = 3203, .adv_w = 216, .box_w = 13, .box_h = 15, .ofs_x = 0, .ofs_y = -1},
    {.bitmap_index = 3301, .adv_w = 192, .box_w = 12, .box_h = 15, .ofs_x = 0, .ofs_y = -1},
    {.bitmap_index = 3391, .adv_w = 179, .box_w = 11, .box_h = 15, .ofs_x = 0, .ofs_y = -1},
    {.bitmap_index = 3474, .adv_w = 192, .box_w = 12, .box_h = 15, .ofs_x = 0, .ofs_y = -1},
    {.bitmap_index = 3564, .adv_w = 200, .box_w = 12, .box_h = 15, .ofs_x = 0, .ofs_y = -1},
    {.bitmap_index = 3654, .adv_w = 207, .box_w = 13, .box_h = 15, .ofs_x = 0, .ofs_y = -1},
    {.bitmap_index = 3752, .adv_w = 282, .box_w = 18, .box_h = 15, .ofs_x = 0, .ofs_y = -1},
    {.bitmap_index = 3887, .adv_w = 213, .box_w = 13, .box_h = 15, .ofs_x = 0, .ofs_y = -1},
    {.bitmap_index = 3985, .adv_w = 213, .box_w = 13, .box_h = 15, .ofs_x = 0, .ofs_y = -1},
    {.bitmap_index = 4083, .adv_w = 186, .box_w = 11, .box_h = 15, .ofs_x = 0, .ofs_y = -1},
    {.bitmap_index = 4166, .adv_w = 98, .box_w = 6, .box_h = 16, .ofs_x = 0, .ofs_y = -2},
    {.bitmap_index = 4214, .adv_w = 130, .box_w = 7, .box_h = 15, .ofs_x = 1, .ofs_y = -1},
    {.bitmap_index = 4267, .adv_w = 98, .box_w = 6, .box_h = 16, .ofs_x = 0, .ofs_y = -2},
    {.bitmap_index = 4315, .adv_w = 147, .box_w = 9, .box_h = 7, .ofs_x = 0, .ofs_y = 7},
    {.bitmap_index = 4347, .adv_w = 173, .box_w = 11, .box_h = 2, .ofs_x = 0, .ofs_y = -1},
    {.bitmap_index = 4358, .adv_w = 190, .box_w = 12, .box_h = 10, .ofs_x = 0, .ofs_y = -1},
    {.bitmap_index = 4418, .adv_w = 189, .box_w = 12, .box_h = 15, .ofs_x = 0, .ofs_y = -1},
    {.bitmap_index = 4508, .adv_w = 168, .box_w = 11, .box_h = 10, .ofs_x = 0, .ofs_y = -1},
    {.bitmap_index = 4563, .adv_w = 189, .box_w = 12, .box_h = 15, .ofs_x = 0, .ofs_y = -1},
    {.bitmap_index = 4653, .adv_w = 178, .box_w = 11, .box_h = 10, .ofs_x = 0, .ofs_y = -1},
    {.bitmap_index = 4708, .adv_w = 100, .box_w = 7, .box_h = 15, .ofs_x = 0, .ofs_y = -1},
    {.bitmap_index = 4761, .adv_w = 182, .box_w = 11, .box_h = 14, .ofs_x = 0, .ofs_y = -5},
    {.bitmap_index = 4838, .adv_w = 167, .box_w = 10, .box_h = 15, .ofs_x = 0, .ofs_y = -1},
    {.bitmap_index = 4913, .adv_w = 55, .box_w = 3, .box_h = 14, .ofs_x = 0, .ofs_y = -1},
    {.bitmap_index = 4934, .adv_w = 60, .box_w = 6, .box_h = 18, .ofs_x = -3, .ofs_y = -5},
    {.bitmap_index = 4988, .adv_w = 155, .box_w = 10, .box_h = 15, .ofs_x = 0, .ofs_y = -1},
    {.bitmap_index = 5063, .adv_w = 81, .box_w = 5, .box_h = 15, .ofs_x = 0, .ofs_y = -1},
    {.bitmap_index = 5101, .adv_w = 250, .box_w = 15, .box_h = 10, .ofs_x = 0, .ofs_y = -1},
    {.bitmap_index = 5176, .adv_w = 159, .box_w = 10, .box_h = 10, .ofs_x = 0, .ofs_y = -1},
    {.bitmap_index = 5226, .adv_w = 187, .box_w = 12, .box_h = 10, .ofs_x = 0, .ofs_y = -1},
    {.bitmap_index = 5286, .adv_w = 190, .box_w = 12, .box_h = 14, .ofs_x = 0, .ofs_y = -5},
    {.bitmap_index = 5370, .adv_w = 190, .box_w = 12, .box_h = 14, .ofs_x = 0, .ofs_y = -5},
    {.bitmap_index = 5454, .adv_w = 116, .box_w = 8, .box_h = 11, .ofs_x = 0, .ofs_y = -1},
    {.bitmap_index = 5498, .adv_w = 154, .box_w = 10, .box_h = 10, .ofs_x = 0, .ofs_y = -1},
    {.bitmap_index = 5548, .adv_w = 110, .box_w = 7, .box_h = 14, .ofs_x = 0, .ofs_y = -1},
    {.bitmap_index = 5597, .adv_w = 159, .box_w = 10, .box_h = 10, .ofs_x = 0, .ofs_y = -1},
    {.bitmap_index = 5647, .adv_w = 162, .box_w = 10, .box_h = 10, .ofs_x = 0, .ofs_y = -1},
    {.bitmap_index = 5697, .adv_w = 240, .box_w = 15, .box_h = 10, .ofs_x = 0, .ofs_y = -1},
    {.bitmap_index = 5772, .adv_w = 163, .box_w = 10, .box_h = 10, .ofs_x = 0, .ofs_y = -1},
    {.bitmap_index = 5822, .adv_w = 160, .box_w = 10, .box_h = 14, .ofs_x = 0, .ofs_y = -5},
    {.bitmap_index = 5892, .adv_w = 146, .box_w = 9, .box_h = 10, .ofs_x = 0, .ofs_y = -1},
    {.bitmap_index = 5937, .adv_w = 115, .box_w = 7, .box_h = 17, .ofs_x = 0, .ofs_y = -3},
    {.bitmap_index = 5997, .adv_w = 113, .box_w = 7, .box_h = 17, .ofs_x = 0, .ofs_y = -3},
    {.bitmap_index = 6057, .adv_w = 160, .box_w = 10, .box_h = 4, .ofs_x = 0, .ofs_y = 4},
    {.bitmap_index = 6077, .adv_w = 259, .box_w = 16, .box_h = 18, .ofs_x = 0, .ofs_y = -3},
    {.bitmap_index = 6221, .adv_w = 259, .box_w = 16, .box_h = 17, .ofs_x = 0, .ofs_y = -2},
    {.bitmap_index = 6357, .adv_w = 259, .box_w = 14, .box_h = 17, .ofs_x = 1, .ofs_y = -2},
    {.bitmap_index = 6476, .adv_w = 259, .box_w = 16, .box_h = 17, .ofs_x = 0, .ofs_y = -2},
    {.bitmap_index = 6612, .adv_w = 259, .box_w = 16, .box_h = 18, .ofs_x = 0, .ofs_y = -3},
    {.bitmap_index = 6756, .adv_w = 259, .box_w = 15, .box_h = 16, .ofs_x = 1, .ofs_y = -2},
    {.bitmap_index = 6876, .adv_w = 259, .box_w = 16, .box_h = 17, .ofs_x = 0, .ofs_y = -2},
    {.bitmap_index = 7012, .adv_w = 259, .box_w = 16, .box_h = 17, .ofs_x = 0, .ofs_y = -2},
    {.bitmap_index = 7148, .adv_w = 259, .box_w = 15, .box_h = 17, .ofs_x = 1, .ofs_y = -3},
    {.bitmap_index = 7276, .adv_w = 259, .box_w = 15, .box_h = 17, .ofs_x = 0, .ofs_y = -2},
    {.bitmap_index = 7404, .adv_w = 259, .box_w = 16, .box_h = 18, .ofs_x = 0, .ofs_y = -3},
    {.bitmap_index = 7548, .adv_w = 259, .box_w = 16, .box_h = 18, .ofs_x = 0, .ofs_y = -2},
    {.bitmap_index = 7692, .adv_w = 259, .box_w = 15, .box_h = 17, .ofs_x = 1, .ofs_y = -2},
    {.bitmap_index = 7820, .adv_w = 259, .box_w = 16, .box_h = 17, .ofs_x = 0, .ofs_y = -2},
    {.bitmap_index = 7956, .adv_w = 259, .box_w = 15, .box_h = 17, .ofs_x = 1, .ofs_y = -2},
    {.bitmap_index = 8084, .adv_w = 259, .box_w = 16, .box_h = 17, .ofs_x = 0, .ofs_y = -2},
    {.bitmap_index = 8220, .adv_w = 259, .box_w = 16, .box_h = 18, .ofs_x = 0, .ofs_y = -3},
    {.bitmap_index = 8364, .adv_w = 259, .box_w = 16, .box_h = 18, .ofs_x = 0, .ofs_y = -3},
    {.bitmap_index = 8508, .adv_w = 259, .box_w = 14, .box_h = 18, .ofs_x = 1, .ofs_y = -2},
    {.bitmap_index = 8634, .adv_w = 259, .box_w = 16, .box_h = 17, .ofs_x = 0, .ofs_y = -2},
    {.bitmap_index = 8770, .adv_w = 259, .box_w = 14, .box_h = 16, .ofs_x = 1, .ofs_y = -2},
    {.bitmap_index = 8882, .adv_w = 259, .box_w = 16, .box_h = 16, .ofs_x = 0, .ofs_y = -2},
    {.bitmap_index = 9010, .adv_w = 259, .box_w = 16, .box_h = 17, .ofs_x = 0, .ofs_y = -2},
    {.bitmap_index = 9146, .adv_w = 259, .box_w = 16, .box_h = 18, .ofs_x = 0, .ofs_y = -3},
    {.bitmap_index = 9290, .adv_w = 259, .box_w = 16, .box_h = 16, .ofs_x = 0, .ofs_y = -2},
    {.bitmap_index = 9418, .adv_w = 259, .box_w = 16, .box_h = 19, .ofs_x = 0, .ofs_y = -3},
    {.bitmap_index = 9570, .adv_w = 259, .box_w = 15, .box_h = 17, .ofs_x = 0, .ofs_y = -2},
    {.bitmap_index = 9698, .adv_w = 259, .box_w = 15, .box_h = 17, .ofs_x = 1, .ofs_y = -2},
    {.bitmap_index = 9826, .adv_w = 259, .box_w = 16, .box_h = 17, .ofs_x = 0, .ofs_y = -2},
    {.bitmap_index = 9962, .adv_w = 259, .box_w = 15, .box_h = 17, .ofs_x = 0, .ofs_y = -2},
    {.bitmap_index = 10090, .adv_w = 288, .box_w = 19, .box_h = 19, .ofs_x = 0, .ofs_y = -3},
    {.bitmap_index = 10271, .adv_w = 288, .box_w = 18, .box_h = 14, .ofs_x = 0, .ofs_y = 0},
    {.bitmap_index = 10397, .adv_w = 288, .box_w = 18, .box_h = 17, .ofs_x = 0, .ofs_y = -2},
    {.bitmap_index = 10550, .adv_w = 288, .box_w = 18, .box_h = 14, .ofs_x = 0, .ofs_y = 0},
    {.bitmap_index = 10676, .adv_w = 198, .box_w = 13, .box_h = 13, .ofs_x = 0, .ofs_y = 0},
    {.bitmap_index = 10761, .adv_w = 288, .box_w = 19, .box_h = 18, .ofs_x = 0, .ofs_y = -2},
    {.bitmap_index = 10932, .adv_w = 288, .box_w = 18, .box_h = 19, .ofs_x = 0, .ofs_y = -3},
    {.bitmap_index = 11103, .adv_w = 324, .box_w = 21, .box_h = 17, .ofs_x = 0, .ofs_y = -2},
    {.bitmap_index = 11282, .adv_w = 288, .box_w = 18, .box_h = 19, .ofs_x = 0, .ofs_y = -3},
    {.bitmap_index = 11453, .adv_w = 324, .box_w = 21, .box_h = 14, .ofs_x = 0, .ofs_y = 0},
    {.bitmap_index = 11600, .adv_w = 288, .box_w = 18, .box_h = 19, .ofs_x = 0, .ofs_y = -3},
    {.bitmap_index = 11771, .adv_w = 144, .box_w = 9, .box_h = 15, .ofs_x = 0, .ofs_y = -1},
    {.bitmap_index = 11839, .adv_w = 216, .box_w = 14, .box_h = 15, .ofs_x = 0, .ofs_y = -1},
    {.bitmap_index = 11944, .adv_w = 324, .box_w = 21, .box_h = 18, .ofs_x = 0, .ofs_y = -2},
    {.bitmap_index = 12133, .adv_w = 288, .box_w = 18, .box_h = 14, .ofs_x = 0, .ofs_y = 0},
    {.bitmap_index = 12259, .adv_w = 198, .box_w = 13, .box_h = 19, .ofs_x = 0, .ofs_y = -3},
    {.bitmap_index = 12383, .adv_w = 252, .box_w = 12, .box_h = 17, .ofs_x = 2, .ofs_y = -2},
    {.bitmap_index = 12485, .adv_w = 252, .box_w = 16, .box_h = 19, .ofs_x = 0, .ofs_y = -3},
    {.bitmap_index = 12637, .adv_w = 252, .box_w = 16, .box_h = 17, .ofs_x = 0, .ofs_y = -2},
    {.bitmap_index = 12773, .adv_w = 252, .box_w = 16, .box_h = 17, .ofs_x = 0, .ofs_y = -2},
    {.bitmap_index = 12909, .adv_w = 252, .box_w = 12, .box_h = 17, .ofs_x = 2, .ofs_y = -2},
    {.bitmap_index = 13011, .adv_w = 252, .box_w = 18, .box_h = 17, .ofs_x = -1, .ofs_y = -2},
    {.bitmap_index = 13164, .adv_w = 180, .box_w = 11, .box_h = 16, .ofs_x = 0, .ofs_y = -1},
    {.bitmap_index = 13252, .adv_w = 180, .box_w = 11, .box_h = 16, .ofs_x = 0, .ofs_y = -1},
    {.bitmap_index = 13340, .adv_w = 252, .box_w = 16, .box_h = 17, .ofs_x = 0, .ofs_y = -2},
    {.bitmap_index = 13476, .adv_w = 252, .box_w = 16, .box_h = 4, .ofs_x = 0, .ofs_y = 5},
    {.bitmap_index = 13508, .adv_w = 324, .box_w = 21, .box_h = 14, .ofs_x = 0, .ofs_y = 0},
    {.bitmap_index = 13655, .adv_w = 360, .box_w = 23, .box_h = 19, .ofs_x = 0, .ofs_y = -3},
    {.bitmap_index = 13874, .adv_w = 324, .box_w = 22, .box_h = 19, .ofs_x = -1, .ofs_y = -3},
    {.bitmap_index = 14083, .adv_w = 288, .box_w = 18, .box_h = 17, .ofs_x = 0, .ofs_y = -2},
    {.bitmap_index = 14236, .adv_w = 252, .box_w = 16, .box_h = 10, .ofs_x = 0, .ofs_y = 2},
    {.bitmap_index = 14316, .adv_w = 252, .box_w = 16, .box_h = 10, .ofs_x = 0, .ofs_y = 2},
    {.bitmap_index = 14396, .adv_w = 360, .box_w = 24, .box_h = 15, .ofs_x = -1, .ofs_y = -1},
    {.bitmap_index = 14576, .adv_w = 288, .box_w = 18, .box_h = 14, .ofs_x = 0, .ofs_y = 0},
    {.bitmap_index = 14702, .adv_w = 288, .box_w = 18, .box_h = 19, .ofs_x = 0, .ofs_y = -3},
    {.bitmap_index = 14873, .adv_w = 288, .box_w = 19, .box_h = 19, .ofs_x = -1, .ofs_y = -3},
    {.bitmap_index = 15054, .adv_w = 252, .box_w = 16, .box_h = 17, .ofs_x = 0, .ofs_y = -2},
    {.bitmap_index = 15190, .adv_w = 252, .box_w = 16, .box_h = 19, .ofs_x = 0, .ofs_y = -3},
    {.bitmap_index = 15342, .adv_w = 252, .box_w = 16, .box_h = 17, .ofs_x = 0, .ofs_y = -2},
    {.bitmap_index = 15478, .adv_w = 252, .box_w = 16, .box_h = 15, .ofs_x = 0, .ofs_y = -1},
    {.bitmap_index = 15598, .adv_w = 288, .box_w = 18, .box_h = 14, .ofs_x = 0, .ofs_y = 0},
    {.bitmap_index = 15724, .adv_w = 180, .box_w = 13, .box_h = 19, .ofs_x = -1, .ofs_y = -3},
    {.bitmap_index = 15848, .adv_w = 252, .box_w = 16, .box_h = 19, .ofs_x = 0, .ofs_y = -3},
    {.bitmap_index = 16000, .adv_w = 252, .box_w = 16, .box_h = 19, .ofs_x = 0, .ofs_y = -3},
    {.bitmap_index = 16152, .adv_w = 324, .box_w = 21, .box_h = 14, .ofs_x = 0, .ofs_y = 0},
    {.bitmap_index = 16299, .adv_w = 288, .box_w = 20, .box_h = 20, .ofs_x = -1, .ofs_y = -3},
    {.bitmap_index = 16499, .adv_w = 216, .box_w = 14, .box_h = 19, .ofs_x = 0, .ofs_y = -3},
    {.bitmap_index = 16632, .adv_w = 360, .box_w = 23, .box_h = 18, .ofs_x = 0, .ofs_y = -2},
    {.bitmap_index = 16839, .adv_w = 360, .box_w = 23, .box_h = 12, .ofs_x = 0, .ofs_y = 1},
    {.bitmap_index = 16977, .adv_w = 360, .box_w = 23, .box_h = 12, .ofs_x = 0, .ofs_y = 1},
    {.bitmap_index = 17115, .adv_w = 360, .box_w = 23, .box_h = 12, .ofs_x = 0, .ofs_y = 1},
    {.bitmap_index = 17253, .adv_w = 360, .box_w = 23, .box_h = 12, .ofs_x = 0, .ofs_y = 1},
    {.bitmap_index = 17391, .adv_w = 360, .box_w = 23, .box_h = 12, .ofs_x = 0, .ofs_y = 1},
    {.bitmap_index = 17529, .adv_w = 360, .box_w = 23, .box_h = 15, .ofs_x = 0, .ofs_y = -1},
    {.bitmap_index = 17702, .adv_w = 252, .box_w = 14, .box_h = 19, .ofs_x = 1, .ofs_y = -3},
    {.bitmap_index = 17835, .adv_w = 252, .box_w = 16, .box_h = 19, .ofs_x = 0, .ofs_y = -3},
    {.bitmap_index = 17987, .adv_w = 288, .box_w = 19, .box_h = 19, .ofs_x = -1, .ofs_y = -3},
    {.bitmap_index = 18168, .adv_w = 360, .box_w = 23, .box_h = 14, .ofs_x = 0, .ofs_y = 0},
    {.bitmap_index = 18329, .adv_w = 216, .box_w = 14, .box_h = 19, .ofs_x = 0, .ofs_y = -3},
    {.bitmap_index = 18462, .adv_w = 290, .box_w = 19, .box_h = 12, .ofs_x = 0, .ofs_y = 1}
};

/*---------------------
 *  CHARACTER MAPPING
 *--------------------*/

static const uint16_t unicode_list_2[] = {
    0x0, 0x1, 0x4ed1, 0x50cc, 0x51b9, 0x5309, 0x5375, 0x5681,
    0x5e7d, 0x5e92, 0x5ebd, 0x5ed8, 0x6533, 0x69a4, 0x6bb1, 0x70ea,
    0x74b8, 0x7684, 0x787a, 0x7c7e, 0x7e49, 0x7e62, 0x7ed4, 0x7ef1,
    0x87eb, 0x8b31, 0x8b33, 0x8b41, 0x8b69, 0x90d0, 0x9150, 0x9441,
    0xef84, 0xef8b, 0xef8e, 0xef8f, 0xef90, 0xef94, 0xef96, 0xef98,
    0xef9c, 0xef9f, 0xefa4, 0xefa9, 0xefaa, 0xefab, 0xefc1, 0xefc6,
    0xefcb, 0xefce, 0xefcf, 0xefd0, 0xefd4, 0xefd5, 0xefd6, 0xefd7,
    0xefea, 0xefeb, 0xeff1, 0xeff3, 0xeff4, 0xeff7, 0xeffa, 0xeffb,
    0xeffc, 0xeffe, 0xf016, 0xf018, 0xf047, 0xf048, 0xf04a, 0xf04c,
    0xf063, 0xf06a, 0xf06d, 0xf076, 0xf09f, 0xf0a7, 0xf0de, 0xf16e,
    0xf1c3, 0xf1c4, 0xf1c5, 0xf1c6, 0xf1c7, 0xf20a, 0xf216, 0xf270,
    0xf287, 0xf4dd, 0xf745, 0xf825
};

/*Collect the unicode lists and glyph_id offsets*/
static const lv_font_fmt_txt_cmap_t cmaps[] =
{
    {
        .range_start = 32, .range_length = 64, .glyph_id_start = 1,
        .unicode_list = NULL, .glyph_id_ofs_list = NULL, .list_length = 0, .type = LV_FONT_FMT_TXT_CMAP_FORMAT0_TINY
    },
    {
        .range_start = 97, .range_length = 27, .glyph_id_start = 65,
        .unicode_list = NULL, .glyph_id_ofs_list = NULL, .list_length = 0, .type = LV_FONT_FMT_TXT_CMAP_FORMAT0_TINY
    },
    {
        .range_start = 125, .range_length = 63526, .glyph_id_start = 92,
        .unicode_list = unicode_list_2, .glyph_id_ofs_list = NULL, .list_length = 92, .type = LV_FONT_FMT_TXT_CMAP_SPARSE_TINY
    }
};

/*-----------------
 *    KERNING
 *----------------*/


/*Map glyph_ids to kern left classes*/
static const uint8_t kern_left_class_mapping[] =
{
    0, 0, 0, 0, 0, 0, 0, 0,
    0, 0, 0, 0, 0, 0, 0, 0,
    0, 0, 0, 0, 0, 0, 0, 0,
    0, 0, 0, 0, 0, 0, 0, 0,
    0, 0, 1, 2, 3, 4, 5, 6,
    7, 0, 0, 8, 9, 10, 0, 0,
    11, 12, 13, 14, 15, 16, 17, 18,
    19, 20, 21, 22, 0, 0, 0, 0,
    0, 23, 24, 25, 26, 27, 28, 29,
    30, 31, 32, 33, 34, 35, 36, 37,
    38, 39, 40, 41, 42, 43, 44, 45,
    46, 47, 48, 0, 0, 0, 0, 0,
    0, 0, 0, 0, 0, 0, 0, 0,
    0, 0, 0, 0, 0, 0, 0, 0,
    0, 0, 0, 0, 0, 0, 0, 0,
    0, 0, 0, 0, 0, 0, 0, 0,
    0, 0, 0, 0, 0, 0, 0, 0,
    0, 0, 0, 0, 0, 0, 0, 0,
    0, 0, 0, 0, 0, 0, 0, 0,
    0, 0, 0, 0, 0, 0, 0, 0,
    0, 0, 0, 0, 0, 0, 0, 0,
    0, 0, 0, 0, 0, 0, 0, 0,
    0, 0, 0, 0, 0, 0, 0, 0
};

/*Map glyph_ids to kern right classes*/
static const uint8_t kern_right_class_mapping[] =
{
    0, 0, 0, 0, 0, 0, 0, 0,
    0, 0, 0, 0, 0, 0, 0, 0,
    0, 0, 0, 0, 0, 0, 0, 0,
    0, 0, 0, 0, 0, 0, 0, 0,
    0, 0, 1, 2, 3, 4, 5, 6,
    7, 0, 8, 9, 10, 11, 12, 12,
    13, 14, 15, 16, 17, 18, 19, 20,
    21, 22, 23, 24, 0, 0, 0, 0,
    0, 25, 26, 27, 28, 29, 30, 31,
    32, 33, 34, 35, 36, 37, 38, 39,
    40, 41, 42, 43, 44, 45, 46, 47,
    48, 49, 50, 0, 0, 0, 0, 0,
    0, 0, 0, 0, 0, 0, 0, 0,
    0, 0, 0, 0, 0, 0, 0, 0,
    0, 0, 0, 0, 0, 0, 0, 0,
    0, 0, 0, 0, 0, 0, 0, 0,
    0, 0, 0, 0, 0, 0, 0, 0,
    0, 0, 0, 0, 0, 0, 0, 0,
    0, 0, 0, 0, 0, 0, 0, 0,
    0, 0, 0, 0, 0, 0, 0, 0,
    0, 0, 0, 0, 0, 0, 0, 0,
    0, 0, 0, 0, 0, 0, 0, 0,
    0, 0, 0, 0, 0, 0, 0, 0
};

/*Kern values between classes*/
static const int8_t kern_class_values[] =
{
    0, 0, -14, -3, -3, 0, -17, 0,
    -10, 0, -1, 0, -13, 0, -15, 0,
    -6, -46, -12, -44, -37, -6, -52, 0,
    -9, 0, -12, -12, -12, -12, -6, -3,
    0, 0, -3, -5, -3, -3, -12, -3,
    -6, 0, -6, -17, -9, -35, -29, -6,
    -29, -3, 0, 0, -6, 0, 0, 0,
    -6, -6, -12, -1, 0, 0, -6, 0,
    -6, 0, -12, -14, 0, -16, -17, -12,
    -22, -12, 0, 0, 0, 0, 0, -9,
    0, 0, 0, -6, 0, 0, 0, 0,
    0, 0, 0, 0, 0, 0, 0, -15,
    0, 0, 0, -6, -14, 0, 0, 0,
    0, 0, -3, 0, -18, 0, 0, 0,
    0, 0, 0, 0, -6, -14, 0, -12,
    -9, -12, -14, -9, -5, 0, -3, -6,
    -3, -7, -5, 0, 0, 0, 0, -3,
    -6, -6, -6, 0, -6, 0, 0, 0,
    -6, -3, -5, -6, -6, -6, -17, -3,
    -3, 0, 0, 0, -4, -3, -29, 0,
    0, 0, -6, 0, 0, 0, -9, -20,
    -5, -16, -15, -20, -24, -14, -3, 0,
    -3, -2, 0, 0, -1, 0, -6, -7,
    0, 0, 0, 0, -3, 0, -3, 0,
    0, 0, 0, -3, 0, 0, 0, 0,
    -6, 0, -12, 0, 0, 0, -12, -6,
    -20, 0, 0, -3, -6, 0, -6, 0,
    -6, 0, 0, -3, -3, 0, -3, 0,
    -12, 0, -9, -16, -12, -6, -12, 0,
    -6, -12, 0, 0, -3, -3, -12, -5,
    -14, -3, -3, -3, -9, -13, -8, 0,
    -9, -6, -37, 0, -12, 0, 0, 0,
    -12, 0, -92, 0, 0, 0, -14, 0,
    -12, 0, -12, 0, 0, 0, 0, -3,
    -6, -3, -24, 0, -17, -20, -25, -17,
    -17, 0, -10, -17, 0, 0, -14, -14,
    -23, -16, -23, -12, -12, -9, -14, -14,
    -20, -18, -14, -23, -16, -2, -3, 0,
    0, 0, 0, 0, -20, 0, 0, 0,
    0, 0, 0, 0, -3, -14, 0, -12,
    -9, -14, -19, -13, 0, 0, 0, 0,
    0, 0, 0, 0, 0, 0, 0, 0,
    0, 0, 0, 0, 0, 0, 0, 0,
    0, 0, 0, 0, 0, 0, -9, 0,
    0, 0, 0, 9, 0, 0, 0, 0,
    0, 0, 0, 0, 0, 0, 0, 0,
    0, 0, 0, 0, 0, 0, 0, 0,
    0, 0, 0, 0, 0, 0, 0, 0,
    0, 0, 0, 0, 0, 0, 0, 0,
    0, 0, 0, 0, -3, 0, 0, 0,
    0, -7, -22, 0, 0, 0, -23, 0,
    -14, 0, 0, 0, -17, 0, -17, 0,
    -9, -6, 0, -6, 0, 0, -6, 0,
    -20, 0, -20, -22, -17, -19, -24, 0,
    -6, 0, 0, -3, -3, 0, -20, 0,
    -23, -3, -9, -17, -16, -31, -37, -3,
    -37, -3, -1, -6, -29, 0, 0, 0,
    -20, 0, -12, 0, 0, -6, -26, 0,
    -28, 0, -9, -50, -24, -57, -41, -5,
    -63, 0, -22, 0, -22, -23, -22, -17,
    -18, 0, 0, 0, 0, 0, 0, 0,
    -20, 0, -20, 0, -3, -25, -10, -40,
    -32, 0, -26, 0, -13, -6, 0, 0,
    0, 0, 0, 0, -14, 0, 0, 0,
    0, 0, 0, 0, -6, -20, 0, -17,
    -17, -17, -26, -14, 0, 0, -3, 0,
    0, 0, 0, 0, 0, 0, 0, 0,
    0, 0, 0, 0, 0, 0, 0, 0,
    0, -3, 0, -3, 0, -3, -37, 0,
    0, 0, 0, 0, 0, 0, -89, 0,
    0, 0, -3, 0, -3, 0, -3, -17,
    0, -14, -9, -12, -20, -18, -18, 0,
    -14, -17, -17, 0, -15, 0, -3, -5,
    0, 0, 0, 0, -17, 0, -17, 0,
    -5, 0, 0, 0, 0, 0, 0, 0,
    -9, 0, 0, 0, 0, 0, 0, 0,
    -9, 0, 0, 0, 0, 0, 0, 0,
    -6, -23, 0, -20, -20, -12, -31, -9,
    0, 0, 0, 0, 0, 0, 0, 0,
    0, 0, 0, 0, 0, 0, 0, 0,
    0, 0, 0, 0, 0, 0, 0, 0,
    0, 0, -3, 0, 0, 0, 0, 0,
    -6, 0, -12, 0, 0, 0, -6, 0,
    -6, 0, 0, -12, -3, -12, -11, -9,
    -20, -6, -17, 0, -14, -19, -12, 0,
    -17, 0, -3, -5, 0, 0, 0, 0,
    -17, 0, -18, 0, -6, 0, -6, -3,
    0, -3, -3, 0, -7, -3, -9, 0,
    0, 0, -3, 0, 0, 0, 0, 0,
    -6, -3, -6, 0, 0, 0, 0, -9,
    -6, -9, -6, -6, 0, -5, -3, 0,
    -1, -17, 0, 0, 0, -6, 0, 0,
    0, 0, -2, 0, 0, 0, -5, -11,
    -3, -20, -14, -17, -18, -12, -46, -2,
    -14, -3, 0, 0, -20, 0, -72, 0,
    0, 0, -20, 0, -23, -6, -9, 0,
    0, 0, 0, 0, 0, 0, -58, -6,
    -58, -58, -58, -33, -58, -6, -14, -14,
    -6, -6, -58, -58, -58, -58, -58, -49,
    -58, -27, -58, -58, -55, -58, -58, -58,
    -12, 0, 0, 0, 0, 0, 0, 0,
    -9, 0, 0, 0, 0, 0, 0, 0,
    0, 0, 0, 0, 0, 0, 0, 0,
    0, 0, 0, 0, 0, 0, 0, 0,
    0, 0, 0, 0, 0, 0, 0, 0,
    0, 0, 0, 0, 0, 0, 0, 0,
    0, 0, -44, -3, -12, -3, -3, 0,
    -17, 0, -60, -3, 0, 0, -17, -6,
    -20, -6, -14, 0, 0, 0, 0, 0,
    0, 0, -43, 0, -41, -43, -43, -25,
    -43, -6, -14, -14, -3, 0, -32, -32,
    -43, -31, -43, -31, -37, -26, -28, -26,
    -23, -23, -25, -26, -37, -3, -12, -3,
    -3, 0, -14, 0, -46, 0, 0, 0,
    -17, -6, -20, -6, -12, 0, 0, 0,
    0, 0, 0, 0, -32, 0, -29, -28,
    -32, -7, -26, 0, -14, -10, 0, 0,
    -18, -17, -32, -23, -32, -20, -28, -17,
    -20, -14, -14, -17, -17, -17, -6, -3,
    -14, 0, 0, 0, -17, 0, -14, 0,
    0, 0, -17, 0, -12, -3, -12, 0,
    0, 0, 0, 0, 0, 0, -18, 0,
    -20, -22, -23, -20, -20, -3, 0, -3,
    0, 0, -6, -6, -25, 0, -26, 0,
    -5, -14, -13, -26, -29, 0, -26, -3,
    -52, -6, -17, -6, -3, -6, -25, 0,
    -75, 0, 0, 0, -26, -6, -31, -9,
    -12, 0, 0, 0, 0, 0, 0, 0,
    -63, 0, -60, -63, -63, -26, -63, 0,
    -12, -6, 0, 0, -37, -37, -63, -47,
    -60, -43, -49, -35, -43, -37, -40, -29,
    -40, -29, 0, -3, -12, 0, 0, -3,
    -22, 0, -17, 0, 0, 0, -14, 0,
    -22, -3, -6, 0, 0, 0, 0, 0,
    0, 0, -23, 0, -20, -20, -18, -14,
    -17, 0, 0, 0, 0, 0, -3, -3,
    -28, -3, -20, -3, -9, -6, -12, -23,
    -32, -6, -29, 0, -3, 0, 0, 0,
    0, 0, 0, 0, -6, 0, 0, 0,
    0, 0, 0, 0, -9, -55, 0, -34,
    -29, -3, -43, -3, 0, 0, 0, 0,
    0, 0, 0, 0, 0, 0, 0, 0,
    0, 0, 0, 0, 0, 0, 0, 0,
    0, 0, 0, 0, 0, 0, -12, 0,
    0, 0, 0, 0, -3, 0, -9, 0,
    0, 0, 0, 0, 0, 0, -23, -58,
    0, -43, -29, -26, -60, -20, 0, 0,
    0, 0, 0, -14, 0, 0, 0, -6,
    0, 0, 0, 0, 0, 0, 0, 0,
    0, -14, 0, -12, -12, -12, -9, -9,
    -6, 0, -2, 0, 0, 0, 0, 0,
    -3, 0, 0, 0, -3, 0, 0, 0,
    -14, -58, 0, -35, -26, -12, -58, -6,
    -3, 0, 0, 0, -3, -5, 0, 0,
    0, 0, 0, 0, 0, 0, -3, 0,
    0, 0, 0, -6, 0, -3, -6, -6,
    -3, -3, -3, 0, 0, 0, 0, 0,
    0, 0, 0, 0, 0, 0, 0, 0,
    0, 0, 0, -3, 0, -6, 0, -3,
    0, 0, 0, 0, 0, 0, 0, 0,
    0, 0, 0, 0, 0, 0, 0, 0,
    0, 0, 0, 0, 0, 0, 0, 0,
    0, 0, 0, 0, -14, 0, -3, 0,
    0, 0, 0, 0, -12, 0, 0, 0,
    0, 0, 0, 0, -20, -58, 0, -43,
    -32, -23, -63, -16, 0, 0, -3, 0,
    0, -9, 0, 0, 0, -6, 0, 0,
    0, 0, 0, 0, 0, 0, 0, -14,
    0, -12, -12, -9, -12, -12, -14, 0,
    -2, 0, 0, 0, 0, 0, -32, 0,
    0, 0, 0, 0, 0, 0, -3, -3,
    0, -3, 0, -2, 0, 0, -14, 0,
    -14, -14, -14, 0, -9, 0, 0, 0,
    0, 0, 0, 0, -14, 0, -14, 0,
    0, 0, 0, 0, 0, 0, 0, 0,
    -3, 0, 0, 0, 0, 0, 0, 0,
    0, 0, 0, 0, 0, 0, 0, 0,
    -12, -58, 0, -29, -21, -7, -46, -6,
    0, 0, 0, 0, 0, 0, 0, 0,
    0, 0, 0, 0, 0, 0, 0, 0,
    -3, 0, 0, 0, 0, 0, -3, 0,
    0, 0, -6, 0, 0, 0, 0, 0,
    0, 0, -6, 0, 0, 0, 0, 0,
    0, 0, -14, -58, 0, -42, -32, -6,
    -58, -6, 0, 0, 0, 0, 0, -6,
    0, 0, 0, 0, 0, 0, 0, 0,
    0, 0, 0, 0, 0, -6, 0, -9,
    -12, -6, -6, 0, 0, 0, 0, 0,
    0, 0, 0, 0, 0, 0, 0, 0,
    0, 0, 0, 0, 0, -14, 0, -14,
    -14, 0, -12, 0, 0, 0, 0, 0,
    0, 0, 0, 0, 0, 0, 0, 0,
    0, 0, 0, 0, 0, 0, 0, 0,
    0, 0, 0, 0, 0, 0, 0, 0,
    0, 0, 0, 0, 0, 0, 0, 0,
    0, 0, 0, 0, 0, 0, -7, -12,
    0, -9, -8, 0, -6, 0, 0, 0,
    0, 0, 0, 0, 0, 0, 0, 0,
    0, 0, 0, 0, 0, 0, 0, 0,
    0, 0, 0, 0, 0, 0, 0, 0,
    -6, 0, -6, 0, 0, 0, -9, 0,
    -14, 0, 0, 0, -9, 0, 0, 0,
    -9, -58, 0, -29, -20, -6, -43, -6,
    -14, 0, -14, -14, -14, 0, -12, 0,
    -6, -6, 0, -3, 0, 0, -14, 0,
    -17, 0, -6, 0, -6, 0, -3, -3,
    0, 0, 0, 0, -22, -5, 0, 0,
    -17, 0, -9, 0, 0, 0, -9, 0,
    0, 0, 0, -32, 0, -29, -24, 0,
    -23, 0, -14, 0, -12, -14, -9, -9,
    -12, 0, -6, -6, 0, 0, 0, 0,
    -14, 0, -17, 0, 0, -12, -9, -23,
    -17, 0, -14, 0, -3, 0, -6, 0,
    0, 0, 0, 0, -6, 0, 0, 0,
    0, 0, 0, 0, -17, -58, 0, -43,
    -27, -6, -46, -6, 0, 0, 0, 0,
    0, 0, 0, 0, 0, 0, 0, 0,
    0, 0, 0, 0, 0, 0, 0, -6,
    0, 0, -12, -7, -9, 0, -3, 0,
    -6, 0, 0, 0, 0, 0, -6, -3,
    0, 0, 0, 0, 0, 0, -12, -58,
    0, -41, -27, -6, -55, -9, 0, 0,
    0, 0, 0, 0, 0, 0, 0, 0,
    0, 0, 0, 0, 0, 0, 0, 0,
    0, -6, 0, 0, -9, -7, -9, 0,
    -12, 0, -2, -1, 0, 0, 0, 0,
    -9, 0, 0, 0, 0, 0, 0, 0,
    -26, -58, 0, -43, -32, -25, -63, -23,
    0, 0, 0, 0, 0, -14, 0, 0,
    0, 0, 0, 0, 0, 0, 0, 0,
    0, 0, 0, -17, 0, -12, -12, -9,
    -12, -12, -14, 0, 0, 0, 0, 0,
    0, 0, -6, 0, 0, 0, 0, 0,
    0, 0, -27, -58, 0, -43, -32, -25,
    -63, -20, 0, 0, 0, 0, 0, -12,
    0, 0, 0, -3, 0, 0, 0, 0,
    0, 0, 0, 0, 0, -17, 0, -12,
    -12, -12, -12, -12, 0, 0, 0, 0,
    0, 0, 0, 0, 0, 0, 0, 0,
    0, 0, 0, 0, 0, -52, 0, -34,
    -23, -6, -40, 0, 0, 0, 0, 0,
    0, 0, 0, 0, 0, 20, 0, 0,
    0, 0, 0, 0, 0, 0, 0, 0,
    0, 0, 0, 0, 0, 0, -35, 0,
    0, 0, 0, 0, 0, 0, -58, 0,
    0, 0, 0, 0, 0, 0, 0, -63,
    0, -26, -17, -34, -43, -32, -20, 0,
    -20, -20, -20, 0, -17, 0, 0, -14,
    0, 0, 0, 0, -17, 0, -21, 0,
    -12, 0, 0, 0, 0, 0, 0, 0,
    -6, 0, 0, 0, 0, 0, 0, 0,
    0, 0, 0, 0, 0, 0, 0, 0,
    -14, -58, 0, -40, -28, -5, -52, -12,
    0, 0, 0, 0, 0, 0, -2, 0,
    0, 0, -4, 0, 0, 0, 0, 0,
    0, 0, 0, 0, 0, 0, -6, 0,
    -6, 0, -3, 0, 0, 0, 0, 0,
    0, 0, -12, 0, 0, 0, 0, 0,
    0, 0, -3, -40, 0, -32, -20, -8,
    -48, -6, -17, 0, -14, -17, -14, 0,
    -12, 0, 0, -9, 0, 0, 0, 0,
    -17, 0, -14, 0, 0, 0, 0, 0,
    -6, 0, 0, 0, -9, 0, 0, 0,
    0, 0, 0, 0, 0, 0, 0, 0,
    0, 0, 0, 0, -3, -58, 0, -28,
    -20, -6, -43, -7, 0, 0, 0, 0,
    0, 0, 0, 0, 0, 0, 0, 0,
    0, 0, 0, 0, 0, 0, 0, 0,
    0, 0, 0, 0, 0, 0, -35, -1,
    0, 0, 0, 0, 0, 0, -43, 0,
    0, 0, -3, 0, 0, 0, -9, -58,
    0, -26, -14, -26, -37, -23, -12, 0,
    -12, -12, -12, 0, -12, 0, 0, 0,
    0, 0, 0, 0, -12, 0, -12, 0,
    0, 0, 0, 0, 0, 0, 0, 0,
    -29, 0, 0, 0, 0, 0, 0, 0,
    -35, 0, 0, 0, 0, 0, 0, 0,
    -6, -55, 0, -23, -14, -29, -40, -32,
    -12, 0, -12, -9, -12, 0, -9, 0,
    0, 0, 0, -3, 0, 0, -12, 0,
    -12, 0, -3, 0, 0, 0, 0, 0,
    0, 0, -6, 0, -3, 0, 0, 0,
    0, 0, -12, 0, 0, 0, -3, 0,
    0, 0, -6, -58, 0, -23, -17, 0,
    -29, -6, -9, 0, -9, -9, -9, 0,
    -9, 0, 0, 0, 0, 0, 0, 0,
    -9, 0, -9, 0, 0, 0, 0, 0,
    0, 0, 0, 0, -32, 0, 0, 0,
    -1, 0, 0, 0, -40, 0, 0, 0,
    0, 0, 0, 0, -5, -58, 0, -24,
    -17, -26, -40, -32, -12, 0, -9, -12,
    -12, 0, -9, 0, 0, 0, 0, -3,
    0, 0, -12, 0, -9, 0, -6, 0,
    0, 0, 0, 0, 0, 0, -6, 0,
    -3, 0, 0, 0, 0, 0, -13, 0,
    0, 0, -3, 0, 0, 0, -6, -58,
    0, -26, -17, -3, -29, 0, -12, 0,
    -12, -14, -12, 0, -12, 0, 0, 0,
    0, 0, 0, 0, -12, 0, -9, 0,
    0, 0, 0, 0, 0, 0, 0, 0
};


/*Collect the kern class' data in one place*/
static const lv_font_fmt_txt_kern_classes_t kern_classes =
{
    .class_pair_values   = kern_class_values,
    .left_class_mapping  = kern_left_class_mapping,
    .right_class_mapping = kern_right_class_mapping,
    .left_class_cnt      = 48,
    .right_class_cnt     = 50,
};

/*--------------------
 *  ALL CUSTOM DATA
 *--------------------*/

#if LVGL_VERSION_MAJOR == 8
/*Store all the custom data of the font*/
static  lv_font_fmt_txt_glyph_cache_t cache;
#endif

#if LVGL_VERSION_MAJOR >= 8
static const lv_font_fmt_txt_dsc_t font_dsc = {
#else
static lv_font_fmt_txt_dsc_t font_dsc = {
#endif
    .glyph_bitmap = glyph_bitmap,
    .glyph_dsc = glyph_dsc,
    .cmaps = cmaps,
    .kern_dsc = &kern_classes,
    .kern_scale = 16,
    .cmap_num = 3,
    .bpp = 4,
    .kern_classes = 1,
    .bitmap_format = 0,
#if LVGL_VERSION_MAJOR == 8
    .cache = &cache
#endif
};



/*-----------------
 *  PUBLIC FONT
 *----------------*/

/*Initialize a public general font descriptor*/
#if LVGL_VERSION_MAJOR >= 8
const lv_font_t lv_font_YouSheYuFeiTeJianKangTi_2_18 = {
#else
lv_font_t lv_font_YouSheYuFeiTeJianKangTi_2_18 = {
#endif
    .get_glyph_dsc = lv_font_get_glyph_dsc_fmt_txt,    /*Function pointer to get glyph's data*/
    .get_glyph_bitmap = lv_font_get_bitmap_fmt_txt,    /*Function pointer to get glyph's bitmap*/
    .line_height = 18,          /*The maximum line height required by the font*/
    .base_line = 2,             /*Baseline measured from the bottom of the line*/
#if !(LVGL_VERSION_MAJOR == 6 && LVGL_VERSION_MINOR == 0)
    .subpx = LV_FONT_SUBPX_NONE,
#endif
#if LV_VERSION_CHECK(7, 4, 0) || LVGL_VERSION_MAJOR >= 8
    .underline_position = -2,
    .underline_thickness = 1,
#endif
    .dsc = &font_dsc,          /*The custom font data. Will be accessed by `get_glyph_bitmap/dsc` */
#if LV_VERSION_CHECK(8, 2, 0) || LVGL_VERSION_MAJOR >= 9
    .fallback = NULL,
#endif
    .user_data = NULL,
};



#endif /*#if LV_FONT_YOUSHEYUFEITEJIANKANGTI_2_18*/

